infocode,px_date,open,close
6347,2026-08-04,193.42,195.16
36100,2026-08-04,119.39,121.74
39985,2026-08-04,141.01,145.74
39988,2026-08-04,480.9,492.81
40142,2026-08-04,134.32,136.87
42241,2026-08-04,393.67,392.12
45293,2026-08-04,276.06,277.42
46092,2026-08-04,922,876.54
46113,2026-08-04,25.04,25.41
46120,2026-08-04,85.79,86.56
46150,2026-08-04,189.15,191.45
46157,2026-08-04,236.76,237.16
46169,2026-08-04,128.46,128
46171,2026-08-04,151.62,153.96
46182,2026-08-04,26.57,28.82
46238,2026-08-04,374.52,377.28
46243,2026-08-04,200.65,204.65
46244,2026-08-04,224.76,235.15
46415,2026-08-04,48.82,50.81
46418,2026-08-04,97.85,97.73
46422,2026-08-04,144.04,148.01
46588,2026-08-04,109.005,111.55
46668,2026-08-04,270.33,268.34
46669,2026-08-04,97.87,98.18
46712,2026-08-04,95.24,100.86
49155,2026-08-04,130,131.42
49161,2026-08-04,44,54.75
49167,2026-08-04,15,15.39
49187,2026-08-04,232.93,244.53
49211,2026-08-04,2.145,2.16
49234,2026-08-04,305,308.73
49256,2026-08-04,150.04,149.2
49272,2026-08-04,4.16,4.17
49310,2026-08-04,155.29,156.08
49350,2026-08-04,25,25.83
49353,2026-08-04,85.665,87.02
49359,2026-08-04,37.94,38.7
49381,2026-08-04,45.56,45.84
49385,2026-08-04,9.74,9.16
49395,2026-08-04,4.65,4.84
49441,2026-08-04,7.52,7.54
49443,2026-08-04,106.2,109.61
49445,2026-08-04,13.15,13.14
49459,2026-08-04,207.51,209.93
49461,2026-08-04,22.54,22.46
49480,2026-08-04,20.565,20.33
49497,2026-08-04,220.85,208.2
49524,2026-08-04,23.555,24.71
49529,2026-08-04,368.02,423.6
49537,2026-08-04,452.14,445.23
49550,2026-08-04,146.93,152.78
49560,2026-08-04,225.34,242.47
49562,2026-08-04,4.26,4.38
49563,2026-08-04,56.71,58.07
49564,2026-08-04,14.98,15.23
49574,2026-08-04,48.08,49.71
49584,2026-08-04,228.82,236.6
49588,2026-08-04,68.39,68.65
49596,2026-08-04,197.93,194.78
49608,2026-08-04,11.62,11.23
49633,2026-08-04,12.81,13.4
49670,2026-08-04,219.96,227.67
49673,2026-08-04,8.38,8.8
49708,2026-08-04,12.1,12.18
49725,2026-08-04,66.07,66.38
49733,2026-08-04,96.03,97.71
49734,2026-08-04,168.03,168.26
49754,2026-08-04,167.31,170.33
49764,2026-08-04,51.91,52.84
49784,2026-08-04,27.89,28.36
49787,2026-08-04,330.1,368.83
49792,2026-08-04,179.5,181
49830,2026-08-04,15.5,15.22
49847,2026-08-04,142.11,147.8
49856,2026-08-04,41.86,42.53
49860,2026-08-04,268.27,273.84
49895,2026-08-04,198.02,200.15
49903,2026-08-04,66.51,66.08
49918,2026-08-04,17.98,17.58
49934,2026-08-04,324.05,326.25
49941,2026-08-04,60.47,60.15
49944,2026-08-04,25.335,25.5
49961,2026-08-04,76.81,74.48
49964,2026-08-04,109.19,111.57
49972,2026-08-04,90.75,93.58
49991,2026-08-04,20.01,20.04
50018,2026-08-04,51.04,52.06
50035,2026-08-04,125.81,127.73
50049,2026-08-04,753.76,760.66
50057,2026-08-04,299.42,300.79
50058,2026-08-04,14.83,15.23
50080,2026-08-04,45.81,45.27
50097,2026-08-04,1.13,1.12
50104,2026-08-04,31.35,31.29
50106,2026-08-04,185.81,190.46
50108,2026-08-04,18.28,18.39
50111,2026-08-04,14.52,14.88
50159,2026-08-04,125.1,129.89
50161,2026-08-04,675.63,684.76
50201,2026-08-04,1040,1046.99
50209,2026-08-04,25.61,25.48
50218,2026-08-04,21.81,21.87
50219,2026-08-04,410.63,412.25
50225,2026-08-04,121.11,121.67
50252,2026-08-04,180.53,181.62
50258,2026-08-04,6.87,6.83
50301,2026-08-04,131.33,132.03
50309,2026-08-04,107.125,109.11
50310,2026-08-04,29.06,28.24
50311,2026-08-04,230.14,228.04
50334,2026-08-04,136.64,139.7
50336,2026-08-04,89.91,90.82
50338,2026-08-04,41.32,42.32
50346,2026-08-04,26.82,27.15
50356,2026-08-04,207.27,210.75
50364,2026-08-04,71.82,73.8
50381,2026-08-04,70.15,71.52
50395,2026-08-04,552.07,553.58
50396,2026-08-04,40.49,40.41
50417,2026-08-04,129.08,133.59
50421,2026-08-04,583.61,607.2
50425,2026-08-04,166.89,166.06
50426,2026-08-04,42.58,42.7
50434,2026-08-04,115.5,115.98
50444,2026-08-04,46.38,46.69
50511,2026-08-04,35.72,35.67
50523,2026-08-04,170.75,174.61
50554,2026-08-04,2.33,2.37
50569,2026-08-04,57.18,57.12
50576,2026-08-04,15.57,15.72
50586,2026-08-04,55.06,56
50598,2026-08-04,98,98.1
50614,2026-08-04,9.44,9.51
50617,2026-08-04,95.18,92.86
50638,2026-08-04,179.17,181.45
50659,2026-08-04,102.65,104.14
50679,2026-08-04,748.46,760.36
50684,2026-08-04,82.95,85.325
50706,2026-08-04,61.35,60.73
50717,2026-08-04,2.42,2.43
50731,2026-08-04,31,30.95
50750,2026-08-04,2098.3,2117.86
50771,2026-08-04,31.95,32.07
50784,2026-08-04,57.53,58.89
50787,2026-08-04,294.65,299.2
50791,2026-08-04,87,89.59
50805,2026-08-04,35.4,35.53
50831,2026-08-04,82.46,82.79
50835,2026-08-04,7.58,7.73
50864,2026-08-04,137.87,136.18
50872,2026-08-04,329.55,325.74
50893,2026-08-04,104.96,106.13
50917,2026-08-04,40.3,40.73
50932,2026-08-04,36.5,37.13
50947,2026-08-04,11.4,11.89
50961,2026-08-04,26.76,26.28
50964,2026-08-04,51.4,51.59
50990,2026-08-04,289.34,296.35
50995,2026-08-04,4.79,4.53
51004,2026-08-04,20.2,20.44
51032,2026-08-04,149,153.62
51066,2026-08-04,77.31,75.86
51076,2026-08-04,7.71,7.65
51077,2026-08-04,160.64,170.43
51105,2026-08-04,130.315,130.6
51134,2026-08-04,1355.6,1275.05
51155,2026-08-04,311.99,323.17
51173,2026-08-04,195,200.25
51185,2026-08-04,41.21,42.23
51193,2026-08-04,13.12,13.55
51199,2026-08-04,84.7,84.31
51202,2026-08-04,20.57,19.61
51205,2026-08-04,104.33,104.72
51207,2026-08-04,111.79,112.58
51211,2026-08-04,345,346.71
51249,2026-08-04,63.62,68.44
51295,2026-08-04,104,105.1
51296,2026-08-04,80.9,86.22
51303,2026-08-04,258.54,263.79
51342,2026-08-04,37.75,38.38
51345,2026-08-04,139.78,140.6
51352,2026-08-04,38.93,39.54
51379,2026-08-04,206.97,204.17
51388,2026-08-04,353.36,358.09
51392,2026-08-04,67.05,69.69
51400,2026-08-04,77.05,76.32
51425,2026-08-04,17.66,17.7
51429,2026-08-04,49.095,49.24
51451,2026-08-04,53.54,53.66
51528,2026-08-04,43.72,43.74
51547,2026-08-04,4.16,4.14
51572,2026-08-04,16.68,17.03
51592,2026-08-04,37.17,36.64
51603,2026-08-04,360.9,374.33
51609,2026-08-04,270.39,277.64
51612,2026-08-04,105.99,107.2
51627,2026-08-04,49.73,49.67
51637,2026-08-04,1879.09,1887.65
51650,2026-08-04,93.28,93.62
51657,2026-08-04,824.94,819.88
51672,2026-08-04,157.58,185.79
51679,2026-08-04,4.38,4.46
51683,2026-08-04,172.26,174.78
51697,2026-08-04,29.87,30.15
51700,2026-08-04,132.11,133.4
51726,2026-08-04,34.01,34.07
51754,2026-08-04,125.57,126.74
51778,2026-08-04,21.52,21.62
51781,2026-08-04,23.42,24.49
51789,2026-08-04,257.26,262.56
51793,2026-08-04,139.84,144.31
51823,2026-08-04,136.97,136.06
51828,2026-08-04,40.15,40.51
51843,2026-08-04,346.82,348.76
51846,2026-08-04,43.66,44.05
51868,2026-08-04,28.08,28.13
51889,2026-08-04,245.55,248.88
51906,2026-08-04,120.43,120.82
51922,2026-08-04,14.69,15
51936,2026-08-04,25.84,26.09
51939,2026-08-04,184.55,189.19
51949,2026-08-04,9.31,9.28
51959,2026-08-04,277.49,283.63
51979,2026-08-04,34.01,34.06
51982,2026-08-04,12.47,12.56
52036,2026-08-04,109.035,112.8
52038,2026-08-04,6.11,6.15
52050,2026-08-04,410,418.34
52070,2026-08-04,114.5,111.39
52105,2026-08-04,129.84,132.51
52107,2026-08-04,14.12,14.4
52146,2026-08-04,254.41,254.93
52164,2026-08-04,39.71,38.55
52166,2026-08-04,23.41,24.02
52167,2026-08-04,54.82,55.41
52175,2026-08-04,33.54,34.39
52202,2026-08-04,14.89,15.3
52236,2026-08-04,71,72.76
52243,2026-08-04,244.19,240.22
52254,2026-08-04,43.39,43.36
52266,2026-08-04,99.28,100.58
52268,2026-08-04,46.98,48.6
52286,2026-08-04,38.63,40.22
52298,2026-08-04,18.45,18.23
52311,2026-08-04,20.52,19.94
52315,2026-08-04,63.01,63.78
52318,2026-08-04,11.32,11.63
52337,2026-08-04,104.18,105.05
52343,2026-08-04,33.61,33.66
52360,2026-08-04,15.16,15.19
52363,2026-08-04,76.85,75.23
52364,2026-08-04,65.29,64.15
52370,2026-08-04,63.9,64.35
52373,2026-08-04,290,288.2
52381,2026-08-04,25.99,26.02
52386,2026-08-04,388.61,403.56
52399,2026-08-04,105.81,106.93
52400,2026-08-04,37.2,37.07
52411,2026-08-04,29.41,30.13
52420,2026-08-04,126.14,132.1
52427,2026-08-04,15.075,14.57
52508,2026-08-04,97.275,95.55
52516,2026-08-04,88.33,89.47
52577,2026-08-04,38.085,38.21
52582,2026-08-04,57.28,55.75
52586,2026-08-04,110.79,112.45
52590,2026-08-04,128.04,128.35
52596,2026-08-04,235.61,241.74
52603,2026-08-04,32.72,33.25
52604,2026-08-04,77.76,79.32
52605,2026-08-04,70.25,62.98
52608,2026-08-04,351.82,356.89
52611,2026-08-04,242.84,248.06
52759,2026-08-04,303.25,309.67
52764,2026-08-04,27.03,27.01
52798,2026-08-04,15.88,16.29
52825,2026-08-04,29.65,30.48
52838,2026-08-04,67.78,68.07
52840,2026-08-04,21.9,22.71
52841,2026-08-04,437.98,442.85
52853,2026-08-04,213.67,217.04
52854,2026-08-04,188.62,193.23
52862,2026-08-04,1445,1437
52864,2026-08-04,72.67,74.53
52869,2026-08-04,14.55,14.45
52870,2026-08-04,74.58,75.21
52871,2026-08-04,866.82,892.67
52895,2026-08-04,133.61,135.32
52896,2026-08-04,81.98,83.59
52905,2026-08-04,854.13,889.04
52918,2026-08-04,36.37,37.23
52920,2026-08-04,75.39,74.56
52928,2026-08-04,5.9,5.84
52935,2026-08-04,137.85,136.1
52936,2026-08-04,47.2,47.17
52940,2026-08-04,547.77,551.55
52942,2026-08-04,19.25,19.99
52945,2026-08-04,324.33,334.84
52964,2026-08-04,39.5,39.64
52987,2026-08-04,30.42,31
53017,2026-08-04,47.82,48.96
53026,2026-08-04,21.85,22.5
53027,2026-08-04,209.35,214.89
53031,2026-08-04,2212.95,2251.82
53042,2026-08-04,29.06,29.09
53092,2026-08-04,62.11,66.79
53105,2026-08-04,14.51,13.82
53106,2026-08-04,84.09,85.43
53117,2026-08-04,28.17,28.27
53152,2026-08-04,10.62,10.9
53154,2026-08-04,71,72.05
53161,2026-08-04,101.36,101.52
53162,2026-08-04,57.97,58.63
53172,2026-08-04,82.16,86.22
53177,2026-08-04,156.71,156.85
53195,2026-08-04,171.98,171.96
53390,2026-08-04,3.16,3.18
53406,2026-08-04,47,47.12
53427,2026-08-04,35.64,35.6
53434,2026-08-04,9.12,9.19
53569,2026-08-04,30.78,30.72
53577,2026-08-04,156.975,162.67
53582,2026-08-04,42.14,42.33
53620,2026-08-04,7.505,8.54
53637,2026-08-04,45.75,47.53
53665,2026-08-04,52.63,53.8
53686,2026-08-04,228.3,226.48
53726,2026-08-04,98.87,102.75
53744,2026-08-04,471.29,478.705
53748,2026-08-04,212.05,214.23
53753,2026-08-04,16.005,16.39
53811,2026-08-04,70.9,71.81
53845,2026-08-04,30.44,30.96
53849,2026-08-04,8.82,9.02
53876,2026-08-04,90.71,91.5
53910,2026-08-04,77.25,78.61
53954,2026-08-04,99.82,99.87
53970,2026-08-04,19.66,19.46
53975,2026-08-04,13.22,13.56
54005,2026-08-04,12.16,12.49
54007,2026-08-04,39.35,38.24
54008,2026-08-04,308.83,317.74
54017,2026-08-04,131.52,138
54027,2026-08-04,5.7,6.1
54049,2026-08-04,24.45,24.73
54068,2026-08-04,28.09,28.2
54159,2026-08-04,304,307.36
54171,2026-08-04,38.89,39.8
54172,2026-08-04,13.1,13.3
54173,2026-08-04,234.33,234.12
54176,2026-08-04,27.28,26.9
54178,2026-08-04,49.73,51.03
54181,2026-08-04,6.63,6.71
54183,2026-08-04,66.21,67.26
54192,2026-08-04,105,104.42
54195,2026-08-04,49,50.3
54197,2026-08-04,47.45,48.12
54202,2026-08-04,142,138.72
54215,2026-08-04,26.37,26.4
54221,2026-08-04,231.95,233.72
54223,2026-08-04,18.53,18.14
54228,2026-08-04,64.31,66.2
54231,2026-08-04,199.81,200.74
54233,2026-08-04,59,61.22
54235,2026-08-04,26.51,26.98
54245,2026-08-04,363.99,367.63
54253,2026-08-04,13.34,13.3
54254,2026-08-04,204.54,204.57
54255,2026-08-04,28.78,31.63
54303,2026-08-04,24.58,24.61
54323,2026-08-04,94.46,96.63
54332,2026-08-04,266,268.49
54338,2026-08-04,30.57,30.75
54344,2026-08-04,41.3,42.29
54349,2026-08-04,41.6,43.46
54353,2026-08-04,34.41,35.73
54355,2026-08-04,73.49,84.19
54362,2026-08-04,139.2,140.12
54363,2026-08-04,7.7,7.67
54370,2026-08-04,78.41,79.94
54380,2026-08-04,157.13,157.55
54395,2026-08-04,151.67,153.24
54399,2026-08-04,405.35,395.52
54401,2026-08-04,39.19,39.61
54403,2026-08-04,16.81,16.71
54404,2026-08-04,31.69,32.04
54405,2026-08-04,370.32,377.15
54413,2026-08-04,8,8.67
54419,2026-08-04,7.31,7.49
54420,2026-08-04,45.26,47.02
54519,2026-08-04,88.22,92.82
54531,2026-08-04,51.54,52.22
54532,2026-08-04,45,44.91
54558,2026-08-04,83.68,86.93
54562,2026-08-04,115.6,118.66
54576,2026-08-04,129.78,135.96
54580,2026-08-04,85.28,86.79
54614,2026-08-04,49.855,51.17
54648,2026-08-04,188.57,193.63
54655,2026-08-04,41.77,42.31
54660,2026-08-04,81.61,81.94
54670,2026-08-04,27.19,26.78
54675,2026-08-04,28.42,28.61
54676,2026-08-04,161.92,162.97
54710,2026-08-04,98.11,97.6
54789,2026-08-04,38.2,38.63
54829,2026-08-04,57.36,59.81
54830,2026-08-04,48.13,48.49
54832,2026-08-04,90.97,91.89
54849,2026-08-04,31.7,33.12
54851,2026-08-04,225.44,239.53
54965,2026-08-04,40.45,40.485
54997,2026-08-04,31.2,31.58
55116,2026-08-04,66.77,67.3
55121,2026-08-04,6.98,7.28
55127,2026-08-04,2.03,2.24
55192,2026-08-04,269.56,274.48
55196,2026-08-04,40.33,40.32
55206,2026-08-04,152.42,156.63
55221,2026-08-04,47.51,48.28
55278,2026-08-04,93.1,93.85
55315,2026-08-04,10.56,11.11
55322,2026-08-04,31.65,31.78
55369,2026-08-04,29.045,29.4
55416,2026-08-04,2.21,2.3
55433,2026-08-04,327.27,320.76
55438,2026-08-04,162.35,162.35
55444,2026-08-04,24.27,24.44
55483,2026-08-04,12.83,13.1
55510,2026-08-04,5.51,5.58
55517,2026-08-04,1402.1,1335.03
55538,2026-08-04,14.95,15
55539,2026-08-04,210.01,218.59
55548,2026-08-04,56.89,57.63
55583,2026-08-04,11.14,11.29
55601,2026-08-04,33.12,33.74
55665,2026-08-04,41.53,43.055
55672,2026-08-04,26.12,25.73
55676,2026-08-04,40.42,40.79
55690,2026-08-04,230.31,231.57
55696,2026-08-04,12.65,12.76
55698,2026-08-04,364.46,367.66
55721,2026-08-04,12.7,12.8
55722,2026-08-04,111.25,110.5
55723,2026-08-04,9.11,9.6
55726,2026-08-04,52.22,51.97
55727,2026-08-04,47.15,48.44
55728,2026-08-04,87.84,88.25
55729,2026-08-04,26.11,26.51
55732,2026-08-04,34.28,34.49
55736,2026-08-04,44.64,46.07
55738,2026-08-04,279.69,285.3
55743,2026-08-04,25.02,24.98
55744,2026-08-04,177.3,179.04
55746,2026-08-04,82.78,83.23
55749,2026-08-04,165.95,170.8
55751,2026-08-04,10.34,10.43
55761,2026-08-04,35.02,35.98
55765,2026-08-04,143.72,144.57
55771,2026-08-04,80.58,80.89
55789,2026-08-04,19.43,19.52
55819,2026-08-04,233.58,243.63
55832,2026-08-04,15.75,15.76
55834,2026-08-04,41.5,41.87
55855,2026-08-04,24.73,24.88
55856,2026-08-04,44.39,44.7
55875,2026-08-04,32.25,31.89
55879,2026-08-04,51.09,51.19
55892,2026-08-04,50.53,50.95
55914,2026-08-04,20.78,20.8
55925,2026-08-04,23.44,23.15
55931,2026-08-04,6.26,6.32
55952,2026-08-04,30.01,30.53
55969,2026-08-04,296.83,303.93
55973,2026-08-04,13.6,14.18
56111,2026-08-04,21.58,21.57
56122,2026-08-04,46.69,48.06
56131,2026-08-04,252.91,251.06
56141,2026-08-04,89.16,90.85
56198,2026-08-04,3.67,3.71
56213,2026-08-04,103.22,103.26
56446,2026-08-04,9.75,9.67
56460,2026-08-04,394.89,403.86
56465,2026-08-04,492.73,507.56
56484,2026-08-04,2.14,2.17
56571,2026-08-04,99.5,101.45
56574,2026-08-04,37.56,38.17
56577,2026-08-04,49.93,50.05
56580,2026-08-04,114.5,117.8
56581,2026-08-04,35.13,35.18
56592,2026-08-04,120.9,123.54
56593,2026-08-04,2.96,2.985
56603,2026-08-04,17.32,17.43
56625,2026-08-04,111.68,111.06
56626,2026-08-04,216.93,220.04
56638,2026-08-04,79.55,79.43
56643,2026-08-04,5.65,5.93
56647,2026-08-04,233.21,236.19
56660,2026-08-04,60.39,61.82
56662,2026-08-04,212.26,223.14
56679,2026-08-04,273.49,276.79
56709,2026-08-04,107.4,109.03
56737,2026-08-04,196.71,203.44
56747,2026-08-04,191.71,211.38
56754,2026-08-04,182.82,182.41
56766,2026-08-04,96.02,98.13
56768,2026-08-04,7.49,7.66
56796,2026-08-04,45,45.12
56803,2026-08-04,130.98,126.89
56806,2026-08-04,15.89,16.01
56816,2026-08-04,189.85,196.25
56842,2026-08-04,19.67,19.81
56945,2026-08-04,137,144.56
56976,2026-08-04,1012.78,1051.53
56992,2026-08-04,209.92,209.7
56999,2026-08-04,21.48,22
57004,2026-08-04,78.94,77.45
57047,2026-08-04,51.84,52.66
57048,2026-08-04,33.75,34.28
57050,2026-08-04,83.67,86.35
57051,2026-08-04,115.05,117.98
57058,2026-08-04,3.14,3.17
57061,2026-08-04,168,170.12
57064,2026-08-04,27.725,28.47
57075,2026-08-04,83.9,85.41
57084,2026-08-04,157.29,156.82
57085,2026-08-04,14.26,14.23
57093,2026-08-04,1138.5,1131.13
57094,2026-08-04,61.86,63.75
57098,2026-08-04,59.79,59.11
57102,2026-08-04,137.36,140.26
57109,2026-08-04,80.33,80.86
57112,2026-08-04,80.05,79.2
57124,2026-08-04,70.53,71.17
57133,2026-08-04,48.11,49.09
57140,2026-08-04,6.91,6.44
57142,2026-08-04,222.72,227.1
57143,2026-08-04,61.58,63.04
57151,2026-08-04,234.31,233.55
57152,2026-08-04,512.38,524.19
57192,2026-08-04,209.43,208.24
57199,2026-08-04,14.605,15.34
57202,2026-08-04,18.34,19.46
57204,2026-08-04,132.17,132.62
57211,2026-08-04,48.83,49.37
57220,2026-08-04,96.1,84.54
57231,2026-08-04,91.68,92.72
57251,2026-08-04,88.5,89.6
57255,2026-08-04,215.29,215.99
57261,2026-08-04,28.99,29.21
57263,2026-08-04,21.68,21.95
57267,2026-08-04,156.18,157.28
57269,2026-08-04,26.01,26.21
57271,2026-08-04,264.57,274.49
57272,2026-08-04,48.39,48.28
57281,2026-08-04,1809.92,1775.86
57283,2026-08-04,7.16,7.33
57284,2026-08-04,77.75,79.55
57285,2026-08-04,29.76,31.27
57291,2026-08-04,50.82,51.51
57302,2026-08-04,86.13,87.2
57317,2026-08-04,123.21,122.82
57324,2026-08-04,17.81,18.14
57399,2026-08-04,56.54,58.05
57400,2026-08-04,36.95,37.83
57410,2026-08-04,131.23,132.42
57421,2026-08-04,35.36,36.06
57422,2026-08-04,58.47,57.51
57427,2026-08-04,50.47,51.99
57456,2026-08-04,7.82,8.15
57465,2026-08-04,440.64,446.74
57468,2026-08-04,1117.38,1115.68
57475,2026-08-04,113.75,117.73
57538,2026-08-04,20.77,21.59
57571,2026-08-04,40.08,40.72
57582,2026-08-04,33.62,33.65
57599,2026-08-04,52.05,50.4
57615,2026-08-04,3.92,4.15
57653,2026-08-04,109.53,110.3
57699,2026-08-04,452.56,466.46
57723,2026-08-04,43.67,43.15
57734,2026-08-04,62.98,63.63
57774,2026-08-04,60.34,60.42
57779,2026-08-04,39.68,39.92
57827,2026-08-04,37.758,38.31
57832,2026-08-04,50.725,51.87
58106,2026-08-04,13.8,14.37
58133,2026-08-04,93.99,94.07
58145,2026-08-04,19.01,18.48
58181,2026-08-04,3.01,3
58202,2026-08-04,293.4,289.56
58209,2026-08-04,101.71,106.29
58210,2026-08-04,56.86,56.58
58272,2026-08-04,9.31,9.51
58314,2026-08-04,282.98,287.6
58334,2026-08-04,52.87,53.78
58400,2026-08-04,30.77,30.99
58433,2026-08-04,52.85,53.23
58450,2026-08-04,15.79,16.39
58466,2026-08-04,28.06,29.54
58512,2026-08-04,53.745,56.13
58524,2026-08-04,22.92,23.1
58527,2026-08-04,551.52,566.56
58528,2026-08-04,25.59,25.81
58595,2026-08-04,9.96,10.35
58596,2026-08-04,17.48,18.1
58612,2026-08-04,24.64,25.13
58675,2026-08-04,124.28,125.3
58680,2026-08-04,8.69,9.01
58748,2026-08-04,120,120.38
58862,2026-08-04,568.47,587.85
58879,2026-08-04,35.41,35.72
58885,2026-08-04,90.41,89.5
58893,2026-08-04,22.15,22.17
58901,2026-08-04,37.115,36.96
58923,2026-08-04,59.61,59.93
58935,2026-08-04,52.36,52.69
58976,2026-08-04,340.81,340.62
59019,2026-08-04,73.6,74.64
59026,2026-08-04,200.96,208.45
59030,2026-08-04,23.42,23.69
59041,2026-08-04,67.81,67.38
59060,2026-08-04,73,75.37
59063,2026-08-04,42.63,45.5
59088,2026-08-04,59.89,60.72
59320,2026-08-04,34.49,34.63
59398,2026-08-04,131.15,135.25
59426,2026-08-04,49.33,49.43
59433,2026-08-04,72.32,72.32
59436,2026-08-04,83.01,83.84
59441,2026-08-04,319.93,335.07
59442,2026-08-04,38.42,39.56
59444,2026-08-04,6.61,7.31
59445,2026-08-04,193.56,184.51
59446,2026-08-04,19.5,19.35
59463,2026-08-04,198,203.29
59470,2026-08-04,88.6,90.97
59490,2026-08-04,7.93,7.95
59492,2026-08-04,3.31,3.56
59510,2026-08-04,148.5,147.68
59530,2026-08-04,32.67,32.82
59550,2026-08-04,7.46,7.57
59559,2026-08-04,82.17,83.71
59565,2026-08-04,47.65,48.86
59568,2026-08-04,346.3,354.17
59581,2026-08-04,101.1,101.54
59586,2026-08-04,57.62,57.6
59600,2026-08-04,35.62,35.66
59612,2026-08-04,143.65,144.69
59616,2026-08-04,17.27,17.45
59621,2026-08-04,194.64,193.7
59629,2026-08-04,8.07,8.41
59642,2026-08-04,372.39,380.29
59654,2026-08-04,4.35,4.35
59665,2026-08-04,34.27,34.49
59676,2026-08-04,45.89,45.96
59693,2026-08-04,13.92,13.99
59734,2026-08-04,280.67,281.31
59748,2026-08-04,71.48,72.24
59759,2026-08-04,28.88,29.41
59792,2026-08-04,3.74,3.9
59804,2026-08-04,815.985,830.43
59812,2026-08-04,20.28,20.53
59819,2026-08-04,264.41,270.62
59820,2026-08-04,66.19,67.3
59880,2026-08-04,198.29,193.37
59888,2026-08-04,63.01,62.9
59896,2026-08-04,176.54,187.9
59919,2026-08-04,22.835,22.75
59966,2026-08-04,38.58,39.13
59973,2026-08-04,42.27,41.58
59998,2026-08-04,84.72,82.79
60007,2026-08-04,105.26,106.35
60028,2026-08-04,29.91,30.78
60043,2026-08-04,145.49,145.73
60046,2026-08-04,68.57,69.86
60057,2026-08-04,228,213.44
60063,2026-08-04,42.89,42.89
60078,2026-08-04,16.91,17.27
60079,2026-08-04,697.42,693
60107,2026-08-04,84.39,80.78
60129,2026-08-04,39.73,38.83
60130,2026-08-04,62.89,70.34
60138,2026-08-04,264,265.1
60144,2026-08-04,26.46,28.28
60148,2026-08-04,382.72,383.42
60151,2026-08-04,89.9,90.85
60163,2026-08-04,206.206,206.03
60185,2026-08-04,219.33,221.91
60186,2026-08-04,60.63,61.22
60190,2026-08-04,61.34,62.08
60197,2026-08-04,59.29,60.03
60219,2026-08-04,106.13,106.6
60227,2026-08-04,61.32,63.33
60234,2026-08-04,94.92,99.09
60275,2026-08-04,14.2,14.36
60279,2026-08-04,212.99,215.6
60294,2026-08-04,78.42,79.33
60301,2026-08-04,36.01,36.48
60328,2026-08-04,493.3,503.5
60335,2026-08-04,251.07,255.48
60340,2026-08-04,33.67,34.77
60348,2026-08-04,3.2,3.23
60364,2026-08-04,43.01,44.44
60412,2026-08-04,234.98,237.89
60413,2026-08-04,224.6,222.85
60415,2026-08-04,82.24,82.36
60426,2026-08-04,8.55,8.86
60434,2026-08-04,19.21,19.38
60456,2026-08-04,15.88,16.21
60472,2026-08-04,14.28,14.38
60479,2026-08-04,80.25,80.51
60489,2026-08-04,306.79,312.34
60520,2026-08-04,8.55,8.88
60528,2026-08-04,42.81,43.42
60529,2026-08-04,340.23,348.24
60530,2026-08-04,21.36,21.93
60542,2026-08-04,72.06,73.9
60560,2026-08-04,9.79,9.81
60571,2026-08-04,160.355,169.02
60600,2026-08-04,64.06,64.03
60602,2026-08-04,109.68,111.03
60623,2026-08-04,57,56.28
60628,2026-08-04,190.02,193.89
60634,2026-08-04,8.76,8.6
60677,2026-08-04,33.76,33.57
60702,2026-08-04,880.885,845.35
60710,2026-08-04,172.1,173.27
60718,2026-08-04,74.79,76.54
60723,2026-08-04,309.74,310.61
60724,2026-08-04,336.04,335.96
60727,2026-08-04,945,947.85
60728,2026-08-04,100.09,99.52
60731,2026-08-04,207.78,207.66
60734,2026-08-04,368.22,377.65
60755,2026-08-04,33.17,32.98
60772,2026-08-04,52.49,52.49
60801,2026-08-04,125.79,125.15
60810,2026-08-04,108.16,109.25
60819,2026-08-04,15.08,15.13
60833,2026-08-04,3.6,3.65
60835,2026-08-04,173.63,175.79
60836,2026-08-04,1126.99,1150.13
60839,2026-08-04,59.39,59.77
60876,2026-08-04,183.09,190.99
60906,2026-08-04,170.47,171.33
60918,2026-08-04,72.2,71.93
60940,2026-08-04,45.87,45.59
60943,2026-08-04,335.49,341.27
60972,2026-08-04,32.1,33.45
60979,2026-08-04,72.86,75.58
60997,2026-08-04,76.62,76.14
61039,2026-08-04,7.45,7.58
61049,2026-08-04,75.92,76.27
61052,2026-08-04,89.17,92.53
61066,2026-08-04,41.16,42.21
61068,2026-08-04,62.71,64.57
61080,2026-08-04,10.82,10.92
61096,2026-08-04,14.05,14.65
61103,2026-08-04,32.34,32.61
61114,2026-08-04,36.36,34.85
61120,2026-08-04,124.54,128.55
61121,2026-08-04,56.41,57.05
61137,2026-08-04,29.46,29.82
61162,2026-08-04,9.75,9.81
61197,2026-08-04,211.75,218.08
61199,2026-08-04,760.49,757.31
61214,2026-08-04,119.08,120.6
61220,2026-08-04,5.48,5.56
61229,2026-08-04,53.66,52.25
61263,2026-08-04,28.05,27.51
61264,2026-08-04,123.05,125.51
61268,2026-08-04,48.53,48.71
61343,2026-08-04,50.09,50.71
61347,2026-08-04,29.72,29.35
61349,2026-08-04,49.04,50.32
61387,2026-08-04,122.67,124.58
61410,2026-08-04,78.33,78.22
61416,2026-08-04,93.52,94.18
61434,2026-08-04,43.81,44.32
61437,2026-08-04,56.84,57.2
61447,2026-08-04,13.8673,13.18
61457,2026-08-04,276.27,274.05
61464,2026-08-04,107.41,108.41
61474,2026-08-04,4.62,4.61
61475,2026-08-04,48.48,50.43
61489,2026-08-04,35,35.38
61498,2026-08-04,31.24,31.41
61500,2026-08-04,47.54,47.75
61515,2026-08-04,87.34,85.71
61516,2026-08-04,28.57,30.72
61527,2026-08-04,71.7,73.76
61535,2026-08-04,557.34,570.13
61551,2026-08-04,25.18,25.28
61558,2026-08-04,9.73,9.74
61559,2026-08-04,43.68,44.3
61571,2026-08-04,73.91,74.69
61593,2026-08-04,100.02,100.08
61597,2026-08-04,37.69,39.05
61606,2026-08-04,34.78,35.74
61621,2026-08-04,3.57,3.55
61624,2026-08-04,54.3,55.09
61627,2026-08-04,14.49,14.24
61628,2026-08-04,98,98.22
61629,2026-08-04,580.24,565.96
61660,2026-08-04,5.09,4.68
61680,2026-08-04,8.86,8.93
61873,2026-08-04,86.88,88.29
61886,2026-08-04,128.24,130.71
61954,2026-08-04,34.15,34.52
61969,2026-08-04,29.73,28.9
61979,2026-08-04,53.3,55.78
61980,2026-08-04,56.87,57.77
61993,2026-08-04,123.715,126.71
62005,2026-08-04,4.17,4.13
62083,2026-08-04,20.72,21.42
62098,2026-08-04,46.67,47.73
62131,2026-08-04,44.5,46.43
62190,2026-08-04,103.06,104.97
62215,2026-08-04,15.34,15.54
62260,2026-08-04,13.43,13.61
62274,2026-08-04,265.62,274.04
62281,2026-08-04,6190,6267.35
62285,2026-08-04,6.43,6.13
62293,2026-08-04,75.58,75.61
62296,2026-08-04,144.71,145.53
62297,2026-08-04,38.15,38.11
62300,2026-08-04,37.17,37.81
62303,2026-08-04,47.14,47.38
62305,2026-08-04,49.01,48.74
62308,2026-08-04,87.67,87.65
62309,2026-08-04,24.27,24.6
62314,2026-08-04,114.5,116.91
62321,2026-08-04,50.95,52
62340,2026-08-04,137.77,139.1
62344,2026-08-04,114.31,115.25
62366,2026-08-04,317.55,321.75
62369,2026-08-04,45.51,45.86
62372,2026-08-04,391.98,392.76
62376,2026-08-04,112.65,115.09
62379,2026-08-04,411.39,414.91
62385,2026-08-04,4.59,4.69
62393,2026-08-04,86.56,88.27
62394,2026-08-04,124.96,130.6
62408,2026-08-04,4439.39,4392.35
62411,2026-08-04,84.34,84.05
62416,2026-08-04,16.26,16.41
62417,2026-08-04,12.19,12.14
62419,2026-08-04,13.42,13.95
62432,2026-08-04,116.41,119.17
62433,2026-08-04,60.61,62.2
62436,2026-08-04,40.97,40.72
62439,2026-08-04,30.85,31.05
62440,2026-08-04,8.7,8.8
62441,2026-08-04,388.86,393.04
62443,2026-08-04,92.09,93.25
62445,2026-08-04,56.77,58.62
62448,2026-08-04,227.6,225.9
62452,2026-08-04,214.92,215.97
62455,2026-08-04,2.81,2.85
62465,2026-08-04,185.47,185.23
62470,2026-08-04,9.01,9.2
62472,2026-08-04,127.68,127.16
62473,2026-08-04,23.35,23.38
62506,2026-08-04,27.848,26.58
62548,2026-08-04,530,541.62
62551,2026-08-04,19.825,20.1
62556,2026-08-04,1.33,1.42
62563,2026-08-04,20.3,20.66
62583,2026-08-04,50.96,50.47
62584,2026-08-04,28.64,28.72
62593,2026-08-04,10.14,10.29
62603,2026-08-04,27.54,28.74
62611,2026-08-04,19.78,21.38
62633,2026-08-04,21.59,22.29
62634,2026-08-04,146.76,149.78
62661,2026-08-04,81.41,82.02
62667,2026-08-04,3.03,3.18
62694,2026-08-04,63.4,64.12
62723,2026-08-04,10.14,12.32
62731,2026-08-04,17.29,17.56
62734,2026-08-04,77.73,78.52
62739,2026-08-04,43.7,43.5
62740,2026-08-04,41.69,41.75
62747,2026-08-04,17.48,17.79
62798,2026-08-04,34.2,34.22
62800,2026-08-04,40.7,41.3
62814,2026-08-04,212.93,219.32
62883,2026-08-04,38.37,38.8
62888,2026-08-04,25.72,25.79
62914,2026-08-04,10.54,10.78
62930,2026-08-04,74.97,74.89
62968,2026-08-04,10.04,10.09
63068,2026-08-04,113.27,114.92
63119,2026-08-04,127.25,129.16
63136,2026-08-04,149.27,151.05
63141,2026-08-04,8.23,8.38
63142,2026-08-04,81.18,81.96
63143,2026-08-04,66.99,66.75
63144,2026-08-04,55.06,55.08
63145,2026-08-04,119.68,121.66
63147,2026-08-04,16.07,16.21
63155,2026-08-04,117,118.11
63164,2026-08-04,99.75,103
63169,2026-08-04,4.71,4.64
63172,2026-08-04,29.6,29.03
63180,2026-08-04,262.17,262.63
63181,2026-08-04,37.46,33.82
63191,2026-08-04,23.65,24.55
63194,2026-08-04,52.59,52.96
63196,2026-08-04,64.3,64.07
63200,2026-08-04,84.5,84.09
63203,2026-08-04,117.64,117.94
63204,2026-08-04,148.98,146.65
63207,2026-08-04,132.95,133.09
63216,2026-08-04,11.109,11.38
63586,2026-08-04,27.25,27.08
63587,2026-08-04,1.93,2.07
63613,2026-08-04,124.78,125.05
63617,2026-08-04,39.49,39.5
63619,2026-08-04,384.09,385.76
63647,2026-08-04,13.7,13.69
63649,2026-08-04,155,159.89
63650,2026-08-04,19.015,19.21
63655,2026-08-04,181.7,181.79
63661,2026-08-04,127.69,132.55
63663,2026-08-04,20.3,20.62
63666,2026-08-04,84.22,85.48
63675,2026-08-04,7.025,7.19
63678,2026-08-04,124.61,122.11
63685,2026-08-04,31.49,32.36
63688,2026-08-04,90.58,91.51
63696,2026-08-04,106.64,105.09
63704,2026-08-04,7.93,8.19
63707,2026-08-04,220.33,219
63722,2026-08-04,544.65,546.62
63732,2026-08-04,54.93,56.02
63743,2026-08-04,53.315,55.87
63779,2026-08-04,147.04,148.33
63800,2026-08-04,77.87,78.88
63802,2026-08-04,10.27,10.5
63826,2026-08-04,112.96,115.64
63832,2026-08-04,22.54,22.78
63915,2026-08-04,199.264,203.01
63919,2026-08-04,51.15,51.26
63931,2026-08-04,90.91,91.74
63956,2026-08-04,140.73,141.72
63961,2026-08-04,123.51,124.27
63962,2026-08-04,228,227.99
63963,2026-08-04,103.53,107.05
63964,2026-08-04,12.72,12.76
63965,2026-08-04,421.17,415.08
63968,2026-08-04,222.12,218.25
63971,2026-08-04,278,283.14
63982,2026-08-04,172.79,177.12
63985,2026-08-04,5.13,5.15
63988,2026-08-04,84.34,86.97
63990,2026-08-04,65,64.91
63991,2026-08-04,19.09,19.57
63995,2026-08-04,156,158.84
64003,2026-08-04,27.24,28.53
64010,2026-08-04,67.21,67.69
64012,2026-08-04,52.67,52.77
64022,2026-08-04,60.5,61.14
64024,2026-08-04,451.29,444.77
64032,2026-08-04,7.33,7.47
64048,2026-08-04,38.75,39.1
64058,2026-08-04,461.72,472.24
64065,2026-08-04,284.92,295.06
64074,2026-08-04,139.38,142.68
64084,2026-08-04,355,357.52
64099,2026-08-04,329.72,334.92
64100,2026-08-04,154.35,154.5
64105,2026-08-04,6.67,6.84
64106,2026-08-04,218.82,219.05
64111,2026-08-04,38.12,38.55
64118,2026-08-04,35.91,36.23
64119,2026-08-04,167.14,167.87
64122,2026-08-04,89.87,91.39
64127,2026-08-04,63.53,64.23
64128,2026-08-04,35,35.44
64130,2026-08-04,190,189.24
64132,2026-08-04,52.71,53.61
64133,2026-08-04,217.38,217.93
64135,2026-08-04,52.01,52.76
64144,2026-08-04,13.64,13.7
64150,2026-08-04,39.88,40.91
64158,2026-08-04,37.75,38.85
64162,2026-08-04,47,46.88
64166,2026-08-04,555.005,548.56
64169,2026-08-04,87.56,88.39
64173,2026-08-04,31.02,31.88
64174,2026-08-04,19.44,19.26
64176,2026-08-04,40.785,44.62
64185,2026-08-04,224.89,225.25
64195,2026-08-04,55.96,55.71
64197,2026-08-04,47.9,48.7
64200,2026-08-04,46.68,46.02
64203,2026-08-04,181.82,183.7
64205,2026-08-04,41.27,41.73
64206,2026-08-04,132.28,133.21
64208,2026-08-04,25.61,25.62
64214,2026-08-04,479.69,483.67
64222,2026-08-04,85.49,86.2
64223,2026-08-04,20.03,20.08
64237,2026-08-04,44.67,45.72
64239,2026-08-04,46.16,48.735
64242,2026-08-04,411.93,412.53
64253,2026-08-04,67.26,68.35
64254,2026-08-04,18,17.71
64262,2026-08-04,51.61,52.55
64265,2026-08-04,139.85,139.05
64269,2026-08-04,170.5,175.25
64271,2026-08-04,108.745,110.2
64276,2026-08-04,5.45,5.41
64280,2026-08-04,60.75,63.37
64286,2026-08-04,39.8,40
64305,2026-08-04,179,183.22
64306,2026-08-04,84.54,85.4
64308,2026-08-04,5.76,5.99
64309,2026-08-04,338.66,348.58
64322,2026-08-04,37.86,37.86
64327,2026-08-04,248.67,257.49
64397,2026-08-04,586.96,600.15
64421,2026-08-04,85.46,85.75
64453,2026-08-04,53.34,53.41
64462,2026-08-04,208.14,210.1
64469,2026-08-04,4.21,4.24
64488,2026-08-04,15.2,15.32
64490,2026-08-04,44.52,44.85
64542,2026-08-04,14.71,14.68
64546,2026-08-04,40.66,41.85
64561,2026-08-04,41.97,43.51
64562,2026-08-04,64.45,65.43
64615,2026-08-04,96.08,95.54
64644,2026-08-04,9.15,9.09
64660,2026-08-04,85.53,86.7
64675,2026-08-04,34.35,34.32
64705,2026-08-04,8.76,8.74
64738,2026-08-04,35.49,35.65
64758,2026-08-04,8.71,8.87
64762,2026-08-04,31.38,32.94
64766,2026-08-04,415.555,407.55
64779,2026-08-04,37.33,37.67
64810,2026-08-04,24.44,24.12
64814,2026-08-04,1.32,1.31
64823,2026-08-04,2.785,2.74
64826,2026-08-04,337.27,341.39
64834,2026-08-04,12.65,12.79
64839,2026-08-04,25.55,26.42
64877,2026-08-04,30.87,31.75
64894,2026-08-04,45.79,46.34
64895,2026-08-04,419.08,411.13
64907,2026-08-04,6.41,6.26
64934,2026-08-04,4.21,4.29
64962,2026-08-04,6.18,6.32
64972,2026-08-04,97.16,100.55
65012,2026-08-04,53.89,55.81
65033,2026-08-04,56.86,57.39
65037,2026-08-04,38.84,39.21
65038,2026-08-04,18.56,19.05
65039,2026-08-04,128.87,132.37
65042,2026-08-04,86.34,89.22
65043,2026-08-04,325,326.49
65044,2026-08-04,286.66,285.1
65046,2026-08-04,578.9,635.96
65048,2026-08-04,44.52,44.53
65049,2026-08-04,610.66,617.37
65050,2026-08-04,249.62,248.79
65051,2026-08-04,578.76,564.75
65053,2026-08-04,67.19,68.48
65056,2026-08-04,59.55,58.74
65057,2026-08-04,64.12,64.84
65062,2026-08-04,11.59,12.31
65067,2026-08-04,10.78,11.02
65068,2026-08-04,98.02,104.67
65071,2026-08-04,89.46,89.05
65073,2026-08-04,374.62,362.16
65076,2026-08-04,13.95,14.25
65077,2026-08-04,19.46,20.87
65079,2026-08-04,99,102.4
65087,2026-08-04,35.91,35.8
65088,2026-08-04,69.57,71.51
65089,2026-08-04,353.37,356.65
65091,2026-08-04,38.1,38.17
65093,2026-08-04,37.34,40.99
65095,2026-08-04,532.15,539.72
65100,2026-08-04,14.5,14.42
65103,2026-08-04,87.97,89.34
65106,2026-08-04,14.13,14.17
65116,2026-08-04,53.12,53.7
65123,2026-08-04,18.1,18.67
65127,2026-08-04,32.77,35.27
65128,2026-08-04,68.46,69.22
65129,2026-08-04,56.94,59.12
65130,2026-08-04,290.37,290.35
65141,2026-08-04,249.2,253.06
65152,2026-08-04,31.43,31.75
65159,2026-08-04,3.48,2.94
65165,2026-08-04,6.5,6.82
65170,2026-08-04,41.35,41.53
65171,2026-08-04,181,183.9
65192,2026-08-04,62.18,62.71
65197,2026-08-04,87.14,86.94
65222,2026-08-04,4.98,5.29
65243,2026-08-04,3.01,3.07
65270,2026-08-04,60.43,60.55
65300,2026-08-04,300.08,312.06
65305,2026-08-04,29.79,29.78
65333,2026-08-04,42.34,41.56
65359,2026-08-04,43,43.39
65381,2026-08-04,21.41,21.6
65405,2026-08-04,3.03,3.17
65418,2026-08-04,202.16,207.46
65441,2026-08-04,34.02,34.14
65505,2026-08-04,7.94,7.93
65543,2026-08-04,16.28,16.4
65596,2026-08-04,81.68,82.37
65597,2026-08-04,64.37,65.55
65613,2026-08-04,172.6,172.65
65726,2026-08-04,118.78,123.35
65765,2026-08-04,29.3,29.81
65771,2026-08-04,6.21,6.24
65802,2026-08-04,46.52,46.84
65849,2026-08-04,25.66,27.15
65874,2026-08-04,2.33,2.49
65896,2026-08-04,5.14,5.22
65923,2026-08-04,148.38,149.86
65943,2026-08-04,20.635,20.86
65958,2026-08-04,67.25,67.4
66050,2026-08-04,43.86,45.24
66054,2026-08-04,11.09,11.21
66063,2026-08-04,54.07,50.3
66080,2026-08-04,187.15,189.25
66086,2026-08-04,192.11,196.48
66088,2026-08-04,284.28,287.21
66114,2026-08-04,35.81,36.23
66130,2026-08-04,36.35,37.39
66151,2026-08-04,333.48,339.63
66158,2026-08-04,40.2,44.26
66265,2026-08-04,6.435,6.41
66281,2026-08-04,35.82,36.14
66353,2026-08-04,99.92,109.15
66443,2026-08-04,153.85,155.97
66473,2026-08-04,9.68,10.11
66550,2026-08-04,16.98,17.72
66617,2026-08-04,10.71,10.58
66623,2026-08-04,43.55,43.52
66658,2026-08-04,52.79,54.8
66664,2026-08-04,30.31,30.95
66667,2026-08-04,31.15,31.77
66670,2026-08-04,39.69,41.65
66678,2026-08-04,25.4,25.01
66700,2026-08-04,15.97,15.99
66704,2026-08-04,84.03,84.1
66714,2026-08-04,103.24,104.63
66726,2026-08-04,32.26,32.92
66761,2026-08-04,178.26,180.85
66771,2026-08-04,64.8,65.27
66804,2026-08-04,14.88,14.97
66806,2026-08-04,23.97,23.55
66817,2026-08-04,66.2,64.8
66821,2026-08-04,211.3,211.94
66837,2026-08-04,151.65,159.49
66846,2026-08-04,1050,1052.98
66915,2026-08-04,19.8,20.41
66980,2026-08-04,375.19,370.99
66982,2026-08-04,81.28,81.46
66988,2026-08-04,38.74,39.36
66993,2026-08-04,33.53,33.61
67006,2026-08-04,2.18,2.18
67009,2026-08-04,131.23,128.2
67024,2026-08-04,288.27,285.88
67055,2026-08-04,93.05,97.05
67058,2026-08-04,5.13,5.33
67060,2026-08-04,15.28,15.08
67070,2026-08-04,73.06,76.9
67091,2026-08-04,51.9,48.87
67102,2026-08-04,382.51,377.92
67118,2026-08-04,365.83,367.86
67129,2026-08-04,43.99,44.62
67131,2026-08-04,96.81,109.89
67140,2026-08-04,107.96,108.86
67141,2026-08-04,54.22,54.68
67144,2026-08-04,190.15,190.4
67147,2026-08-04,1004.21,992.65
67148,2026-08-04,2.9,2.99
67152,2026-08-04,77.38,77.44
67153,2026-08-04,101.79,104.8
67155,2026-08-04,169.45,173.26
67157,2026-08-04,72.29,71.39
67164,2026-08-04,31,30.91
67166,2026-08-04,45.17,47
67167,2026-08-04,37.52,38.79
67171,2026-08-04,128.94,131.68
67176,2026-08-04,14.81,14.86
67186,2026-08-04,57.41,58.9
67191,2026-08-04,87.12,89.12
67193,2026-08-04,256,254.05
67194,2026-08-04,70.91,72.63
67195,2026-08-04,1201.69,1210.26
67206,2026-08-04,62.47,62.9
67214,2026-08-04,22.23,22.57
67215,2026-08-04,78.9,81.81
67223,2026-08-04,93.42,94.56
67228,2026-08-04,36.82,37.21
67235,2026-08-04,380.755,390.02
67241,2026-08-04,203.26,203.65
67254,2026-08-04,175.54,179.42
67268,2026-08-04,181.01,186.48
67306,2026-08-04,26.17,25.79
67351,2026-08-04,23.18,23.48
67363,2026-08-04,20.94,20.96
67370,2026-08-04,104.89,105.83
67396,2026-08-04,124.89,127.43
67411,2026-08-04,12.17,12.2
67415,2026-08-04,19.9,20.1
67432,2026-08-04,5.24,5.33
67443,2026-08-04,39.01,39.64
67445,2026-08-04,9.3,9.31
67455,2026-08-04,43.78,44.27
67470,2026-08-04,77.5,80.67
67477,2026-08-04,329.31,340
67487,2026-08-04,2.94,3.15
67489,2026-08-04,24.2,23.6
67501,2026-08-04,67.65,70.21
67527,2026-08-04,305,334.84
67534,2026-08-04,319.64,319.73
67551,2026-08-04,60.62,61.93
67563,2026-08-04,60.44,61.73
67574,2026-08-04,137.76,141.68
67597,2026-08-04,14.78,15.1
67624,2026-08-04,18.95,18.88
67640,2026-08-04,78.08,77.95
67681,2026-08-04,248.19,253.33
67691,2026-08-04,39.82,39.99
67718,2026-08-04,2.69,2.67
67744,2026-08-04,27.89,27.51
67756,2026-08-04,53.59,55.38
67757,2026-08-04,25,25.69
67773,2026-08-04,311.19,323.6
67815,2026-08-04,218.15,218.39
67838,2026-08-04,23.49,23.82
67847,2026-08-04,18.32,18.35
67855,2026-08-04,75.59,77.66
67890,2026-08-04,115,120.3
67910,2026-08-04,61.44,64.46
67931,2026-08-04,72.75,72.3
67942,2026-08-04,5.81,6.09
67943,2026-08-04,40.47,40.6
67948,2026-08-04,13.88,13.83
67975,2026-08-04,8.988,8.76
67980,2026-08-04,250.71,254.14
67981,2026-08-04,31.18,32.34
67986,2026-08-04,77.53,77.75
68009,2026-08-04,13.22,13.3
68011,2026-08-04,27.74,28.35
68019,2026-08-04,53.67,52.97
68027,2026-08-04,26.1,26.6
68049,2026-08-04,4.57,4.65
68051,2026-08-04,8.76,8.81
68055,2026-08-04,28.82,29.8
68056,2026-08-04,299.99,299.07
68067,2026-08-04,131.76,137.26
68148,2026-08-04,65.79,67.06
68174,2026-08-04,104.49,101.14
68198,2026-08-04,42.62,42.2
68204,2026-08-04,71.29,72.7
68208,2026-08-04,52.41,54.68
68212,2026-08-04,64.26,64.96
68214,2026-08-04,113,109.8
68220,2026-08-04,140.11,139.2
68229,2026-08-04,29.42,29.815
68230,2026-08-04,37.39,37.15
68246,2026-08-04,401.99,408.79
68249,2026-08-04,5.3,5.27
68262,2026-08-04,139.75,141.13
68293,2026-08-04,34.61,34.76
68339,2026-08-04,9.23,9.3
68352,2026-08-04,33.09,33.31
68380,2026-08-04,19.64,20.95
68393,2026-08-04,32.11,32.37
68404,2026-08-04,5.87,6.12
68447,2026-08-04,107.77,108.61
68461,2026-08-04,177.56,178.57
68467,2026-08-04,21.14,20.46
68469,2026-08-04,35.49,35.72
68473,2026-08-04,54.64,54.59
68475,2026-08-04,129.935,132.79
68480,2026-08-04,34.08,33.98
68509,2026-08-04,151.08,152.71
68513,2026-08-04,41.7,41.88
68519,2026-08-04,136.8,138.78
68522,2026-08-04,80.47,82.31
68526,2026-08-04,21.27,22.39
68567,2026-08-04,11.81,11.96
68578,2026-08-04,17.95,17.9
68598,2026-08-04,15.42,15.69
68606,2026-08-04,154.77,155.08
68629,2026-08-04,142.79,143.52
68644,2026-08-04,14.04,14.27
68648,2026-08-04,57.22,57.74
68650,2026-08-04,602.85,617.68
68669,2026-08-04,82.43,85.35
68700,2026-08-04,38.26,38.45
68733,2026-08-04,20.17,20.31
68768,2026-08-04,24.78,31.21
68826,2026-08-04,83.17,82.89
68904,2026-08-04,3.82,3.96
68939,2026-08-04,32.63,32.75
68958,2026-08-04,98.975,98.75
68990,2026-08-04,11.75,11.61
69030,2026-08-04,8.98,9.23
69053,2026-08-04,69.78,72.64
69055,2026-08-04,6.55,6.61
69061,2026-08-04,10.98,11.17
69073,2026-08-04,38.69,39
69084,2026-08-04,30.94,31.13
69101,2026-08-04,49.9,50.82
69185,2026-08-04,34.1,34.12
69189,2026-08-04,55.47,58.83
69204,2026-08-04,110.88,106.56
69327,2026-08-04,96.31,96.94
69333,2026-08-04,21.27,21.56
69358,2026-08-04,9.25,9.28
69444,2026-08-04,104.28,103.75
69527,2026-08-04,122.19,123.92
69543,2026-08-04,107.38,109.43
69545,2026-08-04,2.13,2.19
69564,2026-08-04,148.335,154.75
69570,2026-08-04,156.45,158.91
69583,2026-08-04,73.73,70.62
69598,2026-08-04,84.69,86.16
69603,2026-08-04,38.24,38.33
69660,2026-08-04,71.08,70.69
69661,2026-08-04,91.24,92.53
69663,2026-08-04,22.18,22.76
69664,2026-08-04,64.89,65.89
69665,2026-08-04,10.26,10.55
69670,2026-08-04,71.05,72.32
69671,2026-08-04,359.08,361.57
69672,2026-08-04,1280.59,1300.45
69676,2026-08-04,10.17,10.46
69680,2026-08-04,170,181.48
69686,2026-08-04,22.79,23.1
69689,2026-08-04,105.77,105.46
69690,2026-08-04,266,271.71
69692,2026-08-04,48.36,49.18
69695,2026-08-04,78.09,79.87
69698,2026-08-04,318.28,322.72
69699,2026-08-04,40.84,40.96
69701,2026-08-04,38.97,41.11
69708,2026-08-04,147.37,148.11
69710,2026-08-04,607.46,618.14
69711,2026-08-04,73.51,76.81
69712,2026-08-04,14.99,15.4
69714,2026-08-04,14.89,14.25
69718,2026-08-04,68.18,70.27
69724,2026-08-04,20.9,21.06
69732,2026-08-04,35.2,35.77
69735,2026-08-04,368.69,373.67
69738,2026-08-04,72.02,71.86
69740,2026-08-04,35.21,34.61
69744,2026-08-04,27.1,27.86
69750,2026-08-04,859.66,850.66
69755,2026-08-04,24.4,24.93
69762,2026-08-04,21.88,21.85
69763,2026-08-04,132.08,133.69
69769,2026-08-04,336.52,332.88
69772,2026-08-04,191.98,195.45
69774,2026-08-04,30.02,32.41
69791,2026-08-04,53,54.35
69836,2026-08-04,78.85,79.46
69859,2026-08-04,325.87,323.73
69869,2026-08-04,72.12,72.09
69882,2026-08-04,39.5,39.71
69887,2026-08-04,67.93,67.84
69897,2026-08-04,66.5,69.22
69901,2026-08-04,2969,3028.03
69904,2026-08-04,86.06,85.38
69907,2026-08-04,59.96,59.1
69957,2026-08-04,108.78,109.44
69980,2026-08-04,344.785,345.2
69990,2026-08-04,184.73,189.42
69999,2026-08-04,93.91,97.65
70016,2026-08-04,76.83,82.63
70064,2026-08-04,192.83,194.27
70074,2026-08-04,368.46,374.1
70085,2026-08-04,4.08,4.29
70087,2026-08-04,231.19,237.21
70120,2026-08-04,90.99,89.11
70122,2026-08-04,383.39,396.08
70159,2026-08-04,83.08,84.33
70178,2026-08-04,10.63,11.22
70217,2026-08-04,4.27,4.37
70252,2026-08-04,566.99,571.1
70269,2026-08-04,230.05,232.85
70270,2026-08-04,146.43,150.37
70273,2026-08-04,22.26,23.29
70285,2026-08-04,132.61,136.3
70294,2026-08-04,50,50.34
70304,2026-08-04,114.3,114.59
70307,2026-08-04,88.88,91.83
70312,2026-08-04,22.12,21.66
70317,2026-08-04,84.79,86.32
70338,2026-08-04,102.75,105.78
70356,2026-08-04,20.97,21.53
70369,2026-08-04,77.5,78.06
70449,2026-08-04,19.07,19.35
70451,2026-08-04,78.37,78.64
70458,2026-08-04,21.5,21.93
70459,2026-08-04,7.77,7.73
70460,2026-08-04,16.53,17.44
70469,2026-08-04,86.14,84.77
70485,2026-08-04,195,191.36
70569,2026-08-04,11.38,11.11
70617,2026-08-04,140,117.04
70699,2026-08-04,3.36,3.42
70747,2026-08-04,2.91,2.96
70825,2026-08-04,15.59,15.54
70848,2026-08-04,547.84,555.82
70854,2026-08-04,13.58,13.64
70925,2026-08-04,95.49,95.81
70960,2026-08-04,381.02,378
71040,2026-08-04,87.64,88.48
71049,2026-08-04,587.19,589.33
71055,2026-08-04,305.95,306.28
71206,2026-08-04,10.4,10.36
71287,2026-08-04,11.8,11.81
71288,2026-08-04,71.85,72.14
71290,2026-08-04,32.03,32.52
71301,2026-08-04,84.43,85.82
71316,2026-08-04,54.85,55.07
71322,2026-08-04,602.33,588.09
71328,2026-08-04,12.72,12.45
71332,2026-08-04,33.835,35.03
71367,2026-08-04,45.04,45.07
71386,2026-08-04,58.44,57.59
71388,2026-08-04,254.57,257.29
71412,2026-08-04,54.43,56.72
71454,2026-08-04,37.7,38.12
71461,2026-08-04,81.46,83.2
71476,2026-08-04,108.96,110.32
71484,2026-08-04,517.86,518.68
71490,2026-08-04,150.87,156.72
71492,2026-08-04,114.18,115.79
71498,2026-08-04,15.82,17.56
71508,2026-08-04,29.32,29.59
71523,2026-08-04,17.04,17.11
71524,2026-08-04,12.42,12.78
71532,2026-08-04,183.87,184.12
71540,2026-08-04,140.99,142.05
71590,2026-08-04,166.48,170.98
71596,2026-08-04,148.15,149.59
71602,2026-08-04,3.2,3.24
71617,2026-08-04,29.76,29.97
71618,2026-08-04,1.32,1.34
71623,2026-08-04,365,369.21
71625,2026-08-04,6.598,6.47
71626,2026-08-04,3,3.17
71659,2026-08-04,133.87,141.19
71672,2026-08-04,5.05,5.22
71685,2026-08-04,135,136.6
71693,2026-08-04,43.45,44.07
71700,2026-08-04,38.96,38.48
71731,2026-08-04,23.49,23.89
71734,2026-08-04,344.44,348.3
71735,2026-08-04,11.73,11.91
71742,2026-08-04,39.37,40.08
71775,2026-08-04,40,38.97
71789,2026-08-04,14.3,14.26
71822,2026-08-04,44.9,45.91
71833,2026-08-04,83.43,83.69
71836,2026-08-04,16.16,16.56
71908,2026-08-04,25.3,25.36
71932,2026-08-04,23.49,24.12
71939,2026-08-04,76.13,76.25
71981,2026-08-04,52.38,52.68
71986,2026-08-04,23.9,24.12
72001,2026-08-04,41.2,41.74
72004,2026-08-04,24.58,24.56
72168,2026-08-04,94.915,96.13
72195,2026-08-04,72.86,80.63
72234,2026-08-04,376.31,368.265
72310,2026-08-04,21.69,21.55
72316,2026-08-04,12.44,11.67
72320,2026-08-04,8.42,8.52
72327,2026-08-04,2.49,2.5
72379,2026-08-04,31.7,31.23
72380,2026-08-04,17.68,18.08
72412,2026-08-04,84.89,88.25
72457,2026-08-04,104.92,106.73
72548,2026-08-04,12.18,12.37
72558,2026-08-04,72.51,73.57
72573,2026-08-04,60.48,60.75
72600,2026-08-04,51.27,51.54
72613,2026-08-04,70.17,71.98
72629,2026-08-04,80.02,82.76
72671,2026-08-04,35.6,36.22
72676,2026-08-04,17.39,17.63
72746,2026-08-04,27,28.21
72751,2026-08-04,29.46,29.5
72763,2026-08-04,41.05,41.15
72846,2026-08-04,70.14,70.67
72872,2026-08-04,71.25,71.73
72874,2026-08-04,87.49,86.65
72877,2026-08-04,81.69,81.59
72878,2026-08-04,41.67,42.31
72881,2026-08-04,290.9,294.71
72882,2026-08-04,373.25,386.43
72883,2026-08-04,75.4,77.08
72884,2026-08-04,37.82,37.81
72885,2026-08-04,96.91,98.14
72886,2026-08-04,183.77,191.86
72888,2026-08-04,35.64,36.19
72890,2026-08-04,487.21,502.24
72891,2026-08-04,107.41,109.92
72893,2026-08-04,265.28,268.8
72896,2026-08-04,30.64,31.12
72900,2026-08-04,79.76,79.905
72902,2026-08-04,71.05,70.66
72903,2026-08-04,108.28,111.27
72908,2026-08-04,57.4,57.79
72910,2026-08-04,9.72,9.81
72911,2026-08-04,21.91,22.32
72915,2026-08-04,84.72,85.6
72918,2026-08-04,79.41,79.56
72919,2026-08-04,25.03,25.34
72920,2026-08-04,171.61,173.3
72922,2026-08-04,86.87,88.78
72927,2026-08-04,8.55,9
72928,2026-08-04,80.27,83.27
72937,2026-08-04,7.55,7.69
72940,2026-08-04,300.4,313.33
72943,2026-08-04,146,149.43
72951,2026-08-04,227.31,236
72952,2026-08-04,504,518.58
72973,2026-08-04,31.4,31.95
72976,2026-08-04,70.63,71.77
72977,2026-08-04,310.25,313.34
72979,2026-08-04,149,150.12
72981,2026-08-04,151,150.61
72983,2026-08-04,764200,774300
72984,2026-08-04,4.15,4.22
72988,2026-08-04,205.61,201.71
72990,2026-08-04,302.725,309.38
73061,2026-08-04,66.69,66
73113,2026-08-04,168.3,168.41
73254,2026-08-04,18.79,18.69
73256,2026-08-04,6.3,6.83
73264,2026-08-04,29.65,31.69
73289,2026-08-04,1.22,1.26
73290,2026-08-04,23.01,22.47
74139,2026-08-04,175.22,177.21
74209,2026-08-04,37.98,38.07
74213,2026-08-04,18.47,18.61
74240,2026-08-04,39.15,39.83
74302,2026-08-04,93.04,92.77
74442,2026-08-04,88.69,88.63
74538,2026-08-04,74.77,75.75
74604,2026-08-04,40.91,40.51
74660,2026-08-04,166.34,166.82
74871,2026-08-04,3.56,3.56
74886,2026-08-04,16.65,16.36
136225,2026-08-04,1.87,1.87
136431,2026-08-04,255.39,261.62
136643,2026-08-04,121.75,123.03
136743,2026-08-04,175.55,176.13
136748,2026-08-04,56.16,57.15
136761,2026-08-04,17.66,17.85
137115,2026-08-04,208.92,216.82
137240,2026-08-04,3.51,3.47
137255,2026-08-04,10.3,10.18
137341,2026-08-04,135,137.2
137411,2026-08-04,72.53,72.05
137887,2026-08-04,30.5,34.86
138159,2026-08-04,4.27,4.27
138373,2026-08-04,34.57,35.79
138494,2026-08-04,1889.66,1888.5
139032,2026-08-04,31.92,34.39
139836,2026-08-04,32.31,33.33
139857,2026-08-04,526.39,543.86
139964,2026-08-04,35.9,37.135
140068,2026-08-04,10.88,11.03
140095,2026-08-04,52.39,53.42
140169,2026-08-04,80.82,78.31
140201,2026-08-04,573.66,571.47
140224,2026-08-04,12.65,12.66
147424,2026-08-04,28.91,28.22
147427,2026-08-04,16.34,16.43
147429,2026-08-04,31.35,32
147551,2026-08-04,18.44,19.48
147746,2026-08-04,29.05,29.35
147750,2026-08-04,12.06,12.07
147786,2026-08-04,80.17,76.8
147787,2026-08-04,78.7,80.45
148533,2026-08-04,87.555,91.6
148710,2026-08-04,40.75,39.91
149055,2026-08-04,27.42,27.57
149659,2026-08-04,11.4,11.81
149690,2026-08-04,186,186.91
149752,2026-08-04,361.76,369.59
149782,2026-08-04,49,49.61
150024,2026-08-04,1.77,1.93
150179,2026-08-04,33.15,33.96
150187,2026-08-04,129.95,134.01
150254,2026-08-04,47.35,48.52
151431,2026-08-04,30.69,31.1
151798,2026-08-04,31.06,30.86
151923,2026-08-04,10.7,10.64
152154,2026-08-04,7.9,7.75
152751,2026-08-04,9.03,9.12
152905,2026-08-04,4.88,4.92
153004,2026-08-04,127.565,132.47
153451,2026-08-04,346.29,340.33
153452,2026-08-04,31.93,33.76
153466,2026-08-04,9.28,9.16
153495,2026-08-04,43.99,43.45
169130,2026-08-04,94.22,97.31
169203,2026-08-04,18.24,17.26
169204,2026-08-04,177.77,178.77
169793,2026-08-04,72.04,72.51
170478,2026-08-04,148.68,150.8
170654,2026-08-04,21.99,22.85
170967,2026-08-04,167.87,166.39
174045,2026-08-04,7.41,7.4
182723,2026-08-04,4.39,4.36
196789,2026-08-04,402.97,418.16
209869,2026-08-04,12.66,12.94
213845,2026-08-04,9.46,9.53
213869,2026-08-04,7.57,7.67
213945,2026-08-04,15.91,16.26
214872,2026-08-04,6.78,6.79
215062,2026-08-04,192.71,192.8
215088,2026-08-04,15.89,15.93
215556,2026-08-04,109.77,113.66
216044,2026-08-04,171.45,173.6
216197,2026-08-04,123.21,125.93
216209,2026-08-04,125.05,127.26
216562,2026-08-04,164.11,168.29
217232,2026-08-04,143.78,153.07
217737,2026-08-04,19.4,19.13
217855,2026-08-04,39.11,40.05
218471,2026-08-04,27.685,26.96
228866,2026-08-04,4.53,4.31
228976,2026-08-04,70.82,70.36
228982,2026-08-04,9.75,9.69
229000,2026-08-04,210.01,218.63
229001,2026-08-04,15.39,15.63
229496,2026-08-04,47.75,48.66
230039,2026-08-04,71.85,72.72
230040,2026-08-04,37.64,39.47
230074,2026-08-04,38.1,38.4
230079,2026-08-04,1.95,1.99
230093,2026-08-04,41.83,42.31
230189,2026-08-04,78.26,81.06
230233,2026-08-04,314.02,318.15
230234,2026-08-04,2.49,2.64
230289,2026-08-04,77.44,76.4
230574,2026-08-04,13.12,13.08
230604,2026-08-04,13.65,13.48
230803,2026-08-04,52.39,54.32
230821,2026-08-04,74.24,74.25
230825,2026-08-04,13.69,15.3
230832,2026-08-04,1.45,1.43
230971,2026-08-04,58.82,61.11
231025,2026-08-04,33.8,33.78
231153,2026-08-04,42.05,44.6
231323,2026-08-04,7.6,7.52
231337,2026-08-04,15.9,15.98
231630,2026-08-04,30.42,30.76
232337,2026-08-04,74.55,76.05
234475,2026-08-04,293.36,288.42
234659,2026-08-04,97.42,101
234668,2026-08-04,14.48,13.98
234679,2026-08-04,525,531.03
234767,2026-08-04,324,327.35
234903,2026-08-04,10.67,10.55
235005,2026-08-04,173.5,172.4
235089,2026-08-04,105.4,108.21
241194,2026-08-04,13.31,13.2
241195,2026-08-04,31.93,27.94
241473,2026-08-04,230,237.6
241600,2026-08-04,61.5,63.22
241619,2026-08-04,41.68,42.16
242576,2026-08-04,13,13.93
242608,2026-08-04,103.31,105.4
242627,2026-08-04,13.5,13.41
242655,2026-08-04,13.33,13.3
242870,2026-08-04,11.87,11.99
243023,2026-08-04,1.44,1.44
243193,2026-08-04,15.5,15.28
243265,2026-08-04,65.5,65.65
243349,2026-08-04,8.53,8.4
243440,2026-08-04,4.38,4.42
243505,2026-08-04,70.46,73.59
243526,2026-08-04,87.41,88.31
243544,2026-08-04,358,354.24
243713,2026-08-04,0.4383,0.436
244033,2026-08-04,260.03,262.98
244403,2026-08-04,382.99,396.52
244407,2026-08-04,52.25,51.82
244495,2026-08-04,25.53,26.44
244542,2026-08-04,16.33,16.76
247036,2026-08-04,23.71,23.17
248046,2026-08-04,47.36,47.9
248049,2026-08-04,9.47,9.19
248823,2026-08-04,26.68,27.62
248944,2026-08-04,1.47,1.55
248952,2026-08-04,6.96,6.89
248987,2026-08-04,0.87,0.8205
249020,2026-08-04,30.99,31.38
249420,2026-08-04,5.85,5.94
249641,2026-08-04,401.95,400.73
249919,2026-08-04,327.69,323.06
250122,2026-08-04,127.95,133.2
250329,2026-08-04,126.49,126.09
250625,2026-08-04,8.31,8.34
250664,2026-08-04,38.34,37.77
250829,2026-08-04,7.27,7.22
250930,2026-08-04,10.5,11.15
251185,2026-08-04,2.4,2.42
251186,2026-08-04,12.35,12.43
251215,2026-08-04,15.74,15.85
251534,2026-08-04,216.41,225.74
251589,2026-08-04,11.52,11.51
252054,2026-08-04,11,11.4
252173,2026-08-04,308.83,312.61
253906,2026-08-04,7.12,7.14
254268,2026-08-04,35.45,37.03
254299,2026-08-04,8.38,8.87
254378,2026-08-04,8.84,9.1
254453,2026-08-04,110.4,110.02
255406,2026-08-04,52.54,52.73
255914,2026-08-04,120.36,122.17
255979,2026-08-04,560.23,560
257044,2026-08-04,14.13,13.93
257167,2026-08-04,30.825,31.67
257955,2026-08-04,27.99,27.49
257991,2026-08-04,98.8,98.69
258464,2026-08-04,50.45,47.72
258469,2026-08-04,5.9,6.21
258544,2026-08-04,27.26,27.12
258717,2026-08-04,14.31,14.33
258877,2026-08-04,16.3,16.52
259401,2026-08-04,155.76,160.31
259430,2026-08-04,89.16,90.59
259433,2026-08-04,5.64,5.81
259434,2026-08-04,14.09,14.13
259497,2026-08-04,47.53,48.8
259523,2026-08-04,10.78,11.21
259581,2026-08-04,104.85,112.06
259632,2026-08-04,11.58,11.75
259655,2026-08-04,16.99,16.69
259851,2026-08-04,80.69,83.65
259974,2026-08-04,82.2,88.4
260110,2026-08-04,26.33,26.63
260365,2026-08-04,117.84,122.62
260398,2026-08-04,270.01,273.31
260534,2026-08-04,15.33,15.59
260601,2026-08-04,34.88,33.84
260635,2026-08-04,51.91,53.18
260654,2026-08-04,40.2,41.77
260786,2026-08-04,69.03,74.3
260801,2026-08-04,202.43,205.89
260949,2026-08-04,7.71,7.8
261043,2026-08-04,12.8,12.72
261044,2026-08-04,4.67,4.63
261113,2026-08-04,46.23,43.25
261151,2026-08-04,49.06,50.64
261215,2026-08-04,4.96,4.97
261267,2026-08-04,46.82,46.26
261387,2026-08-04,581.5,587.94
261411,2026-08-04,13.02,12.875
261481,2026-08-04,16,16.15
261708,2026-08-04,20.4,20.27
261982,2026-08-04,14.93,14.97
262026,2026-08-04,112.59,118.14
262215,2026-08-04,42.25,42.99
262241,2026-08-04,51.69,51.85
262331,2026-08-04,14.35,14.17
262346,2026-08-04,215.18,222.3
262368,2026-08-04,351.6,366.34
262472,2026-08-04,32.84,32.56
262597,2026-08-04,80.64,81.51
262649,2026-08-04,9.005,8.92
262670,2026-08-04,22.94,22.48
262945,2026-08-04,81.54,83
263154,2026-08-04,76.93,74.33
263157,2026-08-04,43.29,43.47
263280,2026-08-04,152.26,161.06
263281,2026-08-04,35.75,35.13
263283,2026-08-04,31.69,30.38
263338,2026-08-04,17.12,17.06
263844,2026-08-04,82.38,82.23
263864,2026-08-04,5.96,6.02
263875,2026-08-04,162.93,171.28
263886,2026-08-04,189.11,191.87
264102,2026-08-04,21.15,21.47
264120,2026-08-04,14.17,14.21
264126,2026-08-04,58.97,60.51
264211,2026-08-04,179.15,188.2
264212,2026-08-04,57.16,58.08
264410,2026-08-04,74.31,74.87
264639,2026-08-04,46.12,46.67
264656,2026-08-04,246.74,243.8
264705,2026-08-04,66.35,65.89
264852,2026-08-04,8.33,8.49
265027,2026-08-04,89.71,88.52
265079,2026-08-04,26,26.32
265148,2026-08-04,20.18,20.07
265204,2026-08-04,45.56,47.74
265337,2026-08-04,74.75,75.6
265359,2026-08-04,8.07,8.16
265414,2026-08-04,76.05,76.04
265458,2026-08-04,82.76,86.49
265502,2026-08-04,1.54,1.59
265592,2026-08-04,6.48,6.38
265899,2026-08-04,42.2,42.7
266088,2026-08-04,13.05,13.32
266302,2026-08-04,9.56,9.55
266330,2026-08-04,154.1,157.8
266370,2026-08-04,10.6,10.5
266394,2026-08-04,30.61,32.55
266459,2026-08-04,38.87,38.9
266490,2026-08-04,50,46.17
266563,2026-08-04,10.7,10.72
266634,2026-08-04,5.64,5.63
266655,2026-08-04,100.37,100.68
266666,2026-08-04,10,10.25
266758,2026-08-04,6.95,7.1
266769,2026-08-04,76.09,76.99
266770,2026-08-04,232.48,228.2
266919,2026-08-04,174.35,175.13
267004,2026-08-04,6.02,6.22
267011,2026-08-04,19,18.86
267033,2026-08-04,19.32,19.59
267035,2026-08-04,29,29.68
267316,2026-08-04,2.76,2.91
267386,2026-08-04,69.27,69.1
267403,2026-08-04,27.89,28.59
267416,2026-08-04,4.545,4.66
267417,2026-08-04,35.05,35.12
267521,2026-08-04,146.73,154
267619,2026-08-04,33.63,34.09
267837,2026-08-04,37.28,37
267906,2026-08-04,31.04,31.6
268002,2026-08-04,87.35,86.07
268003,2026-08-04,34.21,34.53
268007,2026-08-04,17.16,16.91
268066,2026-08-04,18.54,19.8
268068,2026-08-04,6.63,6.53
268082,2026-08-04,16.05,16.77
268120,2026-08-04,17,17.06
268153,2026-08-04,23.59,23.93
268179,2026-08-04,586.68,589.54
268479,2026-08-04,118.915,120.37
268553,2026-08-04,8.5,8.93
268592,2026-08-04,128.575,131.63
268606,2026-08-04,56.56,60.67
268629,2026-08-04,10.94,11.22
268677,2026-08-04,4.91,4.94
268681,2026-08-04,371.11,367.82
268898,2026-08-04,3.82,3.9
268900,2026-08-04,36,35.69
268936,2026-08-04,44.32,44.41
269012,2026-08-04,25.66,25.45
269017,2026-08-04,205,211.86
269020,2026-08-04,64.67,65.42
269023,2026-08-04,8.69,8.91
269086,2026-08-04,38.76,38.89
269201,2026-08-04,12.24,12.49
269353,2026-08-04,44.84,46.41
269355,2026-08-04,31.32,31.18
269356,2026-08-04,21.51,22.4
269379,2026-08-04,66.27,66.67
269420,2026-08-04,30.67,30.92
269476,2026-08-04,2.13,2.09
269481,2026-08-04,56.455,66.78
269506,2026-08-04,18.75,19.03
269508,2026-08-04,59.56,61.46
269541,2026-08-04,44.27,44.47
269638,2026-08-04,19.95,20.2
269685,2026-08-04,161.21,165.36
269706,2026-08-04,4.05,4.22
269747,2026-08-04,23.71,23.81
269751,2026-08-04,21.59,21.41
269904,2026-08-04,19.69,19.92
269980,2026-08-04,16.588,16.56
270034,2026-08-04,22.71,22.96
270061,2026-08-04,56.57,56.22
270062,2026-08-04,316.69,312.07
270171,2026-08-04,2.85,2.68
270214,2026-08-04,7.56,7.42
270443,2026-08-04,15.13,16.38
270662,2026-08-04,58.61,57.79
270767,2026-08-04,14.81,14.93
270850,2026-08-04,5.5,5.61
270878,2026-08-04,99.32,98.84
271064,2026-08-04,6.6,6.54
271295,2026-08-04,21.54,22.14
272269,2026-08-04,8.345,8.57
272789,2026-08-04,4.66,5.19
273566,2026-08-04,78.92,77.33
273772,2026-08-04,44.06,44.99
273831,2026-08-04,25.19,25.81
273833,2026-08-04,27.92,29.24
273875,2026-08-04,8.92,9.03
273879,2026-08-04,44.21,43.68
273892,2026-08-04,9.675,9.64
273918,2026-08-04,9.45,9.38
274008,2026-08-04,231.88,237.85
274020,2026-08-04,6.7,6.92
274033,2026-08-04,38.47,40.4
274120,2026-08-04,34.1,34.08
274211,2026-08-04,41.09,43.32
274300,2026-08-04,33.01,34.41
274681,2026-08-04,42.86,42.69
274736,2026-08-04,134.97,143.32
274775,2026-08-04,14.2,14.3
274777,2026-08-04,1.31,1.32
274778,2026-08-04,61.3,63.98
274779,2026-08-04,75.48,77.83
274808,2026-08-04,31.42,30.7
274822,2026-08-04,12.45,12.85
274898,2026-08-04,68.57,69.3
274924,2026-08-04,31.64,31.98
274996,2026-08-04,19.75,20.86
275041,2026-08-04,28.725,29.79
275185,2026-08-04,37.15,36.59
275186,2026-08-04,9.53,9.75
275224,2026-08-04,166.14,175.3
275245,2026-08-04,69,68.69
275280,2026-08-04,8.84,9.36
275281,2026-08-04,8.08,8.08
275282,2026-08-04,1.97,2.12
275485,2026-08-04,138.24,142.91
275595,2026-08-04,45.11,43.52
275908,2026-08-04,90.03,90.88
276019,2026-08-04,31.06,30.89
276022,2026-08-04,16.88,16.88
276039,2026-08-04,14.23,14.41
276083,2026-08-04,32.76,32.97
276113,2026-08-04,29.52,29.8
276215,2026-08-04,40.79,40.84
276380,2026-08-04,187.7,190.51
276501,2026-08-04,4.78,5.06
276524,2026-08-04,9.1,8.76
276566,2026-08-04,19.43,20.84
276567,2026-08-04,43.13,42.34
276573,2026-08-04,69.54,70.34
276607,2026-08-04,3.98,4.11
276609,2026-08-04,5.02,5.01
276612,2026-08-04,20.6,21.56
276628,2026-08-04,5.33,5.47
276652,2026-08-04,12.29,12.52
276667,2026-08-04,5.42,5.35
276709,2026-08-04,20.11,19.9
276766,2026-08-04,15.83,15.87
276767,2026-08-04,12,11.79
276825,2026-08-04,4,4.04
276826,2026-08-04,30.26,30.55
277104,2026-08-04,26.04,25.97
277192,2026-08-04,91.42,93.13
277212,2026-08-04,47,47.09
277225,2026-08-04,36.48,38.13
277226,2026-08-04,24.41,24.65
277330,2026-08-04,16.62,16.52
277331,2026-08-04,147.44,149.75
277332,2026-08-04,6.83,6.66
277335,2026-08-04,8.4,8.59
277401,2026-08-04,21.43,21.3
277423,2026-08-04,78,79.08
277431,2026-08-04,103.26,104.97
277578,2026-08-04,26.36,26.97
277585,2026-08-04,74.73,77.11
278145,2026-08-04,81.87,78.76
278176,2026-08-04,11.91,11.91
278225,2026-08-04,126.06,128.99
278243,2026-08-04,29.745,30.12
278295,2026-08-04,72.56,73.68
278298,2026-08-04,3.44,3.49
278336,2026-08-04,1.8,1.83
278431,2026-08-04,109.92,116.08
278567,2026-08-04,90.69,91.92
278571,2026-08-04,230.75,248.89
278609,2026-08-04,10.98,10.61
278788,2026-08-04,335,341.24
278938,2026-08-04,3.98,4.01
278942,2026-08-04,9.04,9.4
279004,2026-08-04,48.43,48.56
279021,2026-08-04,259.02,257.79
279022,2026-08-04,161.52,163.28
279091,2026-08-04,26.17,27.15
279107,2026-08-04,34.03,36.04
279126,2026-08-04,63.07,64.01
279154,2026-08-04,1.43,1.48
279180,2026-08-04,60.12,62.38
279182,2026-08-04,77.3,79.83
279267,2026-08-04,36.54,37.61
279498,2026-08-04,12.6,12.58
279667,2026-08-04,1.275,1.31
279836,2026-08-04,72.36,73.88
279858,2026-08-04,6.92,6.87
279859,2026-08-04,5.93,5.97
279862,2026-08-04,20.585,20.88
279899,2026-08-04,4.56,4.61
279902,2026-08-04,59.96,61.25
280197,2026-08-04,37.94,36.5
280248,2026-08-04,90.62,95.04
280249,2026-08-04,135.3,151.99
280257,2026-08-04,22.32,22.31
280272,2026-08-04,67.5,68.19
280550,2026-08-04,31.21,31.76
280623,2026-08-04,245.9,244.59
280665,2026-08-04,64.84,66.22
280684,2026-08-04,98,106.35
280696,2026-08-04,20.45,20.44
280752,2026-08-04,25.25,25.43
280964,2026-08-04,3.39,3.44
281262,2026-08-04,13.2,13.76
281545,2026-08-04,25.89,24.43
281669,2026-08-04,46.5,48.76
281809,2026-08-04,88.43,89.09
281824,2026-08-04,16,16.98
281861,2026-08-04,10.45,11.3
281887,2026-08-04,2.97,3.1
282039,2026-08-04,59.16,57
282040,2026-08-04,84,86.43
282041,2026-08-04,10.23,10.52
282101,2026-08-04,9.58,10.05
282300,2026-08-04,32.95,32.94
282343,2026-08-04,15.1,14.78
282449,2026-08-04,35.46,35.73
282602,2026-08-04,230.92,221.96
282606,2026-08-04,32.25,31.73
282629,2026-08-04,16.6,16.55
282711,2026-08-04,18.27,17.71
282712,2026-08-04,117.86,123.3
283091,2026-08-04,26.87,27.28
283365,2026-08-04,8.64,8.57
283427,2026-08-04,6.47,6.52
283445,2026-08-04,3.14,3.11
283558,2026-08-04,44.16,44.84
283583,2026-08-04,130.34,121.5
283589,2026-08-04,20,21.58
283661,2026-08-04,9.88,10.14
283713,2026-08-04,17.4,17.93
283851,2026-08-04,171.75,170.53
283856,2026-08-04,79.24,81.72
283857,2026-08-04,101.3,101.11
283887,2026-08-04,189.07,199.53
283890,2026-08-04,55.09,55.87
284029,2026-08-04,6.71,6.71
284106,2026-08-04,26.27,26.64
284107,2026-08-04,2.47,2.44
284109,2026-08-04,57.2,58.54
284275,2026-08-04,10.22,10.91
284411,2026-08-04,74.43,77.1
284432,2026-08-04,10.14,10.78
284433,2026-08-04,24.14,25.09
284434,2026-08-04,21.36,21.54
284500,2026-08-04,43.49,43.63
284502,2026-08-04,13.1,12.89
284524,2026-08-04,852.355,849.47
284546,2026-08-04,270.36,275.19
284584,2026-08-04,6.76,6.95
284799,2026-08-04,10.59,11.03
284815,2026-08-04,55.72,55.97
284902,2026-08-04,125.87,128.25
285056,2026-08-04,4.75,4.92
285184,2026-08-04,1.56,1.58
285293,2026-08-04,9.43,9.47
285308,2026-08-04,386.83,394.97
285311,2026-08-04,10.13,10.3
285325,2026-08-04,321.57,324.22
285376,2026-08-04,170.84,171.24
285509,2026-08-04,344.86,349.31
285534,2026-08-04,16.09,15.65
285536,2026-08-04,113.73,112.41
285557,2026-08-04,15.28,16.27
285614,2026-08-04,82,83.92
285615,2026-08-04,5.63,5.98
285632,2026-08-04,3.23,3.32
285653,2026-08-04,22.05,22.92
285790,2026-08-04,52.61,52.39
285828,2026-08-04,400,402.79
285982,2026-08-04,25.18,25.17
286133,2026-08-04,26.12,26.66
286251,2026-08-04,51.01,51.54
286252,2026-08-04,3.01,3.125
286253,2026-08-04,5.75,6
286315,2026-08-04,18.37,18.53
286451,2026-08-04,40.04,41.24
286452,2026-08-04,212.81,212.17
286465,2026-08-04,82.105,84.64
286614,2026-08-04,2.03,2.03
286883,2026-08-04,103.84,110.31
286931,2026-08-04,19,18.99
287085,2026-08-04,5.3,5.4
287122,2026-08-04,11.38,11.5
287143,2026-08-04,3.26,3.42
287830,2026-08-04,2.69,2.77
288316,2026-08-04,2.18,2.32
288606,2026-08-04,19.56,19.08
289030,2026-08-04,13.67,13.92
289138,2026-08-04,98.27,104.94
289247,2026-08-04,20.4,20.5
289266,2026-08-04,54.33,54.8
289530,2026-08-04,65.11,64.27
289584,2026-08-04,7.29,7.33
289745,2026-08-04,73.67,75.58
289873,2026-08-04,10.975,11.32
289972,2026-08-04,86,82.48
290022,2026-08-04,98.78,101.25
290158,2026-08-04,38.04,38.17
290244,2026-08-04,34.25,34.53
290278,2026-08-04,99.33,99.04
290557,2026-08-04,93.45,93.53
290589,2026-08-04,59.64,60.51
290861,2026-08-04,7.93,8.06
290899,2026-08-04,194.24,194.05
291303,2026-08-04,42.48,42.245
291621,2026-08-04,165.25,167.63
291756,2026-08-04,29.82,30.14
291757,2026-08-04,353.5,362.82
291872,2026-08-04,28,28.25
291902,2026-08-04,5.63,5.65
291905,2026-08-04,1.11,1.14
292017,2026-08-04,133.02,135.81
292018,2026-08-04,577.19,575.08
292097,2026-08-04,449.28,467.27
292395,2026-08-04,14.55,14.59
292443,2026-08-04,139.67,140.59
292598,2026-08-04,19.87,20.26
292620,2026-08-04,60.97,62.05
292621,2026-08-04,61.78,62.11
292693,2026-08-04,17.96,19.34
292713,2026-08-04,82.83,87.84
292739,2026-08-04,2.25,2.27
292741,2026-08-04,38.46,39.28
292819,2026-08-04,7.57,7.62
292837,2026-08-04,17.71,18.55
292862,2026-08-04,59.888,61.5
292885,2026-08-04,47.89,49.69
292895,2026-08-04,155.6,143.23
292936,2026-08-04,13.38,13.55
292971,2026-08-04,6.73,6.54
292972,2026-08-04,18.15,17.42
293141,2026-08-04,20.76,21.16
293142,2026-08-04,47.88,47.87
293228,2026-08-04,50.55,53.07
293261,2026-08-04,124,127.13
293315,2026-08-04,3.95,3.98
293384,2026-08-04,24.26,23.98
293433,2026-08-04,103.17,102.13
293436,2026-08-04,32.73,33.12
293452,2026-08-04,45.925,46.83
293499,2026-08-04,52.35,53.18
293551,2026-08-04,4.26,4.485
293733,2026-08-04,42.65,42.32
293756,2026-08-04,95.05,92.57
294014,2026-08-04,57.8,60.36
294078,2026-08-04,6.7,6.71
294225,2026-08-04,1.72,1.78
294227,2026-08-04,15.14,15
294251,2026-08-04,76.185,71.27
294252,2026-08-04,45.61,46.25
294327,2026-08-04,5.35,5.31
294683,2026-08-04,2.37,2.37
294752,2026-08-04,6.83,6.84
294908,2026-08-04,69,70.02
295034,2026-08-04,35.71,35.96
295063,2026-08-04,12.16,12.37
295151,2026-08-04,55.14,55.13
295239,2026-08-04,37.42,37.74
295240,2026-08-04,30.23,30.47
295272,2026-08-04,14.78,14.6
295277,2026-08-04,9.34,9.64
295748,2026-08-04,99.07,101.61
295761,2026-08-04,5.33,5.79
295885,2026-08-04,18.5,19.2
296050,2026-08-04,15.48,15.58
296076,2026-08-04,11.01,11.39
296242,2026-08-04,5.43,5.58
296305,2026-08-04,12.37,12.3
296497,2026-08-04,21.71,22.36
296509,2026-08-04,40.66,40.28
296542,2026-08-04,35.19,36.32
296581,2026-08-04,142.04,147.82
296684,2026-08-04,81.17,81.5
296685,2026-08-04,5.58,5.71
296691,2026-08-04,76.72,76.56
296823,2026-08-04,18.08,18.5
296918,2026-08-04,57.29,60.7
296935,2026-08-04,67.57,68.03
296936,2026-08-04,22.41,22.79
296977,2026-08-04,48.59,48.68
297018,2026-08-04,39.29,39.92
297021,2026-08-04,21.79,21.85
297051,2026-08-04,7.3,7.15
297054,2026-08-04,2.33,2.54
297148,2026-08-04,5.2,5.28
297184,2026-08-04,9.21,9.04
297220,2026-08-04,88.4,89.46
297221,2026-08-04,57.2,57.92
297324,2026-08-04,12.02,11.95
297580,2026-08-04,55.85,57.84
297582,2026-08-04,27.225,28.45
297712,2026-08-04,9.45,9.49
297733,2026-08-04,28.28,28.77
297913,2026-08-04,10.29,10.49
298182,2026-08-04,0.8434,0.8751
298286,2026-08-04,128.66,130.31
298339,2026-08-04,24.69,24.58
298404,2026-08-04,39.6,39.75
298509,2026-08-04,13.2,11.98
298592,2026-08-04,11.15,11.33
298778,2026-08-04,61.84,62.69
298823,2026-08-04,8.03,8
298929,2026-08-04,26.56,26.81
299193,2026-08-04,3.98,4.14
299286,2026-08-04,16,16
299416,2026-08-04,9.89,9.87
299481,2026-08-04,11.93,12.16
299592,2026-08-04,130.19,142.93
299660,2026-08-04,27.65,27.28
299724,2026-08-04,69.22,71.62
300198,2026-08-04,88.34,92.49
300199,2026-08-04,314.73,324.77
300200,2026-08-04,18.39,18.49
300371,2026-08-04,23.92,23.71
300460,2026-08-04,145.5,147.33
300477,2026-08-04,12.15,12.11
300504,2026-08-04,20.59,20.66
300674,2026-08-04,100.68,105.78
300754,2026-08-04,11.785,11.02
300827,2026-08-04,40.68,41.54
300938,2026-08-04,36.34,37.02
300939,2026-08-04,20.9,20.88
301142,2026-08-04,2.47,2.53
301143,2026-08-04,26.31,26.59
301144,2026-08-04,25.55,25.64
301222,2026-08-04,111.01,111.44
301251,2026-08-04,356.885,380.04
301383,2026-08-04,22.35,23.12
301415,2026-08-04,13.09,13.5
301416,2026-08-04,55.53,55.6
301547,2026-08-04,5.76,5.76
301600,2026-08-04,83.47,82.51
301704,2026-08-04,19.75,19.84
301729,2026-08-04,92.8,94.21
301813,2026-08-04,4.95,4.92
301816,2026-08-04,44.08,46.2
301890,2026-08-04,80.44,81.13
301953,2026-08-04,4.1,4.29
301986,2026-08-04,4.14,4.25
301999,2026-08-04,26.58,26.6
302018,2026-08-04,15,15.03
302549,2026-08-04,23.55,24.17
302550,2026-08-04,30.83,30.51
302887,2026-08-04,2.84,2.95
302961,2026-08-04,15.29,15.8
303184,2026-08-04,1.47,1.48
303219,2026-08-04,1.39,1.35
303340,2026-08-04,8.51,8.38
303377,2026-08-04,10.56,9.835
303519,2026-08-04,8.7,8.675
303526,2026-08-04,18.71,19.81
303838,2026-08-04,14.09,14.17
303840,2026-08-04,7.77,7.84
303930,2026-08-04,9.62,9.5
303958,2026-08-04,30,29.84
303983,2026-08-04,8.21,8.62
304081,2026-08-04,25.92,26.44
304084,2026-08-04,13.655,14.27
304086,2026-08-04,83.6,84.495
304199,2026-08-04,5.1,4.98
304230,2026-08-04,103.95,102.62
304232,2026-08-04,6.1,6.12
304236,2026-08-04,64.07,67.21
304657,2026-08-04,5.45,5.63
304724,2026-08-04,15.98,15.99
304768,2026-08-04,21.3,22.36
304818,2026-08-04,20.78,20.96
304839,2026-08-04,28.21,28.8
304874,2026-08-04,153.8,163.22
304963,2026-08-04,1.375,1.41
305109,2026-08-04,32.47,34.51
305164,2026-08-04,68.07,69.73
305229,2026-08-04,18.82,18.99
305265,2026-08-04,1.31,1.33
305272,2026-08-04,39.68,42.84
305321,2026-08-04,466.95,478.17
305474,2026-08-04,31.97,32.07
305737,2026-08-04,163.52,162.24
305788,2026-08-04,7.67,7.68
305815,2026-08-04,10.6,10.74
305959,2026-08-04,54.39,57.54
305960,2026-08-04,66.15,68.56
305965,2026-08-04,73.88,77.18
306021,2026-08-04,64.16,64.14
306055,2026-08-04,109.1,106.71
306186,2026-08-04,55.14,54.98
306200,2026-08-04,14.46,14.27
306206,2026-08-04,47.98,48.25
306256,2026-08-04,2.46,2.55
306323,2026-08-04,21,21.155
306417,2026-08-04,75.85,76.03
306450,2026-08-04,3.9,4.02
306507,2026-08-04,6.675,6.71
306508,2026-08-04,46.38,47.79
306510,2026-08-04,75.14,75.99
306569,2026-08-04,6.83,6.84
306796,2026-08-04,12.06,12.29
306884,2026-08-04,49.6,49.81
307092,2026-08-04,8.13,8.19
307093,2026-08-04,106.95,110.4
307094,2026-08-04,28.27,29.17
307095,2026-08-04,21.4,21.84
307096,2026-08-04,30.95,30.7
307121,2026-08-04,1.82,1.95
307225,2026-08-04,32.38,33.36
307226,2026-08-04,16.82,18.16
307235,2026-08-04,1.35,1.25
307264,2026-08-04,22.385,23.86
307266,2026-08-04,13.63,13.12
307273,2026-08-04,98.19,96.65
307386,2026-08-04,11.14,11.1
307677,2026-08-04,4.13,4.14
307733,2026-08-04,42.84,44.05
307735,2026-08-04,83.78,83.86
307781,2026-08-04,31.9,32.3
307782,2026-08-04,94.09,94.61
307784,2026-08-04,4.64,4.64
307899,2026-08-04,225.375,228.11
307900,2026-08-04,3.85,3.74
307923,2026-08-04,34.96,35.94
307925,2026-08-04,89.435,91.03
307931,2026-08-04,85.76,88.38
307959,2026-08-04,0.369,0.3715
307961,2026-08-04,3,3.08
307978,2026-08-04,275.21,269.93
308012,2026-08-04,19.45,20.51
308040,2026-08-04,16,16.42
308055,2026-08-04,13.53,14.08
308068,2026-08-04,15.12,15.93
308178,2026-08-04,21.52,22
308430,2026-08-04,29.67,29.67
308617,2026-08-04,4.75,4.76
308686,2026-08-04,75.35,76.75
308747,2026-08-04,31.06,31.43
308794,2026-08-04,5.1,5.25
308822,2026-08-04,25.74,25.6
308823,2026-08-04,50.25,51.01
308916,2026-08-04,37.69,37.94
308938,2026-08-04,25.25,25.67
308945,2026-08-04,8.33,9
309036,2026-08-04,9.39,9.68
309061,2026-08-04,40.49,42.89
309066,2026-08-04,162.64,159.79
309093,2026-08-04,67.67,71.06
309183,2026-08-04,1.87,1.9
312222,2026-08-04,3.92,3.83
312226,2026-08-04,17.72,18.44
312270,2026-08-04,26,26.17
312291,2026-08-04,2.55,2.5
312434,2026-08-04,8.665,8.86
312437,2026-08-04,51.63,51.75
312438,2026-08-04,11.4,11.23
312486,2026-08-04,1.92,1.97
312511,2026-08-04,145.75,145.22
312514,2026-08-04,6.7,7.25
312525,2026-08-04,481.99,484.64
312538,2026-08-04,106.58,99.445
312776,2026-08-04,45.09,45.83
313647,2026-08-04,14.15,14.11
313919,2026-08-04,56.84,56.99
314003,2026-08-04,9.08,9.38
314005,2026-08-04,9.53,9.62
314059,2026-08-04,13.86,13.56
314060,2026-08-04,26.53,27.26
314304,2026-08-04,17.15,17.11
314371,2026-08-04,3.9,3.33
314555,2026-08-04,11.89,11.98
314904,2026-08-04,13.3,13.52
314965,2026-08-04,1.51,1.54
315296,2026-08-04,6.53,6.51
315465,2026-08-04,107.595,109
315531,2026-08-04,58.03,59.08
315715,2026-08-04,29.03,30.33
315716,2026-08-04,4.905,4.78
315739,2026-08-04,24.79,24.5
315828,2026-08-04,0.8365,0.8637
315876,2026-08-04,7.1,7.28
315894,2026-08-04,16.335,16.73
315976,2026-08-04,1.63,1.66
316011,2026-08-04,100.56,100.48
316146,2026-08-04,10.89,11.29
316171,2026-08-04,6.17,6.13
316243,2026-08-04,136.04,136.11
316273,2026-08-04,97.44,102.12
316274,2026-08-04,23.38,23.76
316279,2026-08-04,24.25,25.58
316297,2026-08-04,3.87,4.09
316385,2026-08-04,7.17,7.48
316524,2026-08-04,79.838,80.75
316525,2026-08-04,1.9,1.99
316526,2026-08-04,0.63,0.6337
316582,2026-08-04,102.14,101.925
316636,2026-08-04,18.3,18.75
316643,2026-08-04,3.97,3.85
316677,2026-08-04,48,48.59
316698,2026-08-04,26.56,27.73
316708,2026-08-04,85.38,83.41
316711,2026-08-04,44.62,45.5
316725,2026-08-04,71.31,71.99
316830,2026-08-04,23.08,23.11
316880,2026-08-04,13.71,13.68
316881,2026-08-04,22.68,24.95
316985,2026-08-04,3.9,3.94
316988,2026-08-04,36.295,36.11
317025,2026-08-04,75.71,78.31
317293,2026-08-04,23.95,23.9
317296,2026-08-04,26.02,26.37
317354,2026-08-04,46.1,47.14
317383,2026-08-04,205.8,211.22
317410,2026-08-04,9.32,9.64
317431,2026-08-04,22.7,24.1
317487,2026-08-04,5.97,6.14
317546,2026-08-04,28.78,31.67
317576,2026-08-04,9.77,9.99
317619,2026-08-04,13.4,13.52
317624,2026-08-04,39.13,39.36
317738,2026-08-04,29.5,29.78
317756,2026-08-04,80.8,82.07
317764,2026-08-04,23.6,24.55
317806,2026-08-04,12.76,12.72
317812,2026-08-04,1.92,1.88
317904,2026-08-04,15.8,15.76
318251,2026-08-04,4.5,4.734
318274,2026-08-04,3.73,3.8
318278,2026-08-04,17.58,17.17
318283,2026-08-04,105.08,104.33
318285,2026-08-04,11.08,11.44
318322,2026-08-04,13.98,13.94
318414,2026-08-04,7.58,7.49
318490,2026-08-04,23.29,23.61
318491,2026-08-04,30.18,31.18
318634,2026-08-04,47.88,48.38
318638,2026-08-04,1.21,1.21
318639,2026-08-04,44,45.71
318731,2026-08-04,18.99,18.99
318749,2026-08-04,15.33,15.37
319157,2026-08-04,39.73,41.72
319245,2026-08-04,47.03,47.86
319263,2026-08-04,31.09,32.16
319272,2026-08-04,280,301.33
319290,2026-08-04,8.9,9.39
319338,2026-08-04,27.44,27.96
319362,2026-08-04,272.03,288.15
319614,2026-08-04,6.4,6.61
319622,2026-08-04,5.83,6.01
319709,2026-08-04,40.05,38.61
319763,2026-08-04,10.93,11.35
319809,2026-08-04,3.62,3.64
319883,2026-08-04,88.98,91.35
319898,2026-08-04,9.02,9.17
319899,2026-08-04,35.76,36.13
320043,2026-08-04,10.55,12.75
320135,2026-08-04,2.7,2.77
320171,2026-08-04,29.03,28.86
320203,2026-08-04,9,8.45
320204,2026-08-04,31.04,31.48
320245,2026-08-04,16.13,16.72
320319,2026-08-04,5.4,5.57
320320,2026-08-04,13.08,13.5
320357,2026-08-04,68.5,70.31
320816,2026-08-04,590.57,583.06
320847,2026-08-04,20.29,20.04
321294,2026-08-04,17.28,16.97
321378,2026-08-04,46.37,48.57
321386,2026-08-04,5.52,5.5
321416,2026-08-04,8.45,8.75
321600,2026-08-04,24.64,25.41
321601,2026-08-04,5.48,5.65
321603,2026-08-04,112.61,118.46
321623,2026-08-04,88.35,89.42
321875,2026-08-04,2.51,2.63
321925,2026-08-04,5.18,5.43
321953,2026-08-04,15.885,16.51
322132,2026-08-04,1.6,1.65
322136,2026-08-04,17.64,17.82
322747,2026-08-04,25.3,26.31
322748,2026-08-04,26.07,26.03
322908,2026-08-04,15.3,15.65
322910,2026-08-04,26.73,28.35
322933,2026-08-04,17.15,17.19
322934,2026-08-04,12.82,12.79
323028,2026-08-04,13.67,13.94
323127,2026-08-04,183.53,193.46
323456,2026-08-04,19.38,20.43
324138,2026-08-04,58.58,61.11
324434,2026-08-04,72.89,73.64
324435,2026-08-04,63.69,65.69
324609,2026-08-04,1.92,1.95
324772,2026-08-04,40.27,40.38
324846,2026-08-04,25.08,26.4
324847,2026-08-04,4.67,4.88
324918,2026-08-04,9.77,10.25
324941,2026-08-04,150.87,158.54
325214,2026-08-04,28.25,28.39
325251,2026-08-04,10.64,13.47
325566,2026-08-04,12.8,13.08
325634,2026-08-04,5.91,5.89
325861,2026-08-04,5.24,5.17
325903,2026-08-04,28,28.01
326321,2026-08-04,24.97,25.8
326322,2026-08-04,3.92,4.35
326420,2026-08-04,3.46,3.62
326472,2026-08-04,53.28,55.61
326480,2026-08-04,19.39,19.13
326618,2026-08-04,54.46,54.69
326752,2026-08-04,57.17,57.48
326845,2026-08-04,4.33,4.27
326909,2026-08-04,4.03,4.12
326923,2026-08-04,45.68,47.47
326975,2026-08-04,1.62,1.74
327035,2026-08-04,3.85,3.95
327038,2026-08-04,11.56,12.07
327045,2026-08-04,4.1,4.09
327193,2026-08-04,53.05,54.11
327413,2026-08-04,2.15,2.26
327455,2026-08-04,8.18,8.81
327498,2026-08-04,7.23,7.23
327499,2026-08-04,18.91,19.5
327574,2026-08-04,18.96,19.54
327599,2026-08-04,19.09,17.18
327609,2026-08-04,1.93,1.97
327814,2026-08-04,21.78,22.85
327959,2026-08-04,23.7,24.69
327960,2026-08-04,5.35,5.33
327968,2026-08-04,34.46,33.55
328318,2026-08-04,12.13,12.39
328350,2026-08-04,5.22,5.15
328520,2026-08-04,13.9,14.11
328698,2026-08-04,12.755,12.15
328700,2026-08-04,4.1,4.27
328707,2026-08-04,3.15,3.26
328716,2026-08-04,4.78,5.15
328767,2026-08-04,1.02,0.9853
328769,2026-08-04,35.66,36.26
328899,2026-08-04,76.58,77.8
328948,2026-08-04,21.32,21.08
328971,2026-08-04,17.01,17.14
328989,2026-08-04,5.46,5.69
329074,2026-08-04,37.1,38.78
329088,2026-08-04,15.99,16.17
329184,2026-08-04,101.75,104.39
329236,2026-08-04,6.26,6.44
329268,2026-08-04,9.94,9.95
329316,2026-08-04,1.18,1.22
329402,2026-08-04,27.74,29.36
329635,2026-08-04,10.93,10.86
329700,2026-08-04,46.93,48.62
329703,2026-08-04,82.22,86.22
329706,2026-08-04,305,316.77
329744,2026-08-04,25.8,25.97
329750,2026-08-04,21.23,21.16
329822,2026-08-04,33.89,35.22
329823,2026-08-04,7.61,7.78
329825,2026-08-04,11.35,11.8
329870,2026-08-04,0.428,0.4776
329911,2026-08-04,5.7,6
329944,2026-08-04,11.19,11.37
329951,2026-08-04,3.12,3.34
329954,2026-08-04,35.4,36.08
329999,2026-08-04,5.88,6.2
330011,2026-08-04,32.63,33.82
330072,2026-08-04,13.53,14.35
330080,2026-08-04,4.41,4.52
330162,2026-08-04,4.84,4.95
330201,2026-08-04,145.145,162.66
330202,2026-08-04,8.35,8.76
330206,2026-08-04,5.53,5.54
330258,2026-08-04,12.76,12.75
330322,2026-08-04,3.57,3.61
330328,2026-08-04,23.36,25.06
330341,2026-08-04,47.86,48.71
330366,2026-08-04,7.35,8.08
330367,2026-08-04,6.21,6.33
330508,2026-08-04,7.39,7.92
330511,2026-08-04,7.72,7.9
330512,2026-08-04,44.89,47.84
330705,2026-08-04,5.69,6.01
330706,2026-08-04,12.49,12.39
330711,2026-08-04,23.13,23.39
330733,2026-08-04,307.59,310.07
330736,2026-08-04,61.67,61.11
330737,2026-08-04,7.1,7.13
330814,2026-08-04,17.61,17.93
331006,2026-08-04,4.63,4.86
331099,2026-08-04,5.16,5.29
331154,2026-08-04,57.37,59.12
331157,2026-08-04,51.41,52.48
331159,2026-08-04,12.49,12.38
331210,2026-08-04,28.85,30.02
331212,2026-08-04,44,42.85
331250,2026-08-04,4.61,4.7
331258,2026-08-04,1.53,1.53
331315,2026-08-04,1.35,1.38
331316,2026-08-04,13.66,13.89
331372,2026-08-04,12.8,13.48
331412,2026-08-04,76,70.9
331445,2026-08-04,5.44,5.34
331479,2026-08-04,14.87,15.78
331481,2026-08-04,4.7,4.77
331525,2026-08-04,7.69,7.97
331526,2026-08-04,3.82,3.84
331672,2026-08-04,0.7642,0.7654
331673,2026-08-04,6.2,5.75
331830,2026-08-04,7.44,7.56
331831,2026-08-04,3.3,2.98
331833,2026-08-04,4.68,4.88
331834,2026-08-04,11.5,11.76
331836,2026-08-04,14.99,15.62
331885,2026-08-04,17.03,17.05
331887,2026-08-04,135.31,136.89
331888,2026-08-04,18,18.11
331889,2026-08-04,9.95,9.81
331890,2026-08-04,1.63,1.73
331893,2026-08-04,6.43,6.43
331926,2026-08-04,9.43,9.43
331927,2026-08-04,13.85,13.92
331930,2026-08-04,1.66,1.42
331979,2026-08-04,72.795,74.48
331996,2026-08-04,24.4,25.5
332116,2026-08-04,0.81,0.8407
332118,2026-08-04,2.73,2.83
332157,2026-08-04,18.23,18.7
332221,2026-08-04,0.6802,0.7122
332227,2026-08-04,3.9,3.72
332335,2026-08-04,9,9.51
332372,2026-08-04,5.5,5.32
332424,2026-08-04,20.25,20.38
332513,2026-08-04,33.74,34.59
332521,2026-08-04,11,10.98
332573,2026-08-04,9.19,9.49
332579,2026-08-04,9.69,10.05
332580,2026-08-04,201.63,202.37
332583,2026-08-04,12.9,13.64
332643,2026-08-04,149.75,149.92
332697,2026-08-04,6.332,7.8
332702,2026-08-04,20.34,21.83
332707,2026-08-04,5.97,6.09
332727,2026-08-04,10.35,10.26
332857,2026-08-04,11.15,11.57
332999,2026-08-04,29.68,30.32
333118,2026-08-04,8.54,8.45
333125,2026-08-04,4.94,5.31
333305,2026-08-04,2.25,2.44
333313,2026-08-04,2.28,2.32
333614,2026-08-04,39.635,41.72
333683,2026-08-04,4.36,4.4
333684,2026-08-04,10.02,10.06
333839,2026-08-04,2.58,2.86
333943,2026-08-04,16.38,17.55
334005,2026-08-04,22.12,22
334009,2026-08-04,31.78,32.94
334098,2026-08-04,76.52,78.12
334153,2026-08-04,9.9,10.63
334154,2026-08-04,17.85,17.94
334163,2026-08-04,2.91,2.96
334218,2026-08-04,4.05,4.06
334219,2026-08-04,14.39,14.85
334503,2026-08-04,13.19,14.29
334504,2026-08-04,8.48,8.45
334531,2026-08-04,1.69,1.7
334534,2026-08-04,1.99,1.96
334590,2026-08-04,12.35,12.69
334592,2026-08-04,12.37,13.69
334750,2026-08-04,9.05,9.22
334754,2026-08-04,9.36,9.19
334784,2026-08-04,11.3,11.43
334811,2026-08-04,9.98,9.87
334815,2026-08-04,26.35,27.29
334829,2026-08-04,9.23,9.3
334872,2026-08-04,17.84,18.16
334946,2026-08-04,6.32,6.29
335123,2026-08-04,3.24,3.4
335192,2026-08-04,21.55,22.25
335193,2026-08-04,32.75,33.87
335195,2026-08-04,10.46,10.52
335199,2026-08-04,32.9,33.24
335212,2026-08-04,0.99,1.05
335264,2026-08-04,4.78,4.74
335266,2026-08-04,27.82,27.55
335313,2026-08-04,3.67,3.64
335321,2026-08-04,3.8,3.85
335370,2026-08-04,12.19,12.78
335377,2026-08-04,92.96,93.07
335430,2026-08-04,13.29,13.42
335434,2026-08-04,3.08,3.2
335446,2026-08-04,1.1,1.05
335764,2026-08-04,22.08,21.45
336149,2026-08-04,0.61,0.5579
336168,2026-08-04,1.92,1.92
336272,2026-08-04,30.97,30.38
336371,2026-08-04,3.95,4.22
336373,2026-08-04,11.29,10.85
336495,2026-08-04,5.75,6
336499,2026-08-04,12.1,13.08
336621,2026-08-04,47,47.46
336622,2026-08-04,2.65,2.69
336675,2026-08-04,11.78,11.79
336684,2026-08-04,36.64,37
336737,2026-08-04,16.51,16.78
336813,2026-08-04,15.53,16.09
336873,2026-08-04,1.15,1.21
337152,2026-08-04,1.73,1.75
337363,2026-08-04,5.118,5.465
337368,2026-08-04,2.3,2.31
337372,2026-08-04,7.67,8
337375,2026-08-04,119.8,128.89
337461,2026-08-04,4.77,4.94
337512,2026-08-04,4.24,4.49
337513,2026-08-04,14.36,13.52
337515,2026-08-04,41,44.705
337517,2026-08-04,6.3,6.17
337518,2026-08-04,12.89,13.2
337525,2026-08-04,3.31,3.3
337579,2026-08-04,3.17,3.26
337724,2026-08-04,1.07,1.1
337733,2026-08-04,5.925,6.1
337794,2026-08-04,19.64,21.98
337799,2026-08-04,63.3,64.69
337804,2026-08-04,11.95,12
337830,2026-08-04,8,7.99
337852,2026-08-04,2.92,3.15
337872,2026-08-04,1.9,1.98
338306,2026-08-04,147.4,150.73
338318,2026-08-04,6.3,6.43
338320,2026-08-04,18.63,18.91
338363,2026-08-04,95.52,94.78
338364,2026-08-04,418.33,419.7
338375,2026-08-04,41,41.09
338416,2026-08-04,3.265,3.31
338481,2026-08-04,4.6,4.48
338485,2026-08-04,8.91,9.37
338649,2026-08-04,22.27,21.92
338651,2026-08-04,12.98,14.1
338653,2026-08-04,11.46,11.93
338691,2026-08-04,13.65,14.14
338708,2026-08-04,16.505,17.45
338738,2026-08-04,5.67,5.7
338743,2026-08-04,6.73,6.81
338812,2026-08-04,406.86,429.26
338818,2026-08-04,22.29,22.83
338873,2026-08-04,3.91,3.72
338920,2026-08-04,11.95,13.54
338982,2026-08-04,9.55,9.36
338985,2026-08-04,23.41,23.79
339028,2026-08-04,22.2,17.27
339095,2026-08-04,1.27,1.05
339106,2026-08-04,75.32,78.14
339275,2026-08-04,47.47,46.98
339276,2026-08-04,3.69,3.89
339350,2026-08-04,0.869,0.8855
339356,2026-08-04,9.95,9.43
339415,2026-08-04,1.11,1.08
339421,2026-08-04,27.74,27.74
339463,2026-08-04,6.88,7.23
339466,2026-08-04,12.21,12.25
339569,2026-08-04,7.39,7.42
339573,2026-08-04,40.44,41.53
339677,2026-08-04,32.76,29.95
339761,2026-08-04,12.07,11.99
339762,2026-08-04,14.6,14.63
339767,2026-08-04,2.22,2.3
339786,2026-08-04,157.07,155.75
339896,2026-08-04,14.8,14.75
339898,2026-08-04,54.88,55.9
340085,2026-08-04,16.62,17.26
340097,2026-08-04,40.48,44.6
340099,2026-08-04,4.25,4.49
340199,2026-08-04,10.42,10.85
340367,2026-08-04,11.54,11.72
340432,2026-08-04,13.57,13.56
340460,2026-08-04,15.42,15.3
340640,2026-08-04,39.87,40.83
340644,2026-08-04,17.61,17.94
340696,2026-08-04,23.205,24.26
340697,2026-08-04,4.22,4.37
340698,2026-08-04,87.25,93.8
340699,2026-08-04,10.54,10.26
340752,2026-08-04,6.28,6.54
340754,2026-08-04,15.42,15.96
340757,2026-08-04,16.27,16.45
341159,2026-08-04,12.87,13.6
341162,2026-08-04,9.19,9.12
341205,2026-08-04,4.23,4.14
341208,2026-08-04,7.17,7.18
341209,2026-08-04,10.25,10.48
341210,2026-08-04,2.02,2.01
341326,2026-08-04,9.76,9.65
341384,2026-08-04,6.38,6.67
341387,2026-08-04,20.05,20.64
341431,2026-08-04,21.46,21.89
341434,2026-08-04,15.79,16.08
341488,2026-08-04,28.49,29.12
341491,2026-08-04,5.05,5.05
341492,2026-08-04,5.33,5.52
341555,2026-08-04,43.88,45.27
341568,2026-08-04,134.18,134.85
341593,2026-08-04,2.48,2.33
341659,2026-08-04,5.5,5.49
341660,2026-08-04,89.14,91.66
341661,2026-08-04,54.75,55.73
341662,2026-08-04,20.06,20.98
341663,2026-08-04,32.08,32.78
341664,2026-08-04,19.42,21.35
341674,2026-08-04,1.56,1.63
341692,2026-08-04,8.15,8.4
341739,2026-08-04,2.18,2.24
341740,2026-08-04,3.09,3.08
341743,2026-08-04,12,11.97
341746,2026-08-04,2.98,2.86
341783,2026-08-04,1.58,1.51
341999,2026-08-04,42.11,43.33
342005,2026-08-04,12.11,12.36
342221,2026-08-04,5.11,5.17
342302,2026-08-04,5.53,5.64
342309,2026-08-04,41.98,41.61
342345,2026-08-04,18.7,18.57
342348,2026-08-04,6.31,6.05
342349,2026-08-04,18.19,18.38
342359,2026-08-04,20.1,19.65
342360,2026-08-04,1.91,1.99
342467,2026-08-04,4.94,5.21
342519,2026-08-04,4.01,4.17
342520,2026-08-04,4.4,4.43
342531,2026-08-04,1.39,1.4
342566,2026-08-04,42.85,44.6
342573,2026-08-04,8.2,8.48
342628,2026-08-04,6.05,6.84
342629,2026-08-04,1.5,1.57
342630,2026-08-04,45.93,46.32
342631,2026-08-04,6.75,6.68
342633,2026-08-04,4.28,4.28
342636,2026-08-04,22.45,22.52
342723,2026-08-04,10.15,10.51
342770,2026-08-04,12.785,11.38
342772,2026-08-04,125.404,137.75
342820,2026-08-04,92.615,93.51
342823,2026-08-04,5.24,5.2
342877,2026-08-04,14.15,14
342878,2026-08-04,4.22,4.4
342879,2026-08-04,6.28,6.25
342884,2026-08-04,0.735,0.7416
342915,2026-08-04,51.63,52.37
342937,2026-08-04,89.01,89.21
343118,2026-08-04,1.53,1.54
343120,2026-08-04,0.5521,0.5732
343219,2026-08-04,12.1,12.56
343746,2026-08-04,11.7,12
343833,2026-08-04,137.99,133.61
343924,2026-08-04,5.59,5.69
343990,2026-08-04,3.16,3.33
344073,2026-08-04,2.37,2.19
344199,2026-08-04,12.14,12.91
344245,2026-08-04,32.21,32.53
344246,2026-08-04,38.5,37.61
344247,2026-08-04,65.45,64.11
344249,2026-08-04,17.57,18.28
344320,2026-08-04,47.73,47.89
344322,2026-08-04,5.24,5.44
344507,2026-08-04,32.3,33.81
344512,2026-08-04,11.57,12.04
344567,2026-08-04,24.11,24.63
344713,2026-08-04,9.47,9.88
344770,2026-08-04,28.36,29.92
344842,2026-08-04,10.08,10.34
344845,2026-08-04,1.96,2
344915,2026-08-04,38.14,39.38
344920,2026-08-04,12.525,12.8
345187,2026-08-04,44.73,44.73
345208,2026-08-04,37.32,38.5
345365,2026-08-04,0.9684,0.9592
345366,2026-08-04,8.22,8.21
345369,2026-08-04,34.855,36.48
345449,2026-08-04,45.75,46.7
345496,2026-08-04,8.27,7.98
345609,2026-08-04,5.7,5.79
345612,2026-08-04,4.51,4.53
345615,2026-08-04,63.39,64.38
345800,2026-08-04,32,32.09
345824,2026-08-04,14.06,14.69
345849,2026-08-04,53.18,52.02
345850,2026-08-04,15.7,15.67
345919,2026-08-04,6.945,7.24
345922,2026-08-04,4.93,4.96
345925,2026-08-04,7.07,7.15
345951,2026-08-04,7.7,7.69
346006,2026-08-04,58.07,56.56
346066,2026-08-04,1.75,1.73
346113,2026-08-04,7.87,8.28
346115,2026-08-04,9.04,9.26
346158,2026-08-04,31.34,30.92
346371,2026-08-04,43.97,44.12
346373,2026-08-04,30.59,33.25
346408,2026-08-04,15.63,15.76
346418,2026-08-04,3.45,3.48
346421,2026-08-04,2.59,2.64
346493,2026-08-04,20.16,19.79
346501,2026-08-04,6.65,6.87
347764,2026-08-04,13.715,13.96
347771,2026-08-04,25.54,26.41
347773,2026-08-04,39.22,40.85
347878,2026-08-04,5.92,5.71
347951,2026-08-04,14.32,14.095
348295,2026-08-04,3.4,3.64
348629,2026-08-04,4.66,4.61
348753,2026-08-04,9.96,10
348774,2026-08-04,11.54,11.28
348839,2026-08-04,14.56,14.33
348841,2026-08-04,1.36,1.35
349070,2026-08-04,6.18,5.94
349071,2026-08-04,3.59,3.74
349072,2026-08-04,4.42,4.6
349143,2026-08-04,2.11,2.23
349257,2026-08-04,36.985,38.6
349384,2026-08-04,8.53,9.33
349540,2026-08-04,15.15,15.06
349778,2026-08-04,54,55.52
349925,2026-08-04,1.72,1.76
350100,2026-08-04,5.16,5.28
350129,2026-08-04,20.34,21.87
350186,2026-08-04,3.25,3.14
350251,2026-08-04,1.98,1.91
350311,2026-08-04,47,48.98
350459,2026-08-04,277.305,267.25
350617,2026-08-04,3.08,2.895
350664,2026-08-04,7.49,7.92
350719,2026-08-04,230,237.92
350814,2026-08-04,4.23,4.46
350847,2026-08-04,5.17,5.84
352027,2026-08-04,19.26,20.1
352031,2026-08-04,9.34,9.34
352061,2026-08-04,6.75,6.78
352236,2026-08-04,17.12,16.95
352525,2026-08-04,2.76,2.47
352733,2026-08-04,13.35,13.02
353154,2026-08-04,5.5,5.46
353606,2026-08-04,3.7,3.82
353716,2026-08-04,4.79,5.02
353719,2026-08-04,92.74,94.76
353971,2026-08-04,38.92,39.2
354493,2026-08-04,6.18,6.51
354518,2026-08-04,157.14,157.27
354723,2026-08-04,26.42,27.12
354767,2026-08-04,4.05,4.23
355698,2026-08-04,5.71,5.7
355809,2026-08-04,9.95,10.51
355892,2026-08-04,0.6614,0.6841
356326,2026-08-04,1.63,1.69
356623,2026-08-04,20.59,20.61
356690,2026-08-04,3.5,3.4
356725,2026-08-04,39.27,39.72
357118,2026-08-04,7.33,7.58
357126,2026-08-04,43.7,46.46
357766,2026-08-04,31.23,31.6
357770,2026-08-04,10.6,10.81
357878,2026-08-04,14.05,14.19
357981,2026-08-04,3.08,3.16
358180,2026-08-04,7.85,7.95
358205,2026-08-04,13.66,13.75
358352,2026-08-04,85.82,88.46
358708,2026-08-04,2.875,2.98
358837,2026-08-04,8.46,8.64
358930,2026-08-04,21.19,22.13
359097,2026-08-04,21.17,21.14
359120,2026-08-04,4.35,4.29
359145,2026-08-04,34.62,34.61
359340,2026-08-04,18.29,18.24
359692,2026-08-04,28.79,29.67
359752,2026-08-04,50.39,51.94
360035,2026-08-04,9.05,9.48
360151,2026-08-04,69.47,70.26
360681,2026-08-04,60.74,61.57
360739,2026-08-04,15.2,15.67
360950,2026-08-04,12.89,12.98
361071,2026-08-04,11.87,12.42
361072,2026-08-04,49.4,49.64
361194,2026-08-04,17.89,18.31
361195,2026-08-04,94,98.44
361212,2026-08-04,26.2,26.5
361732,2026-08-04,9.915,10.93
363049,2026-08-04,224,224.1
363621,2026-08-04,77.53,78.01
363882,2026-08-04,19,19.55
364326,2026-08-04,2.6,2.54
364383,2026-08-04,54.54,55.12
364488,2026-08-04,71.15,69.51
364519,2026-08-04,347.55,340
364704,2026-08-04,4.37,4.52
364783,2026-08-04,64.15,63.44
364985,2026-08-04,19.07,17.99
365179,2026-08-04,10.74,10.73
365180,2026-08-04,25.37,25.07
365181,2026-08-04,58.41,59.54
365304,2026-08-04,78.16,79.92
365577,2026-08-04,134.17,134.19
365578,2026-08-04,7.15,7.99
365644,2026-08-04,16.44,17.275
365706,2026-08-04,15.07,15.31
365930,2026-08-04,162.5,168.19
366217,2026-08-04,78.71,76.84
366225,2026-08-04,1.51,1.48
366529,2026-08-04,168.22,177.23
366708,2026-08-04,3.04,2.97
366834,2026-08-04,253.4,280.56
366874,2026-08-04,1.64,1.6
366971,2026-08-04,45.38,45.65
367002,2026-08-04,17.83,19.1
367009,2026-08-04,19.52,19.69
367241,2026-08-04,12.87,13
367252,2026-08-04,14.27,14.17
367253,2026-08-04,94.01,96.45
367496,2026-08-04,38.91,37.86
367599,2026-08-04,46.55,47
367822,2026-08-04,13.47,13.36
368058,2026-08-04,11.93,11.93
368119,2026-08-04,4.22,4.41
368279,2026-08-04,35.2,35.31
368450,2026-08-04,1.57,1.66
369200,2026-08-04,36.81,37.88
369580,2026-08-04,2.9,2.86
369880,2026-08-04,7.81,8.31
369883,2026-08-04,23.13,23.32
370034,2026-08-04,8.7,9.32
370089,2026-08-04,14.9,15.24
370353,2026-08-04,14.95,15.2
370363,2026-08-04,22.83,22.81
370390,2026-08-04,69.62,71.4
370396,2026-08-04,12.48,12.73
370417,2026-08-04,30.04,31.49
370423,2026-08-04,61.61,62.77
370522,2026-08-04,36.96,36.22
370561,2026-08-04,27.79,28.23
370643,2026-08-04,54.34,54.47
370661,2026-08-04,7.55,7.78
370690,2026-08-04,44.53,41.95
370701,2026-08-04,8.27,8.87
371064,2026-08-04,23.81,26.67
371248,2026-08-04,5.67,5.69
371480,2026-08-04,346.02,361.67
371512,2026-08-04,153.62,159.97
371554,2026-08-04,5.21,5.13
371706,2026-08-04,5.5,5.2
371731,2026-08-04,88,87.94
371776,2026-08-04,1046,1018.53
371852,2026-08-04,15.83,15.9
371969,2026-08-04,44.73,44.81
371995,2026-08-04,86.92,78.34
372102,2026-08-04,6.7,7.2
372116,2026-08-04,30.61,37.34
372117,2026-08-04,25.05,21.88
372293,2026-08-04,64.41,64.11
372302,2026-08-04,76.01,80.99
372303,2026-08-04,73.63,75.52
372423,2026-08-04,107.62,107.52
372583,2026-08-04,18.48,18.17
372600,2026-08-04,23.09,23.085
372602,2026-08-04,6.86,7.13
372909,2026-08-04,34.61,33.48
373124,2026-08-04,84.84,83.53
373282,2026-08-04,58.7,63.97
373314,2026-08-04,22.93,23.77
373317,2026-08-04,41.27,42.2
373454,2026-08-04,46.745,47.05
373667,2026-08-04,71.23,72.7
373751,2026-08-04,9.51,9.5
373776,2026-08-04,32.2,32.38
373821,2026-08-04,26.35,27.12
373835,2026-08-04,74.5,73.68
374297,2026-08-04,27.06,27.38
374300,2026-08-04,10.8,10.75
374561,2026-08-04,31.49,31.12
374571,2026-08-04,41.6,41.94
374692,2026-08-04,26.17,26.57
374909,2026-08-04,4.43,4.5
375687,2026-08-04,64.78,70.7
375694,2026-08-04,26.24,26.1
375697,2026-08-04,31.09,31.42
376020,2026-08-04,12.05,11.95
376033,2026-08-04,23.96,23.35
376036,2026-08-04,41.35,40.53
376037,2026-08-04,10.69,11.2
376061,2026-08-04,11.38,11.48
376130,2026-08-04,23.12,24.14
376149,2026-08-04,30.03,30.05
376205,2026-08-04,30.15,30.68
376207,2026-08-04,20.33,20.24
376277,2026-08-04,47.49,47.83
376279,2026-08-04,2.145,2.18
376385,2026-08-04,5.37,5.48
376415,2026-08-04,5.25,5.39
376435,2026-08-04,18.31,18.52
376437,2026-08-04,6.4,6.79
376441,2026-08-04,4.28,4.16
376676,2026-08-04,15.47,15.86
376716,2026-08-04,28.32,29.23
376752,2026-08-04,35.55,38.98
376760,2026-08-04,5.89,5.98
376785,2026-08-04,10.81,10.81
376909,2026-08-04,134.19,136.16
377451,2026-08-04,14.26,13.56
377605,2026-08-04,7.922,8.03
377691,2026-08-04,3.97,4.24
377730,2026-08-04,13.75,13.78
377744,2026-08-04,4.45,4.39
377908,2026-08-04,10.85,10.83
378032,2026-08-04,81.94,86.24
378088,2026-08-04,8.325,8.28
378473,2026-08-04,21.21,22.415
378574,2026-08-04,10.66,10.65
378825,2026-08-04,20,20.36
378859,2026-08-04,28.99,29.42
379038,2026-08-04,12.76,12.84
379074,2026-08-04,25.98,25.34
379163,2026-08-04,13.35,14.57
379184,2026-08-04,12.69,12.84
379200,2026-08-04,27.5,27.61
379423,2026-08-04,16.06,16.06
379425,2026-08-04,50.16,49.94
379598,2026-08-04,51.96,53.99
379631,2026-08-04,16.9,17.4
379661,2026-08-04,17.3,17.44
379790,2026-08-04,9.99,10.15
379905,2026-08-04,1358.21,1427.62
380064,2026-08-04,140.31,135.72
380195,2026-08-04,24.05,25.93
380955,2026-08-04,86.425,91.9
380996,2026-08-04,7.9,8.36
381058,2026-08-04,33.28,33.68
381468,2026-08-04,11.1,11.02
381500,2026-08-04,6.59,7.33
381874,2026-08-04,14.3,14
381978,2026-08-04,6.97,7.42
382165,2026-08-04,19.96,19.11
382232,2026-08-04,20.71,20.92
382388,2026-08-04,26.36,26.39
382389,2026-08-04,4.3,4.2785
382557,2026-08-04,10.51,10.52
382748,2026-08-04,78.01,79.42
382749,2026-08-04,9.56,10.05
383074,2026-08-04,10.15,9.655
383210,2026-08-04,60.3,63.25
383221,2026-08-04,10.435,10.44
383248,2026-08-04,20.53,20.18
383282,2026-08-04,10.51,10.5
383286,2026-08-04,1.79,1.78
383361,2026-08-04,24.12,23.89
383363,2026-08-04,33.99,33.49
383407,2026-08-04,10.29,10.7
383421,2026-08-04,24.27,24.95
383443,2026-08-04,13.7,13.61
383453,2026-08-04,7.29,7.49
383602,2026-08-04,16.26,16.1
383605,2026-08-04,20.56,20.65
383854,2026-08-04,51.86,51.85
383898,2026-08-04,5.92,5.91
383900,2026-08-04,10.47,10.47
383977,2026-08-04,20.57,20.47
384028,2026-08-04,67,66.9
384133,2026-08-04,13.49,13.37
384215,2026-08-04,7.16,6.94
384367,2026-08-04,11.43,11.46
384648,2026-08-04,23.89,24.58
384969,2026-08-04,11.44,11.7
384971,2026-08-04,12.78,13.43
385013,2026-08-04,11.34,11.56
385014,2026-08-04,12.06,12.17
385063,2026-08-04,10.235,10.23
385159,2026-08-04,67.97,67.53
385181,2026-08-04,24.93,24.87
385210,2026-08-04,22.13,22.69
385213,2026-08-04,24.705,27.12
385252,2026-08-04,21.41,21.23
385445,2026-08-04,22.705,23.33
385448,2026-08-04,27.005,26.6
385482,2026-08-04,26.54,27.28
385602,2026-08-04,23.06,23.8
385635,2026-08-04,46.5,45.34
385792,2026-08-04,4.94,4.5
385979,2026-08-04,2.79,2.69
386603,2026-08-04,20,20.61
386669,2026-08-04,27.595,27.64
386671,2026-08-04,42.99,45
386700,2026-08-04,67.29,66.49
386701,2026-08-04,21.01,21.91
386711,2026-08-04,4.05,4.21
386745,2026-08-04,7.92,8.05
386899,2026-08-04,9.11,9.46
386900,2026-08-04,33.18,33.46
386955,2026-08-04,13.33,13.8
387014,2026-08-04,24.28,23.67
387336,2026-08-04,11.4899,11.46
387471,2026-08-04,9.09,8.15
387533,2026-08-04,31.37,31.89
387563,2026-08-04,6.03,6.31
387592,2026-08-04,34.645,35.06
387887,2026-08-04,26.29,27.06
387911,2026-08-04,28.45,29.42
387915,2026-08-04,26.98,27.92
388010,2026-08-04,5.22,6.21
388208,2026-08-04,5.3,5.44
388398,2026-08-04,15.03,15.125
388587,2026-08-04,12.57,12.94
388715,2026-08-04,27.085,27.87
388717,2026-08-04,63.2,63.52
388803,2026-08-04,141.035,141.67
388873,2026-08-04,20.25,21.95
389000,2026-08-04,11.68,13.11
389013,2026-08-04,138.01,142.25
389241,2026-08-04,15.82,16.32
389444,2026-08-04,10.24,10.24
390033,2026-08-04,6.7,6.81
390348,2026-08-04,65.17,63.93
390417,2026-08-04,11.41,11.35
390510,2026-08-04,9.65,9.82
390650,2026-08-04,99.16,99.57
390681,2026-08-04,40.53,42.04
390686,2026-08-04,46.82,48.59
390748,2026-08-04,3.88,4.03
391245,2026-08-04,36.21,36.38
391388,2026-08-04,22.48,22.84
391958,2026-08-04,5.05,4.98
392059,2026-08-04,10.15,10.149
392065,2026-08-04,20.25,19.96
392153,2026-08-04,10.23,10.22
392181,2026-08-04,27.33,27.65
392199,2026-08-04,14.97,15.31
392253,2026-08-04,13.23,13.12
392428,2026-08-04,102.93,107.28
392465,2026-08-04,17.78,18.52
392466,2026-08-04,37.88,39.4
392489,2026-08-04,9.29,9.56
392529,2026-08-04,15.91,17.21
392542,2026-08-04,22.73,24.11
392543,2026-08-04,13.75,14.73
392711,2026-08-04,7.12,7
392726,2026-08-04,29.92,28.8
392777,2026-08-04,19.96,20.64
392783,2026-08-04,5.6,5.69
393155,2026-08-04,6.33,6.7
393290,2026-08-04,11.4,11.54
393310,2026-08-04,14.4,14.28
393363,2026-08-04,76.68,80.43
394736,2026-08-04,19,18.99
395123,2026-08-04,16.455,16.69
