symbol,yahoo_symbol,date,open_px
MCHPP,MCHPP,2026-08-06,66.150002
LBTYA,LBTYA,2026-08-06,10.710000
LBTYK,LBTYK,2026-08-06,10.500000
MPC,MPC,2026-08-06,303.170013
AAPL,AAPL,2026-08-06,314.339996
ABM,ABM,2026-08-06,49.189999
ABT,ABT,2026-08-06,107.190002
B,B,2026-08-06,40.750000
AB,AB,2026-08-06,37.279999
IEP,IEP,2026-08-06,7.530000
RAMP,RAMP,2026-08-06,37.849998
ADBE,ADBE,2026-08-06,252.229996
ADI,ADI,2026-08-06,375.250000
ADM,ADM,2026-08-06,78.589996
AEE,AEE,2026-08-06,109.879997
AEP,AEP,2026-08-06,127.980003
AFL,AFL,2026-08-06,126.250000
AIG,AIG,2026-08-06,81.000000
AIR,AIR,2026-08-06,147.649994
AIT,AIT,2026-08-06,360.000000
AJG,AJG,2026-08-06,252.779999
MATX,MATX,2026-08-06,203.970001
ALK,ALK,2026-08-06,51.470001
ALX,ALX,2026-08-06,280.269989
AMAT,AMAT,2026-08-06,525.340027
PLD,PLD,2026-08-06,140.279999
AMD,AMD,2026-08-06,471.750000
AME,AME,2026-08-06,255.740005
AMGN,AMGN,2026-08-06,413.720001
FRME,FRME,2026-08-06,43.560001
AMT,AMT,2026-08-06,169.690002
AN,AN,2026-08-06,214.960007
AOS,AOS,2026-08-06,63.189999
APD,APD,2026-08-06,297.529999
APH,APH,2026-08-06,169.740005
APOG,APOG,2026-08-06,43.009998
ARW,ARW,2026-08-06,226.320007
ASB,ASB,2026-08-06,31.770000
ASTE,ASTE,2026-08-06,45.650002
ATRO,ATRO,2026-08-06,76.290001
EPAC,EPAC,2026-08-06,37.330002
AVA,AVA,2026-08-06,39.099998
AVT,AVT,2026-08-06,98.300003
AVY,AVY,2026-08-06,176.929993
AXP,AXP,2026-08-06,349.799988
BA,BA,2026-08-06,240.000000
BAC,BAC,2026-08-06,63.910000
BAX,BAX,2026-08-06,27.410000
BBY,BBY,2026-08-06,84.410004
BC,BC,2026-08-06,83.389999
BCE,BCE,2026-08-06,22.160000
BCPC,BCPC,2026-08-06,180.000000
BDX,BDX,2026-08-06,175.880005
BEN,BEN,2026-08-06,35.000000
WRB,WRB,2026-08-06,73.120003
BF.A,BF-A,2026-08-06,29.219999
BF.B,BF-B,2026-08-06,29.010000
BNY,BNY,2026-08-06,159.339996
BKE,BKE,2026-08-06,45.990002
BKH,BKH,2026-08-06,73.000000
BALL,BALL,2026-08-06,63.799999
BMI,BMI,2026-08-06,140.850006
BPOP,BPOP,2026-08-06,177.729996
BRC,BRC,2026-08-06,98.900002
MTRN,MTRN,2026-08-06,290.839996
CAC,CAC,2026-08-06,59.790001
CAG,CAG,2026-08-06,15.100000
CAT,CAT,2026-08-06,862.000000
CBRL,CBRL,2026-08-06,58.259998
CBSH,CBSH,2026-08-06,60.000000
CBT,CBT,2026-08-06,83.389999
CBU,CBU,2026-08-06,66.750000
CCK,CCK,2026-08-06,122.269997
FIZZ,FIZZ,2026-08-06,32.549999
CDE,CDE,2026-08-06,16.000000
AMZN,AMZN,2026-08-06,272.769989
CHCO,CHCO,2026-08-06,146.500000
CHD,CHD,2026-08-06,104.000000
BBT,BBT,2026-08-06,32.040001
PPC,PPC,2026-08-06,26.650000
CINF,CINF,2026-08-06,179.690002
GE,GE,2026-08-06,383.970001
CL,CL,2026-08-06,94.050003
CLF,CLF,2026-08-06,12.600000
CLH,CLH,2026-08-06,311.929993
CLX,CLX,2026-08-06,106.260002
CMC,CMC,2026-08-06,75.949997
CMCSA,CMCSA,2026-08-06,24.990000
CMS,CMS,2026-08-06,72.250000
CNA,CNA,2026-08-06,53.009998
CNMD,CNMD,2026-08-06,49.599998
CNS,CNS,2026-08-06,85.029999
COKE,COKE,2026-08-06,184.740005
COO,COO,2026-08-06,75.000000
CPB,CPB,2026-08-06,23.080000
CPF,CPF,2026-08-06,39.990002
EHC,EHC,2026-08-06,124.809998
CRS,CRS,2026-08-06,576.559998
CSL,CSL,2026-08-06,382.910004
CPT,CPT,2026-08-06,113.150002
FLR,FLR,2026-08-06,50.500000
CSWC,CSWC,2026-08-06,24.590000
CSX,CSX,2026-08-06,51.500000
BXMT,BXMT,2026-08-06,13.980000
LUMN,LUMN,2026-08-06,6.060000
CTS,CTS,2026-08-06,66.510002
CMI,CMI,2026-08-06,644.460022
CVS,CVS,2026-08-06,100.980003
CW,CW,2026-08-06,740.500000
UVE,UVE,2026-08-06,44.730000
D,D,2026-08-06,69.000000
DCI,DCI,2026-08-06,98.150002
DCO,DCO,2026-08-06,199.509995
DE,DE,2026-08-06,614.570007
GEN,GEN,2026-08-06,27.440001
DHR,DHR,2026-08-06,199.960007
DIS,DIS,2026-08-06,102.540001
DJCO,DJCO,2026-08-06,597.000000
DLX,DLX,2026-08-06,27.500000
DOV,DOV,2026-08-06,213.000000
DRI,DRI,2026-08-06,210.240005
DTE,DTE,2026-08-06,141.100006
DUK,DUK,2026-08-06,124.940002
ECL,ECL,2026-08-06,286.619995
ED,ED,2026-08-06,109.300003
EFX,EFX,2026-08-06,177.110001
EGP,EGP,2026-08-06,203.979996
EME,EME,2026-08-06,826.099976
EMR,EMR,2026-08-06,164.320007
EQT,EQT,2026-08-06,52.119999
ERIE,ERIE,2026-08-06,253.369995
EXPD,EXPD,2026-08-06,181.339996
NEU,NEU,2026-08-06,882.000000
DX,DX,2026-08-06,12.870000
KGC,KGC,2026-08-06,25.410000
TRV,TRV,2026-08-06,385.399994
FAST,FAST,2026-08-06,50.459999
FNB,FNB,2026-08-06,19.440001
FBNC,FBNC,2026-08-06,65.300003
FCNCA,FCNCA,2026-08-06,2247.659912
FCX,FCX,2026-08-06,68.480003
FDX,FDX,2026-08-06,312.640015
FE,FE,2026-08-06,48.080002
FEIM,FEIM,2026-08-06,69.290001
FELE,FELE,2026-08-06,110.080002
FFBC,FFBC,2026-08-06,34.630001
FITB,FITB,2026-08-06,58.250000
FLO,FLO,2026-08-06,7.410000
FMC,FMC,2026-08-06,10.690000
FOR,FOR,2026-08-06,29.719999
NEE,NEE,2026-08-06,86.709999
FRT,FRT,2026-08-06,121.800003
SNEX,SNEX,2026-08-06,67.239998
FSS,FSS,2026-08-06,130.059998
FUL,FUL,2026-08-06,59.669998
FULT,FULT,2026-08-06,24.920000
EAT,EAT,2026-08-06,222.580002
GD,GD,2026-08-06,387.679993
GGG,GGG,2026-08-06,83.000000
GHM,GHM,2026-08-06,106.040001
GIS,GIS,2026-08-06,36.139999
STT,STT,2026-08-06,187.690002
GLW,GLW,2026-08-06,153.250000
ALLY,ALLY,2026-08-06,44.680000
GME,GME,2026-08-06,18.990000
GATX,GATX,2026-08-06,180.889999
GNTX,GNTX,2026-08-06,24.150000
GPC,GPC,2026-08-06,131.440002
GPI,GPI,2026-08-06,279.209991
GAP,GAP,2026-08-06,20.610001
GRC,GRC,2026-08-06,85.980003
GT,GT,2026-08-06,7.230000
GTY,GTY,2026-08-06,33.759998
GWW,GWW,2026-08-06,1297.640015
HAL,HAL,2026-08-06,32.290001
HAS,HAS,2026-08-06,92.139999
ALNT,ALNT,2026-08-06,103.250000
HBAN,HBAN,2026-08-06,17.709999
WELL,WELL,2026-08-06,238.910004
DOC,DOC,2026-08-06,21.980000
HCSG,HCSG,2026-08-06,22.480000
HD,HD,2026-08-06,353.500000
HOG,HOG,2026-08-06,26.570000
HE,HE,2026-08-06,12.610000
HEI,HEI,2026-08-06,372.079987
LSTR,LSTR,2026-08-06,179.860001
HL,HL,2026-08-06,16.110001
HMN,HMN,2026-08-06,54.919998
HST,HST,2026-08-06,23.740000
HOV,HOV,2026-08-06,136.270004
HP,HP,2026-08-06,35.520000
HRB,HRB,2026-08-06,45.610001
HRL,HRL,2026-08-06,25.250000
LHX,LHX,2026-08-06,289.450012
HSY,HSY,2026-08-06,180.779999
HTLD,HTLD,2026-08-06,12.640000
HUBB,HUBB,2026-08-06,514.729980
HUM,HUM,2026-08-06,366.459991
HWKN,HWKN,2026-08-06,135.949997
HXL,HXL,2026-08-06,104.199997
IBCP,IBCP,2026-08-06,38.639999
IBM,IBM,2026-08-06,229.610001
IDA,IDA,2026-08-06,144.809998
IDXX,IDXX,2026-08-06,585.880005
IFF,IFF,2026-08-06,86.879997
TILE,TILE,2026-08-06,35.189999
COHR,COHR,2026-08-06,314.709991
INDB,INDB,2026-08-06,85.949997
DORM,DORM,2026-08-06,141.520004
WKC,WKC,2026-08-06,38.660000
IP,IP,2026-08-06,42.040001
ADSK,ADSK,2026-08-06,237.360001
IT,IT,2026-08-06,184.000000
ITW,ITW,2026-08-06,300.160004
INTC,INTC,2026-08-06,98.220001
JBHT,JBHT,2026-08-06,272.559998
JJSF,JJSF,2026-08-06,87.419998
JKHY,JKHY,2026-08-06,152.880005
JNJ,JNJ,2026-08-06,261.709991
ORCL,ORCL,2026-08-06,139.250000
KBH,KBH,2026-08-06,58.500000
KEX,KEX,2026-08-06,131.250000
KEY,KEY,2026-08-06,23.280001
KLAC,KLAC,2026-08-06,189.589996
KLIC,KLIC,2026-08-06,89.320000
KMB,KMB,2026-08-06,112.589996
KMT,KMT,2026-08-06,33.500000
KO,KO,2026-08-06,87.860001
KR,KR,2026-08-06,57.480000
MZTI,MZTI,2026-08-06,112.279999
AXGN,AXGN,2026-08-06,45.070000
LEG,LEG,2026-08-06,9.660000
LEN,LEN,2026-08-06,87.019997
SR,SR,2026-08-06,82.000000
LII,LII,2026-08-06,444.720001
LLY,LLY,2026-08-06,1196.550049
CTSH,CTSH,2026-08-06,53.900002
LNC,LNC,2026-08-06,47.119999
LOW,LOW,2026-08-06,220.000000
LPX,LPX,2026-08-06,76.589996
LRCX,LRCX,2026-08-06,300.000000
BBWI,BBWI,2026-08-06,20.600000
JEF,JEF,2026-08-06,56.500000
LUV,LUV,2026-08-06,48.419998
LYTS,LYTS,2026-08-06,25.040001
LZB,LZB,2026-08-06,41.799999
MGA,MGA,2026-08-06,71.519997
SANM,SANM,2026-08-06,197.630005
MAN,MAN,2026-08-06,54.279999
MAS,MAS,2026-08-06,77.169998
MAT,MAT,2026-08-06,14.600000
TRMB,TRMB,2026-08-06,57.860001
MPB,MPB,2026-08-06,38.529999
MCD,MCD,2026-08-06,276.000000
IMO,IMO,2026-08-06,127.610001
MDU,MDU,2026-08-06,20.160000
MET,MET,2026-08-06,98.540001
MGRC,MGRC,2026-08-06,121.559998
ELS,ELS,2026-08-06,65.849998
SPGI,SPGI,2026-08-06,408.109985
MITK,MITK,2026-08-06,16.639999
MLKN,MLKN,2026-08-06,23.980000
MRSH,MRSH,2026-08-06,192.809998
MMM,MMM,2026-08-06,182.029999
MO,MO,2026-08-06,69.300003
MOD,MOD,2026-08-06,191.279999
MOG.A,MOG-A,2026-08-06,411.239990
MSI,MSI,2026-08-06,474.880005
CGNX,CGNX,2026-08-06,72.150002
MRK,MRK,2026-08-06,130.960007
MRTN,MRTN,2026-08-06,15.020000
MSA,MSA,2026-08-06,194.020004
MSEX,MSEX,2026-08-06,57.910000
MSFT,MSFT,2026-08-06,488.549988
MSM,MSM,2026-08-06,126.330002
MTN,MTN,2026-08-06,151.539993
MTX,MTX,2026-08-06,77.489998
MUR,MUR,2026-08-06,34.099998
PSA,PSA,2026-08-06,330.769989
MYE,MYE,2026-08-06,35.349998
ONTO,ONTO,2026-08-06,266.429993
NDSN,NDSN,2026-08-06,311.320007
NEM,NEM,2026-08-06,103.540001
NFG,NFG,2026-08-06,80.089996
NI,NI,2026-08-06,43.279999
NJR,NJR,2026-08-06,56.310001
NOC,NOC,2026-08-06,563.809998
NPK,NPK,2026-08-06,138.649994
NSC,NSC,2026-08-06,344.029999
NSSC,NSSC,2026-08-06,40.130001
NTRS,NTRS,2026-08-06,185.710007
ES,ES,2026-08-06,73.019997
NUE,NUE,2026-08-06,274.519989
NVR,NVR,2026-08-06,6344.979980
NWL,NWL,2026-08-06,6.140000
ROG,ROG,2026-08-06,131.669998
LECO,LECO,2026-08-06,281.079987
OGE,OGE,2026-08-06,47.650002
OKE,OKE,2026-08-06,88.820000
OLN,OLN,2026-08-06,18.930000
OTTR,OTTR,2026-08-06,94.070000
F,F,2026-08-06,14.150000
OXY,OXY,2026-08-06,56.430000
NVDA,NVDA,2026-08-06,221.529999
COP,COP,2026-08-06,120.000000
PATK,PATK,2026-08-06,86.790001
PAYX,PAYX,2026-08-06,119.010002
PBI,PBI,2026-08-06,18.299999
PCAR,PCAR,2026-08-06,134.869995
PCG,PCG,2026-08-06,17.379999
TPC,TPC,2026-08-06,94.820000
PDS,PDS,2026-08-06,76.370003
PEG,PEG,2026-08-06,76.059998
PFE,PFE,2026-08-06,26.010000
PG,PG,2026-08-06,147.820007
POR,POR,2026-08-06,49.770000
PGR,PGR,2026-08-06,214.399994
PH,PH,2026-08-06,1076.000000
RNST,RNST,2026-08-06,44.410000
PHG,PHG,2026-08-06,26.549999
PHM,PHM,2026-08-06,132.809998
AGYS,AGYS,2026-08-06,108.290001
PKE,PKE,2026-08-06,37.750000
PKG,PKG,2026-08-06,255.309998
PLAB,PLAB,2026-08-06,31.530001
PLXS,PLXS,2026-08-06,275.290009
PNC,PNC,2026-08-06,257.299988
OLED,OLED,2026-08-06,85.900002
TXNM,TXNM,2026-08-06,57.680000
PNW,PNW,2026-08-06,102.629997
POOL,POOL,2026-08-06,204.009995
POWL,POWL,2026-08-06,207.929993
PPG,PPG,2026-08-06,118.660004
PPL,PPL,2026-08-06,35.299999
WTRG,WTRG,2026-08-06,39.880001
ATO,ATO,2026-08-06,173.350006
PAR,PAR,2026-08-06,17.070000
PVH,PVH,2026-08-06,87.180000
PWR,PWR,2026-08-06,680.200012
R,R,2026-08-06,265.980011
AIN,AIN,2026-08-06,62.150002
RRX,RRX,2026-08-06,180.500000
RES,RES,2026-08-06,5.880000
RGEN,RGEN,2026-08-06,156.210007
DDS,DDS,2026-08-06,624.400024
RGLD,RGLD,2026-08-06,215.089996
RHI,RHI,2026-08-06,40.400002
MCO,MCO,2026-08-06,481.730011
RJF,RJF,2026-08-06,182.000000
TAP,TAP,2026-08-06,43.700001
RLI,RLI,2026-08-06,63.320000
OMC,OMC,2026-08-06,83.540001
ROK,ROK,2026-08-06,451.040009
ROL,ROL,2026-08-06,37.750000
ROST,ROST,2026-08-06,253.750000
SCHL,SCHL,2026-08-06,42.480000
SNPS,SNPS,2026-08-06,398.000000
SAH,SAH,2026-08-06,86.410004
SAM,SAM,2026-08-06,186.119995
T,T,2026-08-06,23.459999
SCHW,SCHW,2026-08-06,108.599998
SCL,SCL,2026-08-06,64.279999
SEB,SEB,2026-08-06,4315.000000
SEIC,SEIC,2026-08-06,105.500000
SF,SF,2026-08-06,85.089996
SFNC,SFNC,2026-08-06,24.280001
SHW,SHW,2026-08-06,369.890015
SIGI,SIGI,2026-08-06,97.889999
SJM,SJM,2026-08-06,120.989998
HTO,HTO,2026-08-06,62.270000
SKY,SKY,2026-08-06,94.309998
SKYW,SKYW,2026-08-06,115.940002
SLAB,SLAB,2026-08-06,218.399994
SLB,SLB,2026-08-06,50.720001
SLM,SLM,2026-08-06,27.530001
SMG,SMG,2026-08-06,66.050003
SMP,SMP,2026-08-06,39.630001
SNA,SNA,2026-08-06,423.000000
SO,SO,2026-08-06,94.019997
SPXC,SPXC,2026-08-06,214.229996
SRCE,SRCE,2026-08-06,90.500000
SCI,SCI,2026-08-06,85.989998
STM,STM,2026-08-06,52.590000
SWK,SWK,2026-08-06,103.000000
SXI,SXI,2026-08-06,324.660004
SYY,SYY,2026-08-06,85.000000
TAC,TAC,2026-08-06,12.670000
TDS,TDS,2026-08-06,35.619999
TER,TER,2026-08-06,382.010010
TFX,TFX,2026-08-06,141.160004
THO,THO,2026-08-06,79.589996
TJX,TJX,2026-08-06,161.850006
TKR,TKR,2026-08-06,130.800003
GL,GL,2026-08-06,182.100006
TMO,TMO,2026-08-06,576.799988
TRI,TRI,2026-08-06,100.580002
TOL,TOL,2026-08-06,154.000000
TOWN,TOWN,2026-08-06,38.680000
TR,TR,2026-08-06,40.279999
TRN,TRN,2026-08-06,32.450001
TRNS,TRNS,2026-08-06,94.050003
TROW,TROW,2026-08-06,115.540001
TRP,TRP,2026-08-06,64.699997
TRST,TRST,2026-08-06,56.990002
TTC,TTC,2026-08-06,99.440002
TTI,TTI,2026-08-06,8.350000
TXN,TXN,2026-08-06,274.619995
TXT,TXT,2026-08-06,88.959999
TYL,TYL,2026-08-06,300.989990
UBSI,UBSI,2026-08-06,49.450001
UFCS,UFCS,2026-08-06,54.820000
UGI,UGI,2026-08-06,35.209999
HON,HON,2026-08-06,248.960007
UNF,UNF,2026-08-06,289.899994
UNM,UNM,2026-08-06,89.690002
UNP,UNP,2026-08-06,296.000000
MUX,MUX,2026-08-06,18.860001
AD,AD,2026-08-06,35.529999
UTL,UTL,2026-08-06,53.950001
RTX,RTX,2026-08-06,224.210007
UVV,UVV,2026-08-06,52.500000
VMI,VMI,2026-08-06,495.950012
VECO,VECO,2026-08-06,56.040001
VFC,VFC,2026-08-06,15.050000
VLO,VLO,2026-08-06,307.000000
VMC,VMC,2026-08-06,286.040009
VNO,VNO,2026-08-06,39.669998
VSEC,VSEC,2026-08-06,223.039993
VSH,VSH,2026-08-06,32.009998
WAB,WAB,2026-08-06,298.000000
WASH,WASH,2026-08-06,39.689999
WBS,WBS,2026-08-06,79.739998
WDC,WDC,2026-08-06,428.890015
WDFC,WDFC,2026-08-06,235.210007
WEC,WEC,2026-08-06,109.330002
WERN,WERN,2026-08-06,37.910000
WFC,WFC,2026-08-06,89.839996
WAFD,WAFD,2026-08-06,37.970001
WGO,WGO,2026-08-06,31.730000
BRO,BRO,2026-08-06,71.559998
WHR,WHR,2026-08-06,45.250000
WMB,WMB,2026-08-06,73.000000
WM,WM,2026-08-06,226.940002
WMK,WMK,2026-08-06,75.570000
WMT,WMT,2026-08-06,114.070000
WSBC,WSBC,2026-08-06,42.500000
WSFS,WSFS,2026-08-06,82.580002
WST,WST,2026-08-06,350.619995
WWW,WWW,2026-08-06,19.719999
WY,WY,2026-08-06,26.000000
XRAY,XRAY,2026-08-06,13.920000
ZION,ZION,2026-08-06,72.160004
FDS,FDS,2026-08-06,276.890015
CDP,CDP,2026-08-06,37.759998
ATS,ATS,2026-08-06,24.570000
BLDP,BLDP,2026-08-06,2.620000
BMO,BMO,2026-08-06,182.330002
BNS,BNS,2026-08-06,88.870003
CAE,CAE,2026-08-06,27.059999
CCJ,CCJ,2026-08-06,93.610001
CM,CM,2026-08-06,119.510002
CNQ,CNQ,2026-08-06,45.730000
EGO,EGO,2026-08-06,35.500000
SU,SU,2026-08-06,63.200001
FTK,FTK,2026-08-06,36.500000
FTS,FTS,2026-08-06,56.860001
GIB,GIB,2026-08-06,71.730003
TFC,TFC,2026-08-06,53.250000
TTEK,TTEK,2026-08-06,34.410000
DGII,DGII,2026-08-06,76.879997
IMAX,IMAX,2026-08-06,50.520000
EOG,EOG,2026-08-06,136.550003
EXK,EXK,2026-08-06,8.860000
NG,NG,2026-08-06,6.810000
PAAS,PAAS,2026-08-06,47.400002
RCI,RCI,2026-08-06,34.169998
BB,BB,2026-08-06,8.510000
SA,SA,2026-08-06,28.620001
RY,RY,2026-08-06,211.919998
ANDE,ANDE,2026-08-06,70.309998
TU,TU,2026-08-06,9.820000
TD,TD,2026-08-06,121.720001
TECK,TECK,2026-08-06,65.029999
TGB,TGB,2026-08-06,8.400000
WFG,WFG,2026-08-06,70.589996
HIFS,HIFS,2026-08-06,302.670013
OII,OII,2026-08-06,49.250000
CIEN,CIEN,2026-08-06,396.049988
BIO,BIO,2026-08-06,345.049988
TWI,TWI,2026-08-06,7.340000
BSX,BSX,2026-08-06,49.230000
SPB,SPB,2026-08-06,91.000000
DVN,DVN,2026-08-06,42.950001
PRIM,PRIM,2026-08-06,83.419998
NWBI,NWBI,2026-08-06,15.800000
KRG,KRG,2026-08-06,27.500000
BBBY,BBBY,2026-08-06,4.950000
ATEC,ATEC,2026-08-06,9.550000
AMKR,AMKR,2026-08-06,52.189999
COF,COF,2026-08-06,221.380005
CDNS,CDNS,2026-08-06,335.540009
TECH,TECH,2026-08-06,72.089996
MEOH,MEOH,2026-08-06,51.770000
BIIB,BIIB,2026-08-06,208.750000
CHE,CHE,2026-08-06,551.739990
NEOG,NEOG,2026-08-06,11.450000
LXU,LXU,2026-08-06,9.710000
CRUS,CRUS,2026-08-06,122.150002
ETR,ETR,2026-08-06,107.949997
WPC,WPC,2026-08-06,72.919998
IEX,IEX,2026-08-06,237.779999
VZ,VZ,2026-08-06,47.200001
CHDN,CHDN,2026-08-06,88.059998
CVX,CVX,2026-08-06,188.970001
AUPH,AUPH,2026-08-06,15.930000
ARCB,ARCB,2026-08-06,140.470001
VRTX,VRTX,2026-08-06,490.910004
STBA,STBA,2026-08-06,52.900002
PEP,PEP,2026-08-06,140.089996
AES,AES,2026-08-06,14.700000
UPBD,UPBD,2026-08-06,20.000000
BELFA,BELFA,2026-08-06,230.740005
MGM,MGM,2026-08-06,44.410000
LSCC,LSCC,2026-08-06,125.669998
ARE,ARE,2026-08-06,50.849998
NPKI,NPKI,2026-08-06,13.630000
AAON,AAON,2026-08-06,92.050003
CFR,CFR,2026-08-06,167.580002
KOPN,KOPN,2026-08-06,3.850000
ITRI,ITRI,2026-08-06,104.889999
AMG,AMG,2026-08-06,376.649994
PTC,PTC,2026-08-06,138.240005
WPM,WPM,2026-08-06,121.870003
GSBC,GSBC,2026-08-06,82.099998
GIII,GIII,2026-08-06,36.619999
MMS,MMS,2026-08-06,57.900002
GHC,GHC,2026-08-06,1221.199951
WRLD,WRLD,2026-08-06,190.759995
CSCO,CSCO,2026-08-06,121.480003
NOV,NOV,2026-08-06,19.820000
GBCI,GBCI,2026-08-06,50.650002
TRMK,TRMK,2026-08-06,48.939999
STN,STN,2026-08-06,72.830002
XPEL,XPEL,2026-08-06,50.430000
VICR,VICR,2026-08-06,213.190002
SSRM,SSRM,2026-08-06,28.340000
ELV,ELV,2026-08-06,391.829987
UDR,UDR,2026-08-06,38.830002
SRPT,SRPT,2026-08-06,16.660000
MMSI,MMSI,2026-08-06,87.250000
L,L,2026-08-06,116.800003
M,M,2026-08-06,25.770000
ICFI,ICFI,2026-08-06,86.300003
SKE,SKE,2026-08-06,30.030001
BHE,BHE,2026-08-06,83.650002
PRDO,PRDO,2026-08-06,32.700001
ORI,ORI,2026-08-06,43.750000
STAA,STAA,2026-08-06,22.799999
PRGS,PRGS,2026-08-06,41.520000
ESE,ESE,2026-08-06,327.420013
DY,DY,2026-08-06,406.670013
SWBI,SWBI,2026-08-06,14.820000
NOVT,NOVT,2026-08-06,169.500000
MXL,MXL,2026-08-06,65.900002
WTS,WTS,2026-08-06,384.290009
NKE,NKE,2026-08-06,42.520000
MU,MU,2026-08-06,843.109985
RGA,RGA,2026-08-06,239.250000
AMRC,AMRC,2026-08-06,25.540001
CATY,CATY,2026-08-06,64.589996
CECO,CECO,2026-08-06,67.860001
MLI,MLI,2026-08-06,69.389999
KKR,KKR,2026-08-06,106.019997
REGN,REGN,2026-08-06,777.849976
TEX,TEX,2026-08-06,66.070000
AMN,AMN,2026-08-06,32.750000
AZO,AZO,2026-08-06,3095.000000
ENB,ENB,2026-08-06,52.430000
HNI,HNI,2026-08-06,48.680000
HAE,HAE,2026-08-06,85.769997
VOYA,VOYA,2026-08-06,100.699997
BOH,BOH,2026-08-06,79.080002
AVNT,AVNT,2026-08-06,40.000000
EZPW,EZPW,2026-08-06,28.540001
ABUS,ABUS,2026-08-06,4.570000
ADC,ADC,2026-08-06,76.519997
HSIC,HSIC,2026-08-06,90.029999
UHS,UHS,2026-08-06,173.389999
HWC,HWC,2026-08-06,78.779999
MTG,MTG,2026-08-06,30.650000
RHP,RHP,2026-08-06,126.180000
OSK,OSK,2026-08-06,153.770004
ZBRA,ZBRA,2026-08-06,367.519989
CNC,CNC,2026-08-06,67.250000
USB,USB,2026-08-06,64.720001
THFF,THFF,2026-08-06,82.900002
FHI,FHI,2026-08-06,64.160004
INTU,INTU,2026-08-06,319.700012
BOKF,BOKF,2026-08-06,145.399994
UHAL,UHAL,2026-08-06,74.910004
ADT,ADT,2026-08-06,7.710000
SLGN,SLGN,2026-08-06,42.860001
QCOM,QCOM,2026-08-06,155.419998
GEO,GEO,2026-08-06,31.219999
SM,SM,2026-08-06,30.600000
HPQ,HPQ,2026-08-06,28.379999
NHI,NHI,2026-08-06,75.529999
UNH,UNH,2026-08-06,415.269989
JBSS,JBSS,2026-08-06,85.459999
ODFL,ODFL,2026-08-06,213.809998
OPCH,OPCH,2026-08-06,23.770000
VCEL,VCEL,2026-08-06,45.180000
NBTB,NBTB,2026-08-06,53.560001
WOR,WOR,2026-08-06,59.150002
PZZA,PZZA,2026-08-06,27.080000
GILD,GILD,2026-08-06,133.990005
AEG,AEG,2026-08-06,9.520000
CNOB,CNOB,2026-08-06,33.529999
UVSP,UVSP,2026-08-06,44.529999
SVM,SVM,2026-08-06,10.680000
IBOC,IBOC,2026-08-06,76.400002
WWD,WWD,2026-08-06,375.769989
NNN,NNN,2026-08-06,48.009998
DLTR,DLTR,2026-08-06,129.899994
SCCO,SCCO,2026-08-06,194.800003
EXTR,EXTR,2026-08-06,25.790001
KIM,KIM,2026-08-06,25.030001
FCF,FCF,2026-08-06,21.879999
FMBH,FMBH,2026-08-06,52.590000
AMSC,AMSC,2026-08-06,29.639999
CALY,CALY,2026-08-06,18.709999
THC,THC,2026-08-06,264.149994
LAZ,LAZ,2026-08-06,43.900002
ICUI,ICUI,2026-08-06,167.279999
EFOR,EFOR,2026-08-06,31.250000
KSS,KSS,2026-08-06,19.480000
CAKE,CAKE,2026-08-06,105.019997
MANH,MANH,2026-08-06,190.970001
USPH,USPH,2026-08-06,75.580002
EQR,EQR,2026-08-06,67.750000
COLB,COLB,2026-08-06,31.639999
SBUX,SBUX,2026-08-06,106.139999
C,C,2026-08-06,138.339996
BRKL,BRKL,2026-08-06,26.100000
OHI,OHI,2026-08-06,49.240002
HLIT,HLIT,2026-08-06,11.860000
LTC,LTC,2026-08-06,38.459999
CUZ,CUZ,2026-08-06,31.049999
POWI,POWI,2026-08-06,61.529999
LFUS,LFUS,2026-08-06,460.329987
RDNT,RDNT,2026-08-06,67.970001
BANF,BANF,2026-08-06,114.760002
CENX,CENX,2026-08-06,46.669998
BZH,BZH,2026-08-06,33.770000
MFC,MFC,2026-08-06,45.000000
FBP,FBP,2026-08-06,29.309999
BMRN,BMRN,2026-08-06,60.459999
EGY,EGY,2026-08-06,5.140000
FTNT,FTNT,2026-08-06,160.070007
PEBO,PEBO,2026-08-06,41.860001
AEM,AEM,2026-08-06,163.039993
PCRX,PCRX,2026-08-06,24.900000
OPY,OPY,2026-08-06,116.519997
PRSU,PRSU,2026-08-06,52.599998
SPG,SPG,2026-08-06,226.610001
MCHP,MCHP,2026-08-06,76.620003
MAR,MAR,2026-08-06,362.010010
ATR,ATR,2026-08-06,138.619995
TCBK,TCBK,2026-08-06,58.740002
SAFT,SAFT,2026-08-06,103.500000
ORLY,ORLY,2026-08-06,93.680000
OBK,OBK,2026-08-06,55.169998
BFH,BFH,2026-08-06,113.120003
UFPT,UFPT,2026-08-06,322.059998
BFC,BFC,2026-08-06,157.449997
CIGI,CIGI,2026-08-06,101.500000
MKC,MKC,2026-08-06,52.900002
UNFI,UNFI,2026-08-06,48.770000
VRSN,VRSN,2026-08-06,293.820007
GABC,GABC,2026-08-06,51.330002
SKT,SKT,2026-08-06,40.549999
CTAS,CTAS,2026-08-06,202.860001
BBSI,BBSI,2026-08-06,35.029999
REX,REX,2026-08-06,44.180000
BYD,BYD,2026-08-06,84.400002
ZBH,ZBH,2026-08-06,98.800003
INOD,INOD,2026-08-06,67.879997
MCRI,MCRI,2026-08-06,122.389999
XEL,XEL,2026-08-06,77.980003
BWA,BWA,2026-08-06,66.419998
CP,CP,2026-08-06,91.389999
CLSK,CLSK,2026-08-06,13.090000
ALNY,ALNY,2026-08-06,228.580002
CASH,CASH,2026-08-06,89.970001
ROCK,ROCK,2026-08-06,54.130001
AUB,AUB,2026-08-06,43.400002
PTEN,PTEN,2026-08-06,9.810000
DECK,DECK,2026-08-06,99.019997
UFPI,UFPI,2026-08-06,92.570000
LXP,LXP,2026-08-06,60.680000
VLY,VLY,2026-08-06,14.800000
REG,REG,2026-08-06,79.730003
BX,BX,2026-08-06,136.270004
URBN,URBN,2026-08-06,77.820000
WEN,WEN,2026-08-06,7.840000
FFIN,FFIN,2026-08-06,35.560001
MAC,MAC,2026-08-06,25.010000
MHO,MHO,2026-08-06,151.929993
OSBC,OSBC,2026-08-06,25.990000
SUI,SUI,2026-08-06,121.680000
PII,PII,2026-08-06,72.919998
MAA,MAA,2026-08-06,137.000000
AVB,AVB,2026-08-06,191.690002
ODC,ODC,2026-08-06,99.180000
SHOO,SHOO,2026-08-06,48.959999
GIL,GIL,2026-08-06,58.400002
CG,CG,2026-08-06,49.680000
EMN,EMN,2026-08-06,73.809998
YUM,YUM,2026-08-06,152.669998
UMH,UMH,2026-08-06,15.460000
IART,IART,2026-08-06,17.600000
TSCO,TSCO,2026-08-06,33.889999
BCRX,BCRX,2026-08-06,9.040000
JOE,JOE,2026-08-06,65.389999
STC,STC,2026-08-06,69.029999
AKR,AKR,2026-08-06,21.580000
NSIT,NSIT,2026-08-06,142.199997
MOS,MOS,2026-08-06,23.000000
GFF,GFF,2026-08-06,104.050003
SON,SON,2026-08-06,58.459999
CPRT,CPRT,2026-08-06,28.870001
USLM,USLM,2026-08-06,117.599998
EIX,EIX,2026-08-06,69.099998
DAKT,DAKT,2026-08-06,22.070000
RYN,RYN,2026-08-06,22.070000
DCOM,DCOM,2026-08-06,41.860001
CAH,CAH,2026-08-06,244.009995
LMT,LMT,2026-08-06,584.309998
CRL,CRL,2026-08-06,264.890015
AEO,AEO,2026-08-06,17.740000
CWT,CWT,2026-08-06,50.099998
MLM,MLM,2026-08-06,554.599976
CLDX,CLDX,2026-08-06,41.119999
CVLT,CVLT,2026-08-06,132.399994
JBL,JBL,2026-08-06,336.579987
NKTR,NKTR,2026-08-06,72.660004
RMBS,RMBS,2026-08-06,94.540001
LKFN,LKFN,2026-08-06,63.400002
SCSC,SCSC,2026-08-06,56.880001
FMNB,FMNB,2026-08-06,16.020000
MTB,MTB,2026-08-06,254.000000
ALB,ALB,2026-08-06,127.730003
HBNC,HBNC,2026-08-06,20.820000
PB,PB,2026-08-06,75.519997
AXTI,AXTI,2026-08-06,69.080002
SMTC,SMTC,2026-08-06,119.739998
EXP,EXP,2026-08-06,218.460007
LNG,LNG,2026-08-06,267.570007
CCI,CCI,2026-08-06,75.029999
BHC,BHC,2026-08-06,6.350000
AGCO,AGCO,2026-08-06,104.279999
OIS,OIS,2026-08-06,8.480000
MPT,MPT,2026-08-06,4.690000
SMBC,SMBC,2026-08-06,77.970001
HIW,HIW,2026-08-06,32.730000
RPM,RPM,2026-08-06,116.989998
RBCAA,RBCAA,2026-08-06,100.919998
PRK,PRK,2026-08-06,210.250000
VET,VET,2026-08-06,10.840000
ISRG,ISRG,2026-08-06,374.390015
SLF,SLF,2026-08-06,82.440002
WABC,WABC,2026-08-06,60.500000
UMBF,UMBF,2026-08-06,147.410004
AKAM,AKAM,2026-08-06,116.599998
ALG,ALG,2026-08-06,169.190002
CALM,CALM,2026-08-06,85.800003
ABCB,ABCB,2026-08-06,89.570000
PENN,PENN,2026-08-06,20.010000
GBX,GBX,2026-08-06,50.209999
ESS,ESS,2026-08-06,290.000000
RS,RS,2026-08-06,422.970001
MATW,MATW,2026-08-06,27.469999
SVC,SVC,2026-08-06,7.960000
FR,FR,2026-08-06,64.680000
WSO,WSO,2026-08-06,331.630005
ADP,ADP,2026-08-06,271.160004
CME,CME,2026-08-06,266.109985
MFA,MFA,2026-08-06,9.090000
TSN,TSN,2026-08-06,58.650002
COHU,COHU,2026-08-06,50.580002
O,O,2026-08-06,64.339996
NSP,NSP,2026-08-06,50.580002
BKNG,BKNG,2026-08-06,207.449997
CVLG,CVLG,2026-08-06,35.360001
LGND,LGND,2026-08-06,306.079987
JPM,JPM,2026-08-06,362.809998
IDCC,IDCC,2026-08-06,331.570007
AZTA,AZTA,2026-08-06,31.820000
HOPE,HOPE,2026-08-06,14.160000
MCK,MCK,2026-08-06,912.190002
SYK,SYK,2026-08-06,340.450012
MOV,MOV,2026-08-06,39.080002
CRK,CRK,2026-08-06,13.280000
LCII,LCII,2026-08-06,106.660004
MYRG,MYRG,2026-08-06,333.549988
HNRG,HNRG,2026-08-06,14.750000
NLY,NLY,2026-08-06,22.709999
MT,MT,2026-08-06,74.040001
AFG,AFG,2026-08-06,146.080002
WLY,WLY,2026-08-06,54.240002
LAMR,LAMR,2026-08-06,158.229996
THG,THG,2026-08-06,230.550003
SENEA,SENEA,2026-08-06,170.889999
EL,EL,2026-08-06,87.879997
NWPX,NWPX,2026-08-06,124.239998
AQN,AQN,2026-08-06,5.830000
NTAP,NTAP,2026-08-06,185.539993
CVSA,CVSA,2026-08-06,127.650002
DHI,DHI,2026-08-06,150.429993
CBZ,CBZ,2026-08-06,54.650002
WAT,WAT,2026-08-06,397.940002
BMY,BMY,2026-08-06,64.900002
MIDD,MIDD,2026-08-06,135.339996
TGTX,TGTX,2026-08-06,49.990002
KAI,KAI,2026-08-06,333.970001
CXW,CXW,2026-08-06,28.820000
HIG,HIG,2026-08-06,144.500000
BCO,BCO,2026-08-06,117.150002
INCY,INCY,2026-08-06,119.800003
CORT,CORT,2026-08-06,111.000000
MKTX,MKTX,2026-08-06,162.500000
WINA,WINA,2026-08-06,364.089996
IOSP,IOSP,2026-08-06,92.500000
UTHR,UTHR,2026-08-06,519.789978
GEF,GEF,2026-08-06,90.379997
CAR,CAR,2026-08-06,139.960007
IAG,IAG,2026-08-06,15.530000
HUBG,HUBG,2026-08-06,48.040001
FIS,FIS,2026-08-06,42.500000
NBIX,NBIX,2026-08-06,161.279999
GVA,GVA,2026-08-06,124.790001
CNI,CNI,2026-08-06,127.800003
ATI,ATI,2026-08-06,219.990005
COR,COR,2026-08-06,321.880005
LNT,LNT,2026-08-06,71.050003
FICO,FICO,2026-08-06,1087.280029
GPK,GPK,2026-08-06,11.870000
BRK.A,BRK-A,2026-08-06,783701.000000
BRK.B,BRK-B,2026-08-06,524.109985
STRA,STRA,2026-08-06,83.559998
COLM,COLM,2026-08-06,57.290001
NYT,NYT,2026-08-06,64.750000
VIAV,VIAV,2026-08-06,38.000000
OCFC,OCFC,2026-08-06,20.000000
PEGA,PEGA,2026-08-06,30.950001
BELFB,BELFB,2026-08-06,291.640015
WTFC,WTFC,2026-08-06,162.440002
MTZ,MTZ,2026-08-06,263.660004
PAG,PAG,2026-08-06,216.350006
KWR,KWR,2026-08-06,171.669998
CNXN,CNXN,2026-08-06,85.639999
ASTH,ASTH,2026-08-06,35.820000
MD,MD,2026-08-06,25.629999
HEI.A,HEI-A,2026-08-06,265.600006
ANF,ANF,2026-08-06,109.879997
BJRI,BJRI,2026-08-06,67.529999
MBWM,MBWM,2026-08-06,62.090000
HLX,HLX,2026-08-06,9.820000
PRU,PRU,2026-08-06,121.199997
FSM,FSM,2026-08-06,9.350000
PAA,PAA,2026-08-06,23.299999
STLD,STLD,2026-08-06,266.130005
VSAT,VSAT,2026-08-06,79.010002
MCY,MCY,2026-08-06,109.190002
FSLR,FSLR,2026-08-06,236.550003
CHH,CHH,2026-08-06,110.110001
HLIO,HLIO,2026-08-06,81.930000
PLUS,PLUS,2026-08-06,92.989998
ROP,ROP,2026-08-06,397.500000
ABG,ABG,2026-08-06,221.539993
BLKB,BLKB,2026-08-06,45.689999
EBAY,EBAY,2026-08-06,112.000000
KRC,KRC,2026-08-06,38.990002
ALL,ALL,2026-08-06,273.779999
BLDR,BLDR,2026-08-06,74.459999
EXPO,EXPO,2026-08-06,66.889999
GEL,GEL,2026-08-06,15.700000
CLS,CLS,2026-08-06,311.000000
UAMY,UAMY,2026-08-06,6.100000
RSG,RSG,2026-08-06,209.470001
BBDC,BBDC,2026-08-06,8.510000
DCH,DCH,2026-08-06,6.000000
ANIP,ANIP,2026-08-06,80.559998
NEO,NEO,2026-08-06,15.690000
EEFT,EEFT,2026-08-06,73.500000
DXPE,DXPE,2026-08-06,180.000000
FIBK,FIBK,2026-08-06,38.169998
MTH,MTH,2026-08-06,74.790001
CTBI,CTBI,2026-08-06,79.379997
LEU,LEU,2026-08-06,202.000000
VYX,VYX,2026-08-06,9.330000
UUUU,UUUU,2026-08-06,12.000000
DGX,DGX,2026-08-06,237.660004
SSB,SSB,2026-08-06,109.910004
OFG,OFG,2026-08-06,53.320000
TMP,TMP,2026-08-06,101.449997
ACIW,ACIW,2026-08-06,52.900002
COST,COST,2026-08-06,959.549988
ORA,ORA,2026-08-06,107.790001
LEVI,LEVI,2026-08-06,24.620001
EPD,EPD,2026-08-06,38.099998
AZZ,AZZ,2026-08-06,153.740005
CEVA,CEVA,2026-08-06,34.029999
PFBC,PFBC,2026-08-06,106.830002
INSM,INSM,2026-08-06,128.220001
UCB,UCB,2026-08-06,36.250000
ORRF,ORRF,2026-08-06,43.509998
AWR,AWR,2026-08-06,86.370003
VTR,VTR,2026-08-06,93.269997
RL,RL,2026-08-06,375.000000
TTWO,TTWO,2026-08-06,240.660004
BXP,BXP,2026-08-06,70.760002
MS,MS,2026-08-06,219.009995
JBLU,JBLU,2026-08-06,6.350000
ALV,ALV,2026-08-06,123.290001
SLG,SLG,2026-08-06,55.290001
MKL,MKL,2026-08-06,1893.920044
DNN,DNN,2026-08-06,3.080000
ACAD,ACAD,2026-08-06,28.850000
PBA,PBA,2026-08-06,47.810001
CNP,CNP,2026-08-06,41.060001
AEHR,AEHR,2026-08-06,95.010002
PRAA,PRAA,2026-08-06,17.240000
FIX,FIX,2026-08-06,1721.109985
ORKA,ORKA,2026-08-06,96.739998
OSIS,OSIS,2026-08-06,236.259995
AXON,AXON,2026-08-06,589.150024
AORT,AORT,2026-08-06,26.559999
FLS,FLS,2026-08-06,79.570000
DVA,DVA,2026-08-06,186.009995
EPR,EPR,2026-08-06,60.599998
CWST,CWST,2026-08-06,90.970001
CHRW,CHRW,2026-08-06,152.580002
TREX,TREX,2026-08-06,49.400002
ASM,ASM,2026-08-06,6.390000
PSMT,PSMT,2026-08-06,186.929993
IONS,IONS,2026-08-06,54.590000
DAR,DAR,2026-08-06,59.400002
RCAT,RCAT,2026-08-06,8.252000
MTD,MTD,2026-08-06,1420.900024
LNN,LNN,2026-08-06,114.209999
INVX,INVX,2026-08-06,30.950001
SSD,SSD,2026-08-06,195.889999
CSR,CSR,2026-08-06,57.330002
MKSI,MKSI,2026-08-06,291.019989
SNDA,SNDA,2026-08-06,40.160000
IDR,IDR,2026-08-06,33.250000
MRCY,MRCY,2026-08-06,107.360001
LWLG,LWLG,2026-08-06,7.070000
SYBT,SYBT,2026-08-06,85.320000
AYI,AYI,2026-08-06,357.410004
RMD,RMD,2026-08-06,224.839996
MHK,MHK,2026-08-06,133.869995
URI,URI,2026-08-06,1166.680054
INGR,INGR,2026-08-06,104.169998
BUSE,BUSE,2026-08-06,31.450001
RWT,RWT,2026-08-06,4.630000
HFWA,HFWA,2026-08-06,30.219999
NHC,NHC,2026-08-06,221.210007
EXC,EXC,2026-08-06,46.110001
DSGX,DSGX,2026-08-06,75.519997
RVTY,RVTY,2026-08-06,114.239998
RBA,RBA,2026-08-06,95.639999
CNO,CNO,2026-08-06,56.419998
CRAI,CRAI,2026-08-06,181.399994
VRSK,VRSK,2026-08-06,188.750000
HZO,HZO,2026-08-06,35.650002
OTEX,OTEX,2026-08-06,26.270000
SRE,SRE,2026-08-06,84.639999
WSM,WSM,2026-08-06,250.190002
CFFN,CFFN,2026-08-06,9.120000
BSY,BSY,2026-08-06,34.020000
RDN,RDN,2026-08-06,37.119999
EGBN,EGBN,2026-08-06,28.469999
RRC,RRC,2026-08-06,38.849998
KFY,KFY,2026-08-06,83.559998
ENOV,ENOV,2026-08-06,28.860001
GS,GS,2026-08-06,1062.040039
CSQ,CSQ,2026-08-06,20.730000
ATLC,ATLC,2026-08-06,110.690002
TGT,TGT,2026-08-06,149.600006
CBRE,CBRE,2026-08-06,150.020004
EVR,EVR,2026-08-06,320.619995
UTI,UTI,2026-08-06,31.049999
CCOI,CCOI,2026-08-06,13.370000
MORN,MORN,2026-08-06,198.050003
MSTR,MSTR,2026-08-06,96.059998
CNX,CNX,2026-08-06,35.220001
LAD,LAD,2026-08-06,369.609985
STRL,STRL,2026-08-06,531.500000
QXO,QXO,2026-08-06,15.500000
EWBC,EWBC,2026-08-06,134.169998
LKQ,LKQ,2026-08-06,24.150000
SYNA,SYNA,2026-08-06,98.519997
ALGN,ALGN,2026-08-06,173.429993
IVT,IVT,2026-08-06,33.709999
TNC,TNC,2026-08-06,80.019997
CRI,CRI,2026-08-06,39.540001
DIOD,DIOD,2026-08-06,99.629997
WEX,WEX,2026-08-06,188.000000
FCN,FCN,2026-08-06,151.449997
NPO,NPO,2026-08-06,329.070007
JLL,JLL,2026-08-06,372.709991
AMPH,AMPH,2026-08-06,20.219999
CPK,CPK,2026-08-06,135.240005
FFIV,FFIV,2026-08-06,411.720001
IRM,IRM,2026-08-06,127.260002
TFII,TFII,2026-08-06,138.869995
KFRC,KFRC,2026-08-06,58.540001
HSTM,HSTM,2026-08-06,27.900000
WCC,WCC,2026-08-06,376.149994
FHN,FHN,2026-08-06,26.350000
AGM,AGM,2026-08-06,237.500000
SBAC,SBAC,2026-08-06,181.630005
USAS,USAS,2026-08-06,4.710000
SWKS,SWKS,2026-08-06,66.330002
IPAR,IPAR,2026-08-06,123.910004
ZD,ZD,2026-08-06,52.560001
MGEE,MGEE,2026-08-06,81.029999
AAP,AAP,2026-08-06,59.160000
WT,WT,2026-08-06,22.000000
ONB,ONB,2026-08-06,27.190001
PFG,PFG,2026-08-06,115.959999
STZ,STZ,2026-08-06,132.429993
FLG,FLG,2026-08-06,14.410000
RIGL,RIGL,2026-08-06,39.849998
KMPR,KMPR,2026-08-06,29.430000
CSGP,CSGP,2026-08-06,29.889999
BANR,BANR,2026-08-06,71.139999
NTCT,NTCT,2026-08-06,39.369999
EXEL,EXEL,2026-08-06,52.919998
ATRC,ATRC,2026-08-06,39.549999
RUSHB,RUSHB,2026-08-06,80.000000
ARLP,ARLP,2026-08-06,25.600000
KTOS,KTOS,2026-08-06,54.410000
KMX,KMX,2026-08-06,56.919998
AIZ,AIZ,2026-08-06,300.950012
LPTH,LPTH,2026-08-06,11.670000
SBCF,SBCF,2026-08-06,35.270000
NRG,NRG,2026-08-06,121.269997
SAFE,SAFE,2026-08-06,16.340000
CROX,CROX,2026-08-06,136.770004
UPS,UPS,2026-08-06,107.169998
AMSF,AMSF,2026-08-06,30.170000
BKD,BKD,2026-08-06,14.650000
ET,ET,2026-08-06,20.559999
SBH,SBH,2026-08-06,15.750000
ICE,ICE,2026-08-06,150.669998
TDY,TDY,2026-08-06,690.539978
CRM,CRM,2026-08-06,183.440002
REPX,REPX,2026-08-06,34.169998
HTGC,HTGC,2026-08-06,16.790001
NBN,NBN,2026-08-06,133.529999
RIOT,RIOT,2026-08-06,21.030001
PSN,PSN,2026-08-06,47.790001
DLB,DLB,2026-08-06,60.900002
CMP,CMP,2026-08-06,28.250000
FCEL,FCEL,2026-08-06,20.500000
TNET,TNET,2026-08-06,67.849998
SXT,SXT,2026-08-06,130.000000
SNDR,SNDR,2026-08-06,36.279999
EPC,EPC,2026-08-06,29.900000
EW,EW,2026-08-06,88.980003
INVA,INVA,2026-08-06,21.129999
ILMN,ILMN,2026-08-06,196.729996
BRKR,BRKR,2026-08-06,51.380001
NFLX,NFLX,2026-08-06,75.139999
OMCL,OMCL,2026-08-06,36.540001
EVC,EVC,2026-08-06,11.460000
MFIC,MFIC,2026-08-06,9.470000
ON,ON,2026-08-06,75.870003
BN,BN,2026-08-06,44.560001
ACLS,ACLS,2026-08-06,136.699997
THRM,THRM,2026-08-06,41.509998
CACI,CACI,2026-08-06,552.539978
ENTG,ENTG,2026-08-06,141.800003
ITGR,ITGR,2026-08-06,124.970001
HAFC,HAFC,2026-08-06,32.630001
BLFS,BLFS,2026-08-06,33.610001
TPR,TPR,2026-08-06,160.839996
TTMI,TTMI,2026-08-06,131.740005
PLPC,PLPC,2026-08-06,463.769989
SUPN,SUPN,2026-08-06,47.820000
HIVE,HIVE,2026-08-06,2.780000
H,H,2026-08-06,178.500000
SNX,SNX,2026-08-06,264.799988
PDFS,PDFS,2026-08-06,48.720001
FORM,FORM,2026-08-06,112.849998
SVRA,SVRA,2026-08-06,5.520000
HLI,HLI,2026-08-06,133.000000
NTGR,NTGR,2026-08-06,23.990000
SHEN,SHEN,2026-08-06,13.210000
PGC,PGC,2026-08-06,46.560001
AAOI,AAOI,2026-08-06,121.379997
IPGP,IPGP,2026-08-06,89.959999
ALRS,ALRS,2026-08-06,33.990002
CWBC,CWBC,2026-08-06,26.020000
BWXT,BWXT,2026-08-06,168.000000
AWI,AWI,2026-08-06,185.410004
NVAX,NVAX,2026-08-06,7.830000
CYTK,CYTK,2026-08-06,78.940002
SBRA,SBRA,2026-08-06,21.500000
NNI,NNI,2026-08-06,136.899994
FRHC,FRHC,2026-08-06,149.869995
GPN,GPN,2026-08-06,87.519997
ARWR,ARWR,2026-08-06,86.480003
AG,AG,2026-08-06,17.330000
VSTS,VSTS,2026-08-06,13.860000
HALO,HALO,2026-08-06,84.150002
PIPR,PIPR,2026-08-06,77.089996
PBH,PBH,2026-08-06,55.400002
WMS,WMS,2026-08-06,154.199997
SGI,SGI,2026-08-06,65.300003
LINC,LINC,2026-08-06,42.400002
HTH,HTH,2026-08-06,39.770000
CPAY,CPAY,2026-08-06,388.850006
ADAM,ADAM,2026-08-06,9.470000
MDLZ,MDLZ,2026-08-06,63.259998
CUBE,CUBE,2026-08-06,42.349998
UCTT,UCTT,2026-08-06,78.160004
WLK,WLK,2026-08-06,79.769997
IDT,IDT,2026-08-06,66.269997
RNG,RNG,2026-08-06,60.410000
GNW,GNW,2026-08-06,9.760000
CVBF,CVBF,2026-08-06,23.080000
TCBI,TCBI,2026-08-06,100.449997
DRH,DRH,2026-08-06,13.270000
CF,CF,2026-08-06,111.989998
LVS,LVS,2026-08-06,45.900002
CE,CE,2026-08-06,43.220001
UAA,UAA,2026-08-06,6.780000
MAIN,MAIN,2026-08-06,56.400002
ABR,ABR,2026-08-06,5.220000
AGX,AGX,2026-08-06,589.940002
CVCO,CVCO,2026-08-06,582.049988
QCRH,QCRH,2026-08-06,105.870003
XPO,XPO,2026-08-06,200.039993
WYNN,WYNN,2026-08-06,101.150002
DKS,DKS,2026-08-06,201.419998
NOG,NOG,2026-08-06,20.250000
APLD,APLD,2026-08-06,28.299999
AMP,AMP,2026-08-06,565.000000
UEC,UEC,2026-08-06,10.590000
LMAT,LMAT,2026-08-06,80.639999
EQIX,EQIX,2026-08-06,1062.579956
MOH,MOH,2026-08-06,195.949997
EPAM,EPAM,2026-08-06,87.349998
ECPG,ECPG,2026-08-06,101.190002
WCN,WCN,2026-08-06,165.720001
NXST,NXST,2026-08-06,183.000000
EFSC,EFSC,2026-08-06,67.279999
PFS,PFS,2026-08-06,25.330000
MA,MA,2026-08-06,573.210022
LEN.B,LEN-B,2026-08-06,85.930000
TMUS,TMUS,2026-08-06,177.399994
TRS,TRS,2026-08-06,41.299999
NDAQ,NDAQ,2026-08-06,94.860001
ACM,ACM,2026-08-06,74.620003
LDOS,LDOS,2026-08-06,129.630005
HUN,HUN,2026-08-06,10.230000
EXLS,EXLS,2026-08-06,33.680000
RUSHA,RUSHA,2026-08-06,82.660004
TFSL,TFSL,2026-08-06,18.500000
DXCM,DXCM,2026-08-06,82.910004
BANC,BANC,2026-08-06,19.540001
HBM,HBM,2026-08-06,25.900000
DPZ,DPZ,2026-08-06,366.010010
SAIA,SAIA,2026-08-06,354.230011
TVTX,TVTX,2026-08-06,63.689999
ARCC,ARCC,2026-08-06,19.400000
CYRX,CYRX,2026-08-06,15.310000
LQDT,LQDT,2026-08-06,40.000000
QUBT,QUBT,2026-08-06,8.520000
MNKD,MNKD,2026-08-06,3.820000
WTI,WTI,2026-08-06,3.460000
WAL,WAL,2026-08-06,83.500000
TXRH,TXRH,2026-08-06,209.559998
EXR,EXR,2026-08-06,152.600006
HURN,HURN,2026-08-06,149.509995
CGAU,CGAU,2026-08-06,19.129999
ENS,ENS,2026-08-06,189.619995
ITRG,ITRG,2026-08-06,2.380000
AX,AX,2026-08-06,104.769997
DLR,DLR,2026-08-06,196.020004
GM,GM,2026-08-06,89.160004
NWE,NWE,2026-08-06,70.080002
MELI,MELI,2026-08-06,1825.510010
RF,RF,2026-08-06,32.119999
PSEC,PSEC,2026-08-06,2.160000
SHO,SHO,2026-08-06,11.870000
CVI,CVI,2026-08-06,31.719999
BDC,BDC,2026-08-06,126.830002
EIG,EIG,2026-08-06,51.139999
KOP,KOP,2026-08-06,48.630001
COLD,COLD,2026-08-06,15.320000
OZK,OZK,2026-08-06,51.900002
BY,BY,2026-08-06,39.790001
HOMB,HOMB,2026-08-06,31.459999
FSBC,FSBC,2026-08-06,46.820000
NIC,NIC,2026-08-06,175.550003
CCB,CCB,2026-08-06,44.139999
EQBK,EQBK,2026-08-06,52.000000
SPFI,SPFI,2026-08-06,45.310001
TNL,TNL,2026-08-06,78.110001
TFIN,TFIN,2026-08-06,78.919998
MDGL,MDGL,2026-08-06,513.280029
EYPT,EYPT,2026-08-06,12.250000
WLDN,WLDN,2026-08-06,74.089996
LRN,LRN,2026-08-06,80.940002
HRI,HRI,2026-08-06,168.190002
PTCT,PTCT,2026-08-06,68.989998
ACHC,ACHC,2026-08-06,32.169998
LYV,LYV,2026-08-06,183.339996
MWA,MWA,2026-08-06,27.240000
ALT,ALT,2026-08-06,3.030000
RBC,RBC,2026-08-06,573.559998
IRWD,IRWD,2026-08-06,4.160000
KBR,KBR,2026-08-06,36.590000
TREE,TREE,2026-08-06,33.700001
CMG,CMG,2026-08-06,34.160000
CARS,CARS,2026-08-06,10.825000
EXPE,EXPE,2026-08-06,325.000000
APPS,APPS,2026-08-06,12.950000
AWK,AWK,2026-08-06,135.089996
OMER,OMER,2026-08-06,12.440000
GSAT,GSAT,2026-08-06,83.239998
CSIQ,CSIQ,2026-08-06,15.240000
ENSG,ENSG,2026-08-06,181.000000
AVAV,AVAV,2026-08-06,166.110001
TDC,TDC,2026-08-06,25.580000
DAL,DAL,2026-08-06,92.500000
TDG,TDG,2026-08-06,1264.079956
CODI,CODI,2026-08-06,10.890000
ALGT,ALGT,2026-08-06,101.980003
IBKR,IBKR,2026-08-06,88.139999
EFC,EFC,2026-08-06,13.210000
OC,OC,2026-08-06,149.929993
UAL,UAL,2026-08-06,131.750000
META,META,2026-08-06,586.950012
SMCI,SMCI,2026-08-06,30.000000
TSLA,TSLA,2026-08-06,317.049988
JBTM,JBTM,2026-08-06,121.809998
CELH,CELH,2026-08-06,25.980000
OCSL,OCSL,2026-08-06,12.110000
WU,WU,2026-08-06,7.210000
FET,FET,2026-08-06,77.040001
CIM,CIM,2026-08-06,11.850000
IESC,IESC,2026-08-06,776.859985
KALU,KALU,2026-08-06,176.160004
DEI,DEI,2026-08-06,11.980000
BR,BR,2026-08-06,161.809998
ARR,ARR,2026-08-06,16.620001
V,V,2026-08-06,369.570007
CPS,CPS,2026-08-06,29.410000
PODD,PODD,2026-08-06,130.899994
SONO,SONO,2026-08-06,15.760000
APEI,APEI,2026-08-06,53.279999
DAN,DAN,2026-08-06,29.559999
PRLB,PRLB,2026-08-06,90.019997
CNK,CNK,2026-08-06,38.060001
GRBK,GRBK,2026-08-06,73.459999
PGEN,PGEN,2026-08-06,6.860000
CQP,CQP,2026-08-06,65.800003
EQX,EQX,2026-08-06,9.520000
HROW,HROW,2026-08-06,40.150002
OGG,OGG,2026-08-06,2.800000
KDP,KDP,2026-08-06,32.500000
LULU,LULU,2026-08-06,122.599998
FNV,FNV,2026-08-06,224.520004
SARO,SARO,2026-08-06,30.860001
PM,PM,2026-08-06,191.149994
SSNC,SSNC,2026-08-06,79.209999
MDXG,MDXG,2026-08-06,4.160000
POET,POET,2026-08-06,7.930000
MBIN,MBIN,2026-08-06,55.959999
MC,MC,2026-08-06,69.930000
MSCI,MSCI,2026-08-06,570.000000
AROC,AROC,2026-08-06,34.139999
EVTC,EVTC,2026-08-06,31.170000
EFXT,EFXT,2026-08-06,20.700001
QLYS,QLYS,2026-08-06,180.000000
SDGR,SDGR,2026-08-06,17.261999
PAGP,PAGP,2026-08-06,25.549999
BCC,BCC,2026-08-06,84.529999
LOPE,LOPE,2026-08-06,150.690002
ECHO,ECHO,2026-08-06,86.730003
BFST,BFST,2026-08-06,32.200001
AGNC,AGNC,2026-08-06,10.670000
BTG,BTG,2026-08-06,4.060000
WD,WD,2026-08-06,47.990002
ZG,ZG,2026-08-06,31.120001
NX,NX,2026-08-06,20.799999
FAF,FAF,2026-08-06,75.230003
PMT,PMT,2026-08-06,9.450000
SLRC,SLRC,2026-08-06,12.690000
VRTS,VRTS,2026-08-06,162.410004
UI,UI,2026-08-06,563.059998
IRDM,IRDM,2026-08-06,48.470001
WDAY,WDAY,2026-08-06,163.710007
SLS,SLS,2026-08-06,11.620000
HCI,HCI,2026-08-06,180.210007
SII,SII,2026-08-06,116.519997
SFBS,SFBS,2026-08-06,91.000000
CVE,CVE,2026-08-06,28.290001
IOVA,IOVA,2026-08-06,5.950000
QNST,QNST,2026-08-06,15.190000
IVR,IVR,2026-08-06,7.440000
PI,PI,2026-08-06,162.089996
ZWS,ZWS,2026-08-06,52.720001
MTDR,MTDR,2026-08-06,49.810001
CHTR,CHTR,2026-08-06,154.399994
MTSI,MTSI,2026-08-06,270.000000
STWD,STWD,2026-08-06,16.070000
NOW,NOW,2026-08-06,113.000000
TWO,TWO,2026-08-06,12.030000
LOB,LOB,2026-08-06,44.060001
ANET,ANET,2026-08-06,192.410004
BE,BE,2026-08-06,223.000000
DOCU,DOCU,2026-08-06,56.020000
COLL,COLL,2026-08-06,31.674999
ETSY,ETSY,2026-08-06,81.989998
HUBS,HUBS,2026-08-06,193.190002
PLTR,PLTR,2026-08-06,155.869995
ARI,ARI,2026-08-06,6.670000
ADUS,ADUS,2026-08-06,116.919998
DG,DG,2026-08-06,128.139999
LPLA,LPLA,2026-08-06,363.429993
OPLN,OPLN,2026-08-06,38.189999
MGNI,MGNI,2026-08-06,23.000000
BOX,BOX,2026-08-06,31.510000
PEB,PEB,2026-08-06,19.080000
GNRC,GNRC,2026-08-06,214.910004
NUTX,NUTX,2026-08-06,156.440002
BKU,BKU,2026-08-06,47.910000
HR,HR,2026-08-06,20.570000
VPG,VPG,2026-08-06,71.400002
PRI,PRI,2026-08-06,323.000000
LEA,LEA,2026-08-06,124.809998
TRNO,TRNO,2026-08-06,69.589996
AR,AR,2026-08-06,34.930000
BNL,BNL,2026-08-06,21.459999
CALX,CALX,2026-08-06,38.259998
GBDC,GBDC,2026-08-06,12.830000
SPSC,SPSC,2026-08-06,71.989998
YELP,YELP,2026-08-06,25.299999
CRMD,CRMD,2026-08-06,7.430000
RYZ,RYZ,2026-08-06,27.910000
PLOW,PLOW,2026-08-06,45.990002
PDM,PDM,2026-08-06,9.760000
HPP,HPP,2026-08-06,15.340000
GDOT,GDOT,2026-08-06,13.480000
CBOE,CBOE,2026-08-06,290.230011
ALM,ALM,2026-08-06,13.450000
AIP,AIP,2026-08-06,29.865000
GRPN,GRPN,2026-08-06,26.610001
HQY,HQY,2026-08-06,104.470001
ATKR,ATKR,2026-08-06,93.620003
HCA,HCA,2026-08-06,412.000000
AGIO,AGIO,2026-08-06,31.440001
SXC,SXC,2026-08-06,9.690000
GKOS,GKOS,2026-08-06,171.169998
BAH,BAH,2026-08-06,72.379997
SNDX,SNDX,2026-08-06,19.610001
OXLC,OXLC,2026-08-06,9.120000
TPB,TPB,2026-08-06,84.169998
KNX,KNX,2026-08-06,70.309998
NMFC,NMFC,2026-08-06,7.350000
STAG,STAG,2026-08-06,37.650002
PANW,PANW,2026-08-06,350.130005
INN,INN,2026-08-06,6.910000
TRGP,TRGP,2026-08-06,268.380005
AAT,AAT,2026-08-06,23.230000
FIVE,FIVE,2026-08-06,225.740005
VC,VC,2026-08-06,104.900002
CTGO,CTGO,2026-08-06,17.910000
DFTX,DFTX,2026-08-06,44.389999
BAND,BAND,2026-08-06,44.540001
XYZ,XYZ,2026-08-06,83.760002
DBX,DBX,2026-08-06,34.540001
MEC,MEC,2026-08-06,25.090000
PHR,PHR,2026-08-06,11.320000
KMI,KMI,2026-08-06,31.500000
TDOC,TDOC,2026-08-06,6.800000
TNDM,TNDM,2026-08-06,19.299999
TCMD,TCMD,2026-08-06,29.950001
W,W,2026-08-06,106.599998
FBIN,FBIN,2026-08-06,51.139999
PEN,PEN,2026-08-06,324.440002
IRTC,IRTC,2026-08-06,122.820000
VCYT,VCYT,2026-08-06,45.799999
LZ,LZ,2026-08-06,6.130000
GWRE,GWRE,2026-08-06,153.529999
APPN,APPN,2026-08-06,30.209999
UAN,UAN,2026-08-06,126.599998
VEEV,VEEV,2026-08-06,209.000000
FRPT,FRPT,2026-08-06,68.330002
XYL,XYL,2026-08-06,122.699997
AGNT,AGNT,2026-08-06,4.070000
TSLX,TSLX,2026-08-06,18.250000
RLJ,RLJ,2026-08-06,12.890000
NTRA,NTRA,2026-08-06,267.709991
OCUL,OCUL,2026-08-06,8.450000
FBRX,FBRX,2026-08-06,76.750000
LQDA,LQDA,2026-08-06,89.250000
ADPT,ADPT,2026-08-06,24.580000
VAC,VAC,2026-08-06,110.769997
SIBN,SIBN,2026-08-06,18.040001
CTMX,CTMX,2026-08-06,3.310000
MARA,MARA,2026-08-06,10.930000
FDUS,FDUS,2026-08-06,20.160000
SFM,SFM,2026-08-06,85.379997
ARMK,ARMK,2026-08-06,56.910000
AMTB,AMTB,2026-08-06,29.709999
MCB,MCB,2026-08-06,94.040001
FIVN,FIVN,2026-08-06,28.809999
HII,HII,2026-08-06,322.470001
ALSN,ALSN,2026-08-06,117.730003
BRX,BRX,2026-08-06,31.120001
PFLT,PFLT,2026-08-06,7.120000
APAM,APAM,2026-08-06,42.779999
TRIP,TRIP,2026-08-06,10.940000
CHEF,CHEF,2026-08-06,109.589996
NTNX,NTNX,2026-08-06,59.259998
ORC,ORC,2026-08-06,6.400000
CDW,CDW,2026-08-06,138.789993
MCHB,MCHB,2026-08-06,17.160000
TDUP,TDUP,2026-08-06,3.820000
MAMA,MAMA,2026-08-06,18.370001
AVTX,AVTX,2026-08-06,17.870001
PPTA,PPTA,2026-08-06,22.340000
USAC,USAC,2026-08-06,26.040001
RBLX,RBLX,2026-08-06,35.599998
ENPH,ENPH,2026-08-06,38.400002
RARE,RARE,2026-08-06,24.990000
ARDX,ARDX,2026-08-06,4.890000
NET,NET,2026-08-06,283.179993
POST,POST,2026-08-06,90.360001
VRNS,VRNS,2026-08-06,42.209999
ABNB,ABNB,2026-08-06,152.139999
FSK,FSK,2026-08-06,11.640000
VTOL,VTOL,2026-08-06,45.509998
HAPN,HAPN,2026-08-06,20.219999
OKTA,OKTA,2026-08-06,141.240005
MUSA,MUSA,2026-08-06,540.000000
ROKU,ROKU,2026-08-06,148.320007
FLYW,FLYW,2026-08-06,18.450001
INSP,INSP,2026-08-06,59.599998
LASR,LASR,2026-08-06,74.320000
P,P,2026-08-06,83.839996
RH,RH,2026-08-06,192.770004
MDB,MDB,2026-08-06,358.000000
ENVA,ENVA,2026-08-06,262.279999
CUBI,CUBI,2026-08-06,83.209999
CAI,CAI,2026-08-06,19.000000
LIF,LIF,2026-08-06,59.900002
PINS,PINS,2026-08-06,23.219999
RUN,RUN,2026-08-06,9.045000
ABBV,ABBV,2026-08-06,249.039993
AMBQ,AMBQ,2026-08-06,62.020000
ANAB,ANAB,2026-08-06,55.279999
ZVRA,ZVRA,2026-08-06,11.305000
XNCR,XNCR,2026-08-06,21.959999
HTFL,HTFL,2026-08-06,27.000000
PCOR,PCOR,2026-08-06,54.470001
DOCS,DOCS,2026-08-06,21.209999
SGML,SGML,2026-08-06,10.540000
PSNL,PSNL,2026-08-06,13.220000
PBF,PBF,2026-08-06,62.599998
TMQ,TMQ,2026-08-06,3.510000
PSX,PSX,2026-08-06,208.970001
ESAB,ESAB,2026-08-06,92.000000
BRZE,BRZE,2026-08-06,24.840000
BL,BL,2026-08-06,29.680000
FRSH,FRSH,2026-08-06,11.130000
TWLO,TWLO,2026-08-06,187.100006
UBER,UBER,2026-08-06,68.629997
PTGX,PTGX,2026-08-06,145.009995
UNIT,UNIT,2026-08-06,9.750000
TRUP,TRUP,2026-08-06,27.590000
ROOT,ROOT,2026-08-06,47.000000
PGNY,PGNY,2026-08-06,31.360001
VRDN,VRDN,2026-08-06,20.934999
ARRY,ARRY,2026-08-06,6.260000
KNF,KNF,2026-08-06,67.660004
ESRT,ESRT,2026-08-06,4.900000
ADMA,ADMA,2026-08-06,9.700000
FANG,FANG,2026-08-06,189.550003
TRU,TRU,2026-08-06,79.989998
SKWD,SKWD,2026-08-06,63.029999
IR,IR,2026-08-06,91.779999
GMED,GMED,2026-08-06,81.000000
XENE,XENE,2026-08-06,64.500000
BLMN,BLMN,2026-08-06,12.150000
COUR,COUR,2026-08-06,5.700000
CHRN,CHRN,2026-08-06,23.250000
INTA,INTA,2026-08-06,35.919998
ZS,ZS,2026-08-06,155.750000
IQV,IQV,2026-08-06,236.000000
NXE,NXE,2026-08-06,9.980000
SUN,SUN,2026-08-06,73.779999
NWS,NWS,2026-08-06,34.709999
MPLX,MPLX,2026-08-06,59.680000
BLZE,BLZE,2026-08-06,18.245001
HUT,HUT,2026-08-06,90.250000
ZTS,ZTS,2026-08-06,78.820000
ESQ,ESQ,2026-08-06,132.970001
SAIC,SAIC,2026-08-06,120.900002
PARR,PARR,2026-08-06,71.050003
LW,LW,2026-08-06,53.820000
DUOL,DUOL,2026-08-06,130.110001
NBHC,NBHC,2026-08-06,42.930000
VVV,VVV,2026-08-06,36.590000
GFL,GFL,2026-08-06,41.630001
ACRS,ACRS,2026-08-06,6.340000
BFAM,BFAM,2026-08-06,74.959999
WES,WES,2026-08-06,47.029999
RLMD,RLMD,2026-08-06,5.440000
GLPI,GLPI,2026-08-06,44.259998
DDOG,DDOG,2026-08-06,227.449997
AMH,AMH,2026-08-06,35.000000
MRNA,MRNA,2026-08-06,57.540001
TRVI,TRVI,2026-08-06,18.650000
PRKS,PRKS,2026-08-06,45.549999
RITM,RITM,2026-08-06,10.140000
ZM,ZM,2026-08-06,98.809998
PD,PD,2026-08-06,10.760000
CXM,CXM,2026-08-06,6.580000
SNAP,SNAP,2026-08-06,5.200000
HASI,HASI,2026-08-06,38.220001
AMRX,AMRX,2026-08-06,18.700001
SFIX,SFIX,2026-08-06,4.120000
FHB,FHB,2026-08-06,28.080000
GSBD,GSBD,2026-08-06,8.840000
SHOP,SHOP,2026-08-06,143.699997
REAL,REAL,2026-08-06,12.440000
DOO,DOO,2026-08-06,66.110001
GNL,GNL,2026-08-06,8.940000
ESI,ESI,2026-08-06,37.919998
VISN,VISN,2026-08-06,10.970000
KN,KN,2026-08-06,39.369999
LYFT,LYFT,2026-08-06,16.270000
REXR,REXR,2026-08-06,36.919998
LIND,LIND,2026-08-06,34.560001
NAVI,NAVI,2026-08-06,9.130000
FSLY,FSLY,2026-08-06,22.730000
IRT,IRT,2026-08-06,17.260000
MIAX,MIAX,2026-08-06,46.189999
BURL,BURL,2026-08-06,371.440002
OUT,OUT,2026-08-06,32.139999
FIGS,FIGS,2026-08-06,10.860000
FOXF,FOXF,2026-08-06,19.850000
OGS,OGS,2026-08-06,80.470001
OMF,OMF,2026-08-06,65.769997
PVLA,PVLA,2026-08-06,155.399994
LGIH,LGIH,2026-08-06,61.840000
U,U,2026-08-06,36.009998
KODK,KODK,2026-08-06,9.690000
MTUS,MTUS,2026-08-06,21.830000
HLT,HLT,2026-08-06,324.660004
KEYS,KEYS,2026-08-06,333.100006
DNOW,DNOW,2026-08-06,15.430000
TDAY,TDAY,2026-08-06,8.050000
AVO,AVO,2026-08-06,12.240000
KHC,KHC,2026-08-06,25.767000
DASH,DASH,2026-08-06,214.669998
NMIH,NMIH,2026-08-06,45.119999
WRBY,WRBY,2026-08-06,25.070000
MMI,MMI,2026-08-06,32.700001
CC,CC,2026-08-06,14.620000
ALKT,ALKT,2026-08-06,18.309999
CTRE,CTRE,2026-08-06,41.570000
SG,SG,2026-08-06,5.880000
AAL,AAL,2026-08-06,16.400000
VVX,VVX,2026-08-06,79.889999
ONT,ONT,2026-08-06,15.280000
LADR,LADR,2026-08-06,9.480000
IBP,IBP,2026-08-06,246.360001
OMDA,OMDA,2026-08-06,18.780001
RYAM,RYAM,2026-08-06,9.770000
GOLD,GOLD,2026-08-06,43.000000
QTWO,QTWO,2026-08-06,62.509998
ATEN,ATEN,2026-08-06,27.930000
TTD,TTD,2026-08-06,18.520000
SHAK,SHAK,2026-08-06,71.959999
BLBD,BLBD,2026-08-06,70.070000
APLE,APLE,2026-08-06,17.030001
PAYC,PAYC,2026-08-06,212.889999
VIRT,VIRT,2026-08-06,58.310001
SYF,SYF,2026-08-06,79.779999
PCTY,PCTY,2026-08-06,148.179993
MEDP,MEDP,2026-08-06,588.000000
SYRE,SYRE,2026-08-06,102.389999
ARES,ARES,2026-08-06,138.899994
PAHC,PAHC,2026-08-06,36.480000
UE,UE,2026-08-06,21.760000
HRTG,HRTG,2026-08-06,34.540001
GH,GH,2026-08-06,160.429993
ENR,ENR,2026-08-06,22.299999
LMB,LMB,2026-08-06,49.730000
CCS,CCS,2026-08-06,71.250000
APP,APP,2026-08-06,338.450012
XIFR,XIFR,2026-08-06,11.580000
CDNA,CDNA,2026-08-06,46.000000
TWST,TWST,2026-08-06,113.760002
OR,OR,2026-08-06,32.060001
VKTX,VKTX,2026-08-06,33.500000
GDDY,GDDY,2026-08-06,90.279999
FNF,FNF,2026-08-06,52.160000
IBTA,IBTA,2026-08-06,35.299999
IRMD,IRMD,2026-08-06,92.669998
CFG,CFG,2026-08-06,74.250000
LNTH,LNTH,2026-08-06,101.519997
XHR,XHR,2026-08-06,20.350000
CSTL,CSTL,2026-08-06,30.200001
LITE,LITE,2026-08-06,808.530029
RIVN,RIVN,2026-08-06,15.390000
VCTR,VCTR,2026-08-06,102.500000
CZR,CZR,2026-08-06,30.150000
DBVT,DBVT,2026-08-06,14.290000
QSR,QSR,2026-08-06,73.339996
NXRT,NXRT,2026-08-06,24.830000
PYPL,PYPL,2026-08-06,58.290001
HPE,HPE,2026-08-06,51.380001
PJT,PJT,2026-08-06,174.929993
WK,WK,2026-08-06,60.680000
BOOT,BOOT,2026-08-06,162.009995
SNOW,SNOW,2026-08-06,304.390015
COGT,COGT,2026-08-06,41.880001
RYTM,RYTM,2026-08-06,110.029999
MSGS,MSGS,2026-08-06,393.649994
ALOY,ALOY,2026-08-06,9.620000
FND,FND,2026-08-06,62.110001
ALRM,ALRM,2026-08-06,56.090000
BW,BW,2026-08-06,9.350000
NTLA,NTLA,2026-08-06,10.640000
ULS,ULS,2026-08-06,77.970001
CSW,CSW,2026-08-06,329.820007
ANNX,ANNX,2026-08-06,5.370000
DEA,DEA,2026-08-06,25.330000
IBRX,IBRX,2026-08-06,7.240000
QRVO,QRVO,2026-08-06,94.650002
TXG,TXG,2026-08-06,46.830002
VIA,VIA,2026-08-06,20.790001
RGNX,RGNX,2026-08-06,11.280000
ATEX,ATEX,2026-08-06,100.669998
RVMD,RVMD,2026-08-06,197.720001
NXT,NXT,2026-08-06,98.349998
SEDG,SEDG,2026-08-06,34.474998
NRDS,NRDS,2026-08-06,9.000000
KURA,KURA,2026-08-06,9.160000
BSM,BSM,2026-08-06,14.320000
RBRK,RBRK,2026-08-06,82.010002
NEXT,NEXT,2026-08-06,6.580000
APPF,APPF,2026-08-06,190.830002
CWEN,CWEN,2026-08-06,32.509998
SHC,SHC,2026-08-06,18.549999
WING,WING,2026-08-06,121.180000
HOOD,HOOD,2026-08-06,90.709999
MNST,MNST,2026-08-06,94.000000
DNLI,DNLI,2026-08-06,24.480000
JXN,JXN,2026-08-06,133.509995
FSV,FSV,2026-08-06,144.279999
OLLI,OLLI,2026-08-06,78.400002
IOT,IOT,2026-08-06,37.470001
RPD,RPD,2026-08-06,10.404000
UA,UA,2026-08-06,6.670000
TTAN,TTAN,2026-08-06,82.239998
CRVS,CRVS,2026-08-06,13.820000
PLNT,PLNT,2026-08-06,55.500000
FCPT,FCPT,2026-08-06,25.400000
AGI,AGI,2026-08-06,30.809999
ONDS,ONDS,2026-08-06,8.620000
PRCT,PRCT,2026-08-06,18.879999
ACI,ACI,2026-08-06,11.880000
NGVT,NGVT,2026-08-06,77.790001
Z,Z,2026-08-06,30.809999
PCVX,PCVX,2026-08-06,55.169998
DFIN,DFIN,2026-08-06,49.419998
GOOGL,GOOGL,2026-08-06,360.769989
GOOG,GOOG,2026-08-06,358.791992
SGRY,SGRY,2026-08-06,15.350000
SITE,SITE,2026-08-06,101.480003
KVYO,KVYO,2026-08-06,16.200001
PFGC,PFGC,2026-08-06,113.750000
WSC,WSC,2026-08-06,26.459999
LSPD,LSPD,2026-08-06,10.170000
AA,AA,2026-08-06,47.240002
LAUR,LAUR,2026-08-06,38.049999
S,S,2026-08-06,20.200001
AXSM,AXSM,2026-08-06,212.729996
RRR,RRR,2026-08-06,61.750000
YUMC,YUMC,2026-08-06,47.880001
CRNX,CRNX,2026-08-06,84.010002
METC,METC,2026-08-06,9.130000
XMTR,XMTR,2026-08-06,90.279999
ORIC,ORIC,2026-08-06,13.005000
FTV,FTV,2026-08-06,61.500000
CRWD,CRWD,2026-08-06,203.000000
FIG,FIG,2026-08-06,23.230000
LMND,LMND,2026-08-06,51.689999
DD,DD,2026-08-06,147.800003
DOW,DOW,2026-08-06,30.000000
CTVA,CTVA,2026-08-06,78.459999
IMNM,IMNM,2026-08-06,25.440001
PLSE,PLSE,2026-08-06,37.910000
SUPV,SUPV,2026-08-06,8.900000
TOST,TOST,2026-08-06,34.810001
KOD,KOD,2026-08-06,43.660000
USFD,USFD,2026-08-06,105.330002
HGV,HGV,2026-08-06,47.000000
ELVN,ELVN,2026-08-06,59.340000
IDYA,IDYA,2026-08-06,36.070000
ITT,ITT,2026-08-06,220.199997
ASIX,ASIX,2026-08-06,20.330000
ASH,ASH,2026-08-06,73.209999
DBRG,DBRG,2026-08-06,15.930000
CTKB,CTKB,2026-08-06,4.370000
GOLF,GOLF,2026-08-06,108.309998
PR,PR,2026-08-06,20.549999
BVS,BVS,2026-08-06,15.010000
YETI,YETI,2026-08-06,52.279999
KNSL,KNSL,2026-08-06,374.000000
OBDC,OBDC,2026-08-06,11.170000
AMR,AMR,2026-08-06,148.000000
GTLB,GTLB,2026-08-06,34.250000
TECX,TECX,2026-08-06,29.910000
ARDT,ARDT,2026-08-06,11.350000
FBK,FBK,2026-08-06,62.150002
AMLX,AMLX,2026-08-06,21.100000
ELF,ELF,2026-08-06,89.349998
RCUS,RCUS,2026-08-06,29.400000
RLAY,RLAY,2026-08-06,19.709999
DELL,DELL,2026-08-06,450.549988
VST,VST,2026-08-06,142.000000
HWM,HWM,2026-08-06,299.000000
BHF,BHF,2026-08-06,62.090000
IIPR,IIPR,2026-08-06,58.360001
EVER,EVER,2026-08-06,23.230000
JBGS,JBGS,2026-08-06,12.300000
DNTH,DNTH,2026-08-06,111.930000
UPWK,UPWK,2026-08-06,9.430000
PK,PK,2026-08-06,14.880000
DXC,DXC,2026-08-06,10.890000
BJ,BJ,2026-08-06,97.980003
INVH,INVH,2026-08-06,30.799999
KRP,KRP,2026-08-06,14.720000
SWX,SWX,2026-08-06,92.199997
ULTA,ULTA,2026-08-06,539.609985
HLNE,HLNE,2026-08-06,100.809998
PUMP,PUMP,2026-08-06,11.090000
SPRY,SPRY,2026-08-06,5.380000
DK,DK,2026-08-06,61.740002
AVTR,AVTR,2026-08-06,13.400000
GOOS,GOOS,2026-08-06,8.860000
VRRM,VRRM,2026-08-06,4.785000
WTTR,WTTR,2026-08-06,21.660000
ACVA,ACVA,2026-08-06,7.550000
AVAH,AVAH,2026-08-06,9.290000
SEI,SEI,2026-08-06,58.000000
AM,AM,2026-08-06,21.290001
CAVA,CAVA,2026-08-06,64.989998
BTU,BTU,2026-08-06,23.250000
BKR,BKR,2026-08-06,62.340000
KNTK,KNTK,2026-08-06,50.000000
ULCC,ULCC,2026-08-06,7.830000
CVNA,CVNA,2026-08-06,68.410004
HCC,HCC,2026-08-06,86.559998
LBRT,LBRT,2026-08-06,19.549999
PATH,PATH,2026-08-06,13.200000
PENG,PENG,2026-08-06,53.240002
MGY,MGY,2026-08-06,25.250000
CGBD,CGBD,2026-08-06,10.320000
SMPL,SMPL,2026-08-06,11.110000
ECVT,ECVT,2026-08-06,11.380000
CNNE,CNNE,2026-08-06,14.880000
ETON,ETON,2026-08-06,47.360001
VIR,VIR,2026-08-06,9.699000
EVRG,EVRG,2026-08-06,84.750000
ALGM,ALGM,2026-08-06,40.840000
HNGE,HNGE,2026-08-06,78.599998
FTDR,FTDR,2026-08-06,78.379997
TDW,TDW,2026-08-06,78.739998
BIOA,BIOA,2026-08-06,10.902000
CNR,CNR,2026-08-06,88.459999
WH,WH,2026-08-06,76.790001
AGL,AGL,2026-08-06,100.589996
KRYS,KRYS,2026-08-06,323.459991
CELC,CELC,2026-08-06,92.919998
CTOS,CTOS,2026-08-06,11.140000
IMMX,IMMX,2026-08-06,9.520000
CRSR,CRSR,2026-08-06,11.080000
RDVT,RDVT,2026-08-06,63.990002
ERO,ERO,2026-08-06,29.910000
ACMR,ACMR,2026-08-06,77.665001
CARG,CARG,2026-08-06,35.740002
EYE,EYE,2026-08-06,22.889999
APG,APG,2026-08-06,41.990002
VICI,VICI,2026-08-06,26.610001
CGEM,CGEM,2026-08-06,17.670000
REZI,REZI,2026-08-06,26.320000
GTX,GTX,2026-08-06,31.290001
NMRK,NMRK,2026-08-06,15.340000
COMP,COMP,2026-08-06,12.720000
EQH,EQH,2026-08-06,51.500000
MNPR,MNPR,2026-08-06,119.949997
BCSF,BCSF,2026-08-06,12.750000
PTON,PTON,2026-08-06,5.900000
ACA,ACA,2026-08-06,145.500000
FOXA,FOXA,2026-08-06,60.090000
FOX,FOX,2026-08-06,53.730000
NTR,NTR,2026-08-06,64.940002
SLDB,SLDB,2026-08-06,8.760000
BBNX,BBNX,2026-08-06,13.720000
CEPU,CEPU,2026-08-06,14.200000
STOK,STOK,2026-08-06,31.990000
TALO,TALO,2026-08-06,14.460000
BH,BH,2026-08-06,403.959991
WHD,WHD,2026-08-06,66.480003
HYMC,HYMC,2026-08-06,23.600000
BRSP,BRSP,2026-08-06,5.030000
EWTX,EWTX,2026-08-06,44.130001
TH,TH,2026-08-06,15.760000
ARLO,ARLO,2026-08-06,15.770000
CART,CART,2026-08-06,44.990002
GSHD,GSHD,2026-08-06,66.949997
AVGO,AVGO,2026-08-06,420.549988
AHCO,AHCO,2026-08-06,6.440000
ROAD,ROAD,2026-08-06,106.190002
BH.A,BH-A,2026-08-06,2014.810059
CBLL,CBLL,2026-08-06,18.270000
SRRK,SRRK,2026-08-06,50.209999
BEAM,BEAM,2026-08-06,26.709999
NWN,NWN,2026-08-06,49.869999
CI,CI,2026-08-06,273.369995
EPRT,EPRT,2026-08-06,30.969999
BV,BV,2026-08-06,10.420000
VZLA,VZLA,2026-08-06,3.540000
VRT,VRT,2026-08-06,271.130005
TLRY,TLRY,2026-08-06,4.440000
SPHR,SPHR,2026-08-06,160.199997
TENB,TENB,2026-08-06,34.799999
ELAN,ELAN,2026-08-06,25.350000
ABCL,ABCL,2026-08-06,5.790000
PFSI,PFSI,2026-08-06,75.129997
NVST,NVST,2026-08-06,28.700001
KTB,KTB,2026-08-06,83.370003
ARVN,ARVN,2026-08-06,8.400000
RVLV,RVLV,2026-08-06,24.469999
UTZ,UTZ,2026-08-06,14.140000
GDYN,GDYN,2026-08-06,7.250000
MIRM,MIRM,2026-08-06,90.250000
SEZL,SEZL,2026-08-06,168.539993
BXSL,BXSL,2026-08-06,23.559999
ERAS,ERAS,2026-08-06,18.330000
OTF,OTF,2026-08-06,10.510000
CADL,CADL,2026-08-06,10.470000
SANA,SANA,2026-08-06,3.505000
HYLN,HYLN,2026-08-06,4.110000
VOR,VOR,2026-08-06,22.010000
TIGR,TIGR,2026-08-06,4.760000
FLY,FLY,2026-08-06,22.600000
MAZE,MAZE,2026-08-06,27.889999
TW,TW,2026-08-06,102.320000
PLMR,PLMR,2026-08-06,136.169998
PSTL,PSTL,2026-08-06,23.330000
DYN,DYN,2026-08-06,26.510000
TMDX,TMDX,2026-08-06,76.370003
CHWY,CHWY,2026-08-06,23.700001
AAMI,AAMI,2026-08-06,90.750000
PNTG,PNTG,2026-08-06,37.849998
GO,GO,2026-08-06,9.850000
PHAT,PHAT,2026-08-06,8.380000
IMVT,IMVT,2026-08-06,37.980000
BBIO,BBIO,2026-08-06,81.500000
UPST,UPST,2026-08-06,29.267000
KRUS,KRUS,2026-08-06,48.779999
DT,DT,2026-08-06,49.400002
RXRX,RXRX,2026-08-06,3.130000
ASTS,ASTS,2026-08-06,65.849998
HIMS,HIMS,2026-08-06,31.110001
VERA,VERA,2026-08-06,30.900000
AVPT,AVPT,2026-08-06,13.120000
BWIN,BWIN,2026-08-06,28.950001
CHYM,CHYM,2026-08-06,28.299999
ARQT,ARQT,2026-08-06,29.209999
SITM,SITM,2026-08-06,684.880005
UROY,UROY,2026-08-06,3.550000
PLTK,PLTK,2026-08-06,3.470000
BKSY,BKSY,2026-08-06,25.600000
TFPM,TFPM,2026-08-06,30.920000
BILL,BILL,2026-08-06,46.759998
REYN,REYN,2026-08-06,26.760000
PRCH,PRCH,2026-08-06,15.410000
HESM,HESM,2026-08-06,39.900002
OI,OI,2026-08-06,7.420000
OVV,OVV,2026-08-06,59.430000
MSDL,MSDL,2026-08-06,15.110000
TARS,TARS,2026-08-06,57.630001
ADEA,ADEA,2026-08-06,28.830000
CNXC,CNXC,2026-08-06,25.400000
TYRA,TYRA,2026-08-06,25.690001
HPK,HPK,2026-08-06,6.990000
AEVA,AEVA,2026-08-06,25.799999
RSI,RSI,2026-08-06,25.980000
WMG,WMG,2026-08-06,26.490000
CARR,CARR,2026-08-06,65.389999
OTIS,OTIS,2026-08-06,73.379997
VNT,VNT,2026-08-06,36.259998
GTM,GTM,2026-08-06,3.780000
PPLI,PPLI,2026-08-06,43.680000
KYMR,KYMR,2026-08-06,105.000000
NRIX,NRIX,2026-08-06,25.174999
OPEN,OPEN,2026-08-06,3.700000
CLOV,CLOV,2026-08-06,4.890000
TMC,TMC,2026-08-06,4.000000
DSGN,DSGN,2026-08-06,13.540000
OLMA,OLMA,2026-08-06,11.510000
TRIN,TRIN,2026-08-06,17.370001
ALAB,ALAB,2026-08-06,313.089996
MP,MP,2026-08-06,47.299999
TSHA,TSHA,2026-08-06,6.390000
BFLY,BFLY,2026-08-06,8.275000
FOUR,FOUR,2026-08-06,47.450001
EOSE,EOSE,2026-08-06,3.715000
TALK,TALK,2026-08-06,5.210000
WBTN,WBTN,2026-08-06,9.220000
NUVB,NUVB,2026-08-06,6.060000
MIR,MIR,2026-08-06,15.300000
QS,QS,2026-08-06,5.440000
PRG,PRG,2026-08-06,45.430000
MTCH,MTCH,2026-08-06,37.619999
VERX,VERX,2026-08-06,11.500000
ABX,ABX,2026-08-06,10.425000
RKT,RKT,2026-08-06,13.500000
RXT,RXT,2026-08-06,4.550000
EVLV,EVLV,2026-08-06,5.870000
NTST,NTST,2026-08-06,21.250000
LCID,LCID,2026-08-06,6.660000
MBX,MBX,2026-08-06,66.190002
EBC,EBC,2026-08-06,23.309999
PRAX,PRAX,2026-08-06,350.470001
IRON,IRON,2026-08-06,79.660004
HRMY,HRMY,2026-08-06,38.310001
SPIR,SPIR,2026-08-06,12.710000
TNGX,TNGX,2026-08-06,28.280001
JBIO,JBIO,2026-08-06,21.750000
CCC,CCC,2026-08-06,6.360000
ACT,ACT,2026-08-06,48.060001
STEP,STEP,2026-08-06,49.209999
ANRO,ANRO,2026-08-06,27.990000
ASAN,ASAN,2026-08-06,8.600000
GLUE,GLUE,2026-08-06,15.620000
SMMT,SMMT,2026-08-06,13.630000
ASO,ASO,2026-08-06,47.869999
WGS,WGS,2026-08-06,67.940002
CPNG,CPNG,2026-08-06,15.980000
LBRX,LBRX,2026-08-06,45.000000
MLTX,MLTX,2026-08-06,17.580000
AMAL,AMAL,2026-08-06,50.680000
ACHR,ACHR,2026-08-06,5.170000
MAX,MAX,2026-08-06,12.120000
OUST,OUST,2026-08-06,43.939999
GPGI,GPGI,2026-08-06,15.600000
OWL,OWL,2026-08-06,11.470000
OPFI,OPFI,2026-08-06,9.810000
PWP,PWP,2026-08-06,17.490000
CIFR,CIFR,2026-08-06,18.065001
IONQ,IONQ,2026-08-06,41.369999
CRC,CRC,2026-08-06,52.290001
MRVI,MRVI,2026-08-06,6.420000
CTO,CTO,2026-08-06,22.000000
GBTG,GBTG,2026-08-06,9.430000
VTRS,VTRS,2026-08-06,18.150000
AI,AI,2026-08-06,9.750000
GCMG,GCMG,2026-08-06,13.510000
CHRD,CHRD,2026-08-06,130.929993
AFRM,AFRM,2026-08-06,77.000000
CERT,CERT,2026-08-06,8.010000
CARE,CARE,2026-08-06,35.150002
SOFI,SOFI,2026-08-06,17.940001
ENVX,ENVX,2026-08-06,4.230000
HLMN,HLMN,2026-08-06,9.220000
ARKO,ARKO,2026-08-06,7.350000
GXO,GXO,2026-08-06,47.110001
WOOF,WOOF,2026-08-06,2.930000
SMR,SMR,2026-08-06,9.335000
RDW,RDW,2026-08-06,12.240000
CGON,CGON,2026-08-06,71.849998
NABL,NABL,2026-08-06,4.890000
OSCR,OSCR,2026-08-06,27.530001
DFH,DFH,2026-08-06,14.620000
DRVN,DRVN,2026-08-06,14.300000
BKV,BKV,2026-08-06,23.840000
NVTS,NVTS,2026-08-06,11.880000
SHLS,SHLS,2026-08-06,8.410000
PCT,PCT,2026-08-06,6.785000
TPL,TPL,2026-08-06,394.230011
HIPO,HIPO,2026-08-06,32.029999
APA,APA,2026-08-06,36.560001
GRND,GRND,2026-08-06,17.360001
NRGV,NRGV,2026-08-06,3.000000
BCAX,BCAX,2026-08-06,26.110001
INDI,INDI,2026-08-06,3.350000
DAVE,DAVE,2026-08-06,385.970001
BBAI,BBAI,2026-08-06,2.970000
PAYO,PAYO,2026-08-06,7.120000
RUM,RUM,2026-08-06,6.090000
DRUG,DRUG,2026-08-06,79.720001
EXE,EXE,2026-08-06,92.440002
SOC,SOC,2026-08-06,4.590000
KBDC,KBDC,2026-08-06,13.710000
SYM,SYM,2026-08-06,43.610001
RGTI,RGTI,2026-08-06,16.150000
AUR,AUR,2026-08-06,6.630000
HAYW,HAYW,2026-08-06,15.990000
PL,PL,2026-08-06,22.000000
DOCN,DOCN,2026-08-06,121.250000
COIN,COIN,2026-08-06,146.759995
GROY,GROY,2026-08-06,2.890000
JANX,JANX,2026-08-06,15.990000
ALHC,ALHC,2026-08-06,13.650000
LUNR,LUNR,2026-08-06,13.740000
CLYM,CLYM,2026-08-06,12.440000
DV,DV,2026-08-06,11.990000
OGN,OGN,2026-08-06,13.580000
DRS,DRS,2026-08-06,45.240002
STGW,STGW,2026-08-06,8.810000
MRVL,MRVL,2026-08-06,205.570007
MLYS,MLYS,2026-08-06,26.910000
PRVA,PRVA,2026-08-06,20.900000
JBI,JBI,2026-08-06,5.660000
ZETA,ZETA,2026-08-06,26.799999
PAY,PAY,2026-08-06,39.599998
VSXY,VSXY,2026-08-06,89.470001
OKLO,OKLO,2026-08-06,43.340000
SLDP,SLDP,2026-08-06,2.120000
DTM,DTM,2026-08-06,135.619995
GPOR,GPOR,2026-08-06,157.220001
MQ,MQ,2026-08-06,16.360001
WBD,WBD,2026-08-06,26.200001
LFST,LFST,2026-08-06,10.990000
CNM,CNM,2026-08-06,46.500000
DJT,DJT,2026-08-06,9.800000
DNUT,DNUT,2026-08-06,3.200000
YOU,YOU,2026-08-06,56.480000
FA,FA,2026-08-06,22.155001
RYAN,RYAN,2026-08-06,45.049999
AVBP,AVBP,2026-08-06,30.610001
ABSI,ABSI,2026-08-06,8.220000
PECO,PECO,2026-08-06,41.869999
CDRE,CDRE,2026-08-06,34.590000
PRME,PRME,2026-08-06,3.060000
CRWV,CRWV,2026-08-06,86.349998
TSAT,TSAT,2026-08-06,51.279999
GLXY,GLXY,2026-08-06,18.924999
DC,DC,2026-08-06,5.320000
SLVM,SLVM,2026-08-06,39.070000
WULF,WULF,2026-08-06,17.299999
BROS,BROS,2026-08-06,56.459999
RELY,RELY,2026-08-06,25.980000
AMPL,AMPL,2026-08-06,10.160000
FWRG,FWRG,2026-08-06,12.740000
LTH,LTH,2026-08-06,45.169998
ARIS,ARIS,2026-08-06,15.400000
RPC,RPC,2026-08-06,8.930000
COCO,COCO,2026-08-06,64.839996
FLNC,FLNC,2026-08-06,12.812000
ARHS,ARHS,2026-08-06,9.750000
XERS,XERS,2026-08-06,7.190000
KD,KD,2026-08-06,13.850000
IE,IE,2026-08-06,10.605000
FBRT,FBRT,2026-08-06,7.520000
BTSG,BTSG,2026-08-06,62.240002
DKNG,DKNG,2026-08-06,21.370001
DINO,DINO,2026-08-06,84.570000
SATL,SATL,2026-08-06,4.830000
CBL,CBL,2026-08-06,57.080002
GEV,GEV,2026-08-06,1009.010010
ACDC,ACDC,2026-08-06,3.590000
SLDE,SLDE,2026-08-06,21.000000
BRBR,BRBR,2026-08-06,12.620000
ANGX,ANGX,2026-08-06,4.250000
CRGY,CRGY,2026-08-06,11.390000
ASPI,ASPI,2026-08-06,4.010000
TPG,TPG,2026-08-06,48.709999
FCFS,FCFS,2026-08-06,207.679993
NCNO,NCNO,2026-08-06,18.700001
EE,EE,2026-08-06,37.740002
CEG,CEG,2026-08-06,277.920013
BLCO,BLCO,2026-08-06,16.809999
SEPN,SEPN,2026-08-06,39.000000
BBUC,BBUC,2026-08-06,30.570000
RDDT,RDDT,2026-08-06,150.940002
RXO,RXO,2026-08-06,21.879999
ADTN,ADTN,2026-08-06,7.910000
CR,CR,2026-08-06,224.460007
CRBG,CRBG,2026-08-06,33.599998
SOUN,SOUN,2026-08-06,8.045000
FIP,FIP,2026-08-06,3.110000
CXT,CXT,2026-08-06,53.450001
QDEL,QDEL,2026-08-06,17.170000
NN,NN,2026-08-06,14.650000
SOLV,SOLV,2026-08-06,89.525002
QBTS,QBTS,2026-08-06,18.440001
MSGE,MSGE,2026-08-06,77.790001
J,J,2026-08-06,142.800003
ASST,ASST,2026-08-06,12.130000
AMPX,AMPX,2026-08-06,11.070000
VLTO,VLTO,2026-08-06,97.370003
BHRB,BHRB,2026-08-06,74.690002
MBLY,MBLY,2026-08-06,8.410000
ZYME,ZYME,2026-08-06,23.500000
NATL,NATL,2026-08-06,47.040001
BAM,BAM,2026-08-06,52.630001
ATMU,ATMU,2026-08-06,54.689999
UHAL.B,UHAL-B,2026-08-06,61.980000
VTS,VTS,2026-08-06,15.990000
MBC,MBC,2026-08-06,8.990000
GEHC,GEHC,2026-08-06,70.410004
FG,FG,2026-08-06,28.090000
TEAM,TEAM,2026-08-06,108.730003
KVUE,KVUE,2026-08-06,19.540001
HSAI,HSAI,2026-08-06,17.139999
SVV,SVV,2026-08-06,10.710000
PHIN,PHIN,2026-08-06,76.540001
NNE,NNE,2026-08-06,17.965000
RAPP,RAPP,2026-08-06,42.990002
KGS,KGS,2026-08-06,58.680000
TKO,TKO,2026-08-06,184.130005
CLB,CLB,2026-08-06,11.070000
SBGI,SBGI,2026-08-06,14.510000
TIC,TIC,2026-08-06,8.110000
TLN,TLN,2026-08-06,329.839996
FTRE,FTRE,2026-08-06,19.049999
APGE,APGE,2026-08-06,134.330002
BGC,BGC,2026-08-06,10.990000
BATRK,BATRK,2026-08-06,50.270000
USAR,USAR,2026-08-06,16.540001
FWONA,FWONA,2026-08-06,86.239998
FWONK,FWONK,2026-08-06,96.629997
HHH,HHH,2026-08-06,68.099998
DBD,DBD,2026-08-06,77.230003
ZBIO,ZBIO,2026-08-06,31.510000
AAUC,AAUC,2026-08-06,19.320000
ALMS,ALMS,2026-08-06,27.100000
AESI,AESI,2026-08-06,10.540000
LAC,LAC,2026-08-06,3.045000
GRDN,GRDN,2026-08-06,40.490002
WS,WS,2026-08-06,38.290001
WAY,WAY,2026-08-06,23.230000
CURB,CURB,2026-08-06,29.750000
FUN,FUN,2026-08-06,17.520000
TBN,TBN,2026-08-06,32.740002
SBET,SBET,2026-08-06,6.260000
SIRI,SIRI,2026-08-06,30.770000
TE,TE,2026-08-06,5.260000
NBBK,NBBK,2026-08-06,23.200001
CORZ,CORZ,2026-08-06,21.254999
AHR,AHR,2026-08-06,56.000000
PACS,PACS,2026-08-06,47.450001
CTRI,CTRI,2026-08-06,22.280001
ECG,ECG,2026-08-06,142.360001
LOAR,LOAR,2026-08-06,80.949997
UMAC,UMAC,2026-08-06,23.680000
BOW,BOW,2026-08-06,33.700001
LH,LH,2026-08-06,316.829987
INBX,INBX,2026-08-06,83.830002
TEM,TEM,2026-08-06,45.320000
LB,LB,2026-08-06,78.790001
SOBO,SOBO,2026-08-06,36.299999
GRAL,GRAL,2026-08-06,68.000000
CON,CON,2026-08-06,30.860001
FIGR,FIGR,2026-08-06,28.150000
LINE,LINE,2026-08-06,41.160000
FERG,FERG,2026-08-06,256.320007
CLMT,CLMT,2026-08-06,41.240002
AMTM,AMTM,2026-08-06,23.350000
AVR,AVR,2026-08-06,7.960000
BLK,BLK,2026-08-06,1135.569946
INGM,INGM,2026-08-06,28.370001
PRMB,PRMB,2026-08-06,24.020000
PRM,PRM,2026-08-06,34.580002
SNDK,SNDK,2026-08-06,1173.260010
FLOC,FLOC,2026-08-06,20.860001
VG,VG,2026-08-06,12.750000
BEPC,BEPC,2026-08-06,33.349998
BIPC,BIPC,2026-08-06,40.279999
RHLD,RHLD,2026-08-06,136.770004
SFD,SFD,2026-08-06,25.530001
MRP,MRP,2026-08-06,29.540001
SAIL,SAIL,2026-08-06,17.540001
KRMN,KRMN,2026-08-06,54.290001
MNTN,MNTN,2026-08-06,10.320000
NMAX,NMAX,2026-08-06,8.350000
SMA,SMA,2026-08-06,35.250000
CRCL,CRCL,2026-08-06,61.240002
LION,LION,2026-08-06,12.970000
VOYG,VOYG,2026-08-06,34.505001
RAL,RAL,2026-08-06,65.809998
JCAP,JCAP,2026-08-06,20.440001
RKLB,RKLB,2026-08-06,72.309998
PSKY,PSKY,2026-08-06,8.920000
MH,MH,2026-08-06,11.650000
VNOM,VNOM,2026-08-06,42.189999
GEMI,GEMI,2026-08-06,4.010000
LGN,LGN,2026-08-06,65.550003
EMA,EMA,2026-08-06,52.049999
BMNR,BMNR,2026-08-06,18.020000
CBC,CBC,2026-08-06,33.230000
BTQ,BTQ,2026-08-06,3.950000
BGSI,BGSI,2026-08-06,102.699997
ALH,ALH,2026-08-06,28.000000
BETA,BETA,2026-08-06,22.200001
WLTH,WLTH,2026-08-06,9.510000
NTSK,NTSK,2026-08-06,13.735000
NAVN,NAVN,2026-08-06,27.990000
BLLN,BLLN,2026-08-06,105.160004
STUB,STUB,2026-08-06,9.020000
XZO,XZO,2026-08-06,16.370001
KDK,KDK,2026-08-06,4.230000
MPLT,MPLT,2026-08-06,12.760000
IMSR,IMSR,2026-08-06,5.120000
XXI,XXI,2026-08-06,4.470000
Q,Q,2026-08-06,134.470001
PTRN,PTRN,2026-08-06,22.490000
WBI,WBI,2026-08-06,35.020000
NP,NP,2026-08-06,32.810001
FRMI,FRMI,2026-08-06,5.970000
SOLS,SOLS,2026-08-06,62.180000
ANDG,ANDG,2026-08-06,50.000000
WOLF,WOLF,2026-08-06,25.400000
VSNT,VSNT,2026-08-06,40.060001
PURR,PURR,2026-08-06,6.500000
MDLN,MDLN,2026-08-06,36.110001
SUNC,SUNC,2026-08-06,73.790001
DEC,DEC,2026-08-06,13.510000
LMRI,LMRI,2026-08-06,11.330000
CDNL,CDNL,2026-08-06,62.939999
LLYVA,LLYVA,2026-08-06,99.660004
LLYVK,LLYVK,2026-08-06,103.250000
ATAI,ATAI,2026-08-06,7.200000
PNFP,PNFP,2026-08-06,108.000000
AKTS,AKTS,2026-08-06,22.340000
SCZM,SCZM,2026-08-06,7.750000
EQPT,EQPT,2026-08-06,19.840000
BTGO,BTGO,2026-08-06,4.920000
INDV,INDV,2026-08-06,39.040001
LIFE,LIFE,2026-08-06,25.750000
YSS,YSS,2026-08-06,13.100000
BOBS,BOBS,2026-08-06,17.040001
MANE,MANE,2026-08-06,111.000000
FPS,FPS,2026-08-06,37.500000
OFRM,OFRM,2026-08-06,17.230000
EIKN,EIKN,2026-08-06,9.400000
MWH,MWH,2026-08-06,27.570000
SHAZ,SHAZ,2026-08-06,52.840000
INFQ,INFQ,2026-08-06,10.500000
APC,APC,2026-08-06,19.850000
GENB,GENB,2026-08-06,14.100000
RNA,RNA,2026-08-06,11.960000
MDA,MDA,2026-08-06,34.000000
MMED,MMED,2026-08-06,18.559999
SUNB,SUNB,2026-08-06,79.639999
JAN,JAN,2026-08-06,30.490000
XNDU,XNDU,2026-08-06,10.570000
OGC,OGC,2026-08-06,26.110001
TRAX,TRAX,2026-08-06,47.250000
KEEL,KEEL,2026-08-06,3.785000
RMIX,RMIX,2026-08-06,18.500000
AYA,AYA,2026-08-06,24.240000
AVLN,AVLN,2026-08-06,32.200001
XE,XE,2026-08-06,18.920000
HAWK,HAWK,2026-08-06,23.790001
ALMR,ALMR,2026-08-06,28.420000
YSWY,YSWY,2026-08-06,21.500000
ODTX,ODTX,2026-08-06,21.030001
SPTX,SPTX,2026-08-06,22.010000
PS,PS,2026-08-06,35.009998
KLRA,KLRA,2026-08-06,17.959999
MAIR,MAIR,2026-08-06,31.160000
AVEX,AVEX,2026-08-06,19.389999
ARXS,ARXS,2026-08-06,59.599998
COAG,COAG,2026-08-06,50.200001
NHP,NHP,2026-08-06,17.420000
BOT,BOT,2026-08-06,26.799999
NVRI,NVRI,2026-08-06,23.100000
FAC,FAC,2026-08-06,6.130000
EROC,EROC,2026-08-06,10.750000
ITG,ITG,2026-08-06,12.800000
TRLV,TRLV,2026-08-06,8.400000
LFTO,LFTO,2026-08-06,25.330000
LIME,LIME,2026-08-06,36.369999
PBLS,PBLS,2026-08-06,35.099998
IQMX,IQMX,2026-08-06,9.010000
FRVO,FRVO,2026-08-06,22.000000
KARD,KARD,2026-08-06,20.330000
FDXF,FDXF,2026-08-06,142.279999
HONA,HONA,2026-08-06,155.000000
BXDC,BXDC,2026-08-06,20.000000
GMRS,GMRS,2026-08-06,12.320000
LCLN,LCLN,2026-08-06,22.530001
FRBT,FRBT,2026-08-06,19.420000
SPCX,SPCX,2026-08-06,107.089996
SSMR,SSMR,2026-08-06,15.810000
QNT,QNT,2026-08-06,55.000000
XOM,XOM,2026-08-06,154.220001
SECZ,SECZ,2026-08-06,7.450000
MFP,MFP,2026-08-06,46.660000
BRUN,BRUN,2026-08-06,19.379999
AADX,AADX,2026-08-06,20.990000
MBGL,MBGL,2026-08-06,21.020000
TGLS,TGLS,2026-08-06,46.689999
CBRS,CBRS,2026-08-06,206.509995
STDN,STDN,2026-08-06,8.200000
GFUZ,GFUZ,2026-08-06,9.000000
CSQR,CSQR,2026-08-06,20.000000
CLBK,CLBK,2026-08-06,10.820000
FRNM,FRNM,2026-08-06,11.100000
JMKE,JMKE,2026-08-06,23.360001
IOND,IOND,2026-08-06,53.340000
