ticker,quantity,algo,infocode
MCHPP,1,VWAP,380699
LBTYA,4,VWAP,61080
LBTYK,5,VWAP,70226
MPC,0,VWAP,252173
AAPL,0,VWAP,72990
ABM,0,VWAP,69692
ABT,0,VWAP,69689
B,1,VWAP,52577
AB,0,VWAP,52400
IEP,-2,VWAP,70459
RAMP,1,VWAP,64322
ADBE,0,VWAP,64327
ADI,0,VWAP,59642
ADM,0,VWAP,69695
AEE,0,VWAP,69957
AEP,0,VWAP,52590
AFL,0,VWAP,60801
AIG,0,VWAP,52604
AIR,0,VWAP,72943
AIT,0,VWAP,52608
AJG,0,VWAP,52611
MATX,0,VWAP,60057
ALK,0,VWAP,64262
ALX,0,VWAP,49860
AMAT,0,VWAP,63722
PLD,0,VWAP,64265
AMD,0,VWAP,72952
AME,0,VWAP,67193
AMGN,0,VWAP,67235
FRME,0,VWAP,66623
AMT,0,VWAP,64269
AN,0,VWAP,60279
AOS,0,VWAP,64280
APD,0,VWAP,72881
APH,0,VWAP,60906
APOG,0,VWAP,49856
ARW,0,VWAP,49670
ASB,0,VWAP,65152
ASTE,-1,VWAP,61229
ATRO,0,VWAP,60979
EPAC,-1,VWAP,67228
AVA,0,VWAP,65037
AVT,0,VWAP,69661
AVY,0,VWAP,72920
AXP,0,VWAP,51211
BA,0,VWAP,46157
BAC,0,VWAP,67206
BAX,0,VWAP,68011
BBY,0,VWAP,57050
BC,0,VWAP,72928
BCE,0,VWAP,65133
BCPC,0,VWAP,51683
BDX,0,VWAP,57061
BEN,0,VWAP,69732
WRB,0,VWAP,67157
BF.A,13,VWAP,57063
BF.B,0,VWAP,57064
BNY,0,VWAP,57084
BKE,0,VWAP,60940
BKH,0,VWAP,59748
BALL,0,VWAP,57094
BMI,0,VWAP,57102
BPOP,0,VWAP,60835
BRC,0,VWAP,49733
MTRN,0,VWAP,57142
CAC,0,VWAP,60839
CAG,4,VWAP,51922
CAT,0,VWAP,46092
CBRL,0,VWAP,50569
CBSH,0,VWAP,58923
CBT,0,VWAP,63142
CBU,0,VWAP,63143
CCK,0,VWAP,63145
FIZZ,0,VWAP,66667
CDE,5,VWAP,63147
AMZN,0,VWAP,45293
CHCO,0,VWAP,60043
CHD,0,VWAP,63164
BBT,0,VWAP,50771
PPC,2,VWAP,218471
CINF,0,VWAP,67254
GE,0,VWAP,46238
CL,0,VWAP,61052
CLF,4,VWAP,65062
CLH,0,VWAP,60723
CLX,0,VWAP,65068
CMC,0,VWAP,67194
CMCSA,9,VWAP,69755
CMS,0,VWAP,72872
CNA,0,VWAP,63194
CNMD,0,VWAP,57599
CNS,0,VWAP,63200
COKE,0,VWAP,49792
COO,0,VWAP,61571
CPB,1,VWAP,69663
CPF,0,VWAP,67691
EHC,0,VWAP,55722
CRS,0,VWAP,61535
CSL,0,VWAP,72882
CPT,0,VWAP,60602
FLR,0,VWAP,72600
CSWC,0,VWAP,
CSX,0,VWAP,54178
BXMT,4,VWAP,65100
LUMN,15,VWAP,54181
CTS,0,VWAP,54183
CMI,0,VWAP,65046
CVS,0,VWAP,54192
CW,0,VWAP,61199
UVE,0,VWAP,67455
D,0,VWAP,65128
DCI,0,VWAP,72885
DCO,0,VWAP,72886
DE,0,VWAP,65049
GEN,1,VWAP,53117
DHR,0,VWAP,49596
DIS,0,VWAP,46669
DJCO,0,VWAP,64397
DLX,-1,VWAP,54235
DOV,0,VWAP,49459
DRI,0,VWAP,54254
DTE,0,VWAP,63956
DUK,0,VWAP,63961
ECL,0,VWAP,63971
ED,0,VWAP,61464
EFX,0,VWAP,63982
EGP,0,VWAP,51379
EME,0,VWAP,51657
EMR,0,VWAP,63995
EQT,0,VWAP,64012
ERIE,0,VWAP,49187
EXPD,0,VWAP,69680
NEU,0,VWAP,52905
DX,7,VWAP,63964
KGC,1,VWAP,67489
TRV,0,VWAP,54405
FAST,0,VWAP,49574
FNB,2,VWAP,60434
FBNC,0,VWAP,65597
FCNCA,0,VWAP,53031
FCX,0,VWAP,59820
FDX,0,VWAP,72977
FE,0,VWAP,57272
FEIM,0,VWAP,60130
FELE,0,VWAP,72891
FFBC,2,VWAP,61954
FITB,0,VWAP,61980
FLO,19,VWAP,57283
FMC,2,VWAP,69665
FOR,-7,VWAP,147746
NEE,0,VWAP,57302
FRT,0,VWAP,57317
SNEX,0,VWAP,52363
FSS,0,VWAP,52105
FUL,0,VWAP,67186
FULT,0,VWAP,55855
EAT,0,VWAP,63968
GD,0,VWAP,63619
GGG,0,VWAP,68522
GHM,0,VWAP,67153
GIS,0,VWAP,72888
STT,0,VWAP,62465
GLW,0,VWAP,63649
ALLY,0,VWAP,273772
GME,3,VWAP,63650
GATX,0,VWAP,63655
GNTX,1,VWAP,71932
GPC,0,VWAP,63661
GPI,0,VWAP,67024
GAP,3,VWAP,63663
GRC,0,VWAP,63666
GT,23,VWAP,63675
GTY,0,VWAP,60677
GWW,0,VWAP,69672
HAL,0,VWAP,63685
HAS,0,VWAP,63688
ALNT,0,VWAP,67223
HBAN,6,VWAP,62731
WELL,0,VWAP,55690
DOC,3,VWAP,51778
HCSG,0,VWAP,55925
HD,0,VWAP,60529
HOG,1,VWAP,55729
HE,4,VWAP,55696
HEI,0,VWAP,55698
LSTR,0,VWAP,50252
HL,7,VWAP,49167
HMN,0,VWAP,55726
HST,4,VWAP,55743
HOV,0,VWAP,70285
HP,-1,VWAP,55732
HRB,0,VWAP,55736
HRL,1,VWAP,72919
LHX,0,VWAP,55738
HSY,0,VWAP,55744
HTLD,2,VWAP,71524
HUBB,0,VWAP,72890
HUM,0,VWAP,65073
HWKN,0,VWAP,69763
HXL,0,VWAP,50659
IBCP,0,VWAP,68700
IBM,0,VWAP,46244
IDA,0,VWAP,55765
IDXX,0,VWAP,71322
IFF,0,VWAP,55771
TILE,0,VWAP,69740
COHR,0,VWAP,69859
INDB,0,VWAP,64421
DORM,0,VWAP,49847
WKC,0,VWAP,64048
IP,0,VWAP,72878
ADSK,0,VWAP,70087
IT,0,VWAP,51672
ITW,0,VWAP,64065
INTC,0,VWAP,46712
JBHT,0,VWAP,55192
JJSF,0,VWAP,70451
JKHY,0,VWAP,55206
JNJ,0,VWAP,52146
ORCL,0,VWAP,39985
KBH,0,VWAP,57399
KEX,0,VWAP,57410
KEY,3,VWAP,69686
KLAC,0,VWAP,69772
KLIC,0,VWAP,55278
KMB,0,VWAP,49964
KMT,-1,VWAP,57421
KO,5,VWAP,46120
KR,0,VWAP,72908
MZTI,0,VWAP,57653
AXGN,0,VWAP,59676
LEG,6,VWAP,69676
LEN,0,VWAP,49353
SR,0,VWAP,72918
LII,0,VWAP,57465
LLY,0,VWAP,57468
CTSH,0,VWAP,58512
LNC,0,VWAP,67166
LOW,0,VWAP,61197
LPX,0,VWAP,69711
LRCX,0,VWAP,54008
BBWI,3,VWAP,69724
JEF,0,VWAP,64195
LUV,0,VWAP,64197
LYTS,0,VWAP,54049
LZB,0,VWAP,64205
MGA,0,VWAP,71506
SANM,0,VWAP,65418
MAN,0,VWAP,66658
MAS,0,VWAP,72883
MAT,3,VWAP,67176
TRMB,0,VWAP,54829
MPB,0,VWAP,69603
MCD,0,VWAP,46668
IMO,0,VWAP,67224
MDU,0,VWAP,64223
MET,0,VWAP,72168
MGRC,0,VWAP,58748
ELS,0,VWAP,63990
SPGI,0,VWAP,64242
MITK,-2,VWAP,66550
MLKN,-1,VWAP,55444
MRSH,0,VWAP,46150
MMM,0,VWAP,50638
MO,0,VWAP,52838
MOD,0,VWAP,72988
MOG.A,0,VWAP,68246
MSI,0,VWAP,52841
CGNX,0,VWAP,50381
MRK,0,VWAP,46169
MRTN,3,VWAP,55538
MSA,0,VWAP,52854
MSEX,0,VWAP,55548
MSFT,0,VWAP,39988
MSM,0,VWAP,51754
MTN,0,VWAP,71596
MTX,0,VWAP,52870
MUR,0,VWAP,51342
PSA,0,VWAP,65043
MYE,0,VWAP,51592
ONTO,0,VWAP,58314
NDSN,0,VWAP,52759
NEM,0,VWAP,46418
NFG,0,VWAP,72877
NI,1,VWAP,65048
NJR,0,VWAP,65033
NOC,0,VWAP,52940
NPK,0,VWAP,51823
NSC,0,VWAP,60943
NSSC,0,VWAP,52286
NTRS,0,VWAP,56754
ES,0,VWAP,68204
NUE,0,VWAP,62274
NVR,0,VWAP,62281
NWL,20,VWAP,62285
ROG,0,VWAP,65039
LECO,0,VWAP,51609
OGE,0,VWAP,62303
OKE,0,VWAP,62308
OLN,1,VWAP,65038
OTTR,0,VWAP,54519
F,15,VWAP,61627
OXY,0,VWAP,61624
NVDA,0,VWAP,66821
COP,0,VWAP,63203
PATK,0,VWAP,54558
PAYX,0,VWAP,54562
PBI,0,VWAP,50108
PCAR,0,VWAP,54576
PCG,4,VWAP,59616
TPC,0,VWAP,61515
PDS,0,VWAP,69596
PEG,0,VWAP,61049
PFE,3,VWAP,46113
PG,0,VWAP,46422
POR,0,VWAP,56577
PGR,0,VWAP,50356
PH,0,VWAP,67147
RNST,-1,VWAP,61559
PHG,0,VWAP,65143
PHM,0,VWAP,67171
AGYS,0,VWAP,72903
PKE,0,VWAP,50932
PKG,0,VWAP,60335
PLAB,0,VWAP,61103
PLXS,0,VWAP,56679
PNC,0,VWAP,67980
OLED,0,VWAP,51296
TXNM,0,VWAP,59586
PNW,0,VWAP,56571
POOL,0,VWAP,56737
POWL,0,VWAP,56747
PPG,0,VWAP,56580
PPL,1,VWAP,56581
WTRG,2,VWAP,59442
ATO,0,VWAP,65613
PAR,-1,VWAP,56603
PVH,0,VWAP,72922
PWR,0,VWAP,60079
R,0,VWAP,72893
AIN,0,VWAP,52605
RRX,0,VWAP,56626
RES,21,VWAP,56643
RGEN,0,VWAP,62634
DDS,0,VWAP,69710
RGLD,0,VWAP,60163
RHI,0,VWAP,65093
MCO,0,VWAP,64214
RJF,0,VWAP,68461
TAP,0,VWAP,54344
RLI,0,VWAP,56660
OMC,0,VWAP,67215
ROK,0,VWAP,49537
ROL,2,VWAP,72884
ROST,0,VWAP,56131
SCHL,-1,VWAP,64561
SNPS,0,VWAP,56460
SAH,0,VWAP,62393
SAM,0,VWAP,71532
T,6,VWAP,62473
SCHW,0,VWAP,60007
SCL,0,VWAP,60600
SEB,0,VWAP,62408
SEIC,0,VWAP,51205
SF,0,VWAP,62411
SFNC,0,VWAP,71986
SHW,0,VWAP,69671
SIGI,0,VWAP,54323
SJM,0,VWAP,62432
HTO,0,VWAP,62433
SKY,0,VWAP,60415
SKYW,0,VWAP,63068
SLAB,0,VWAP,67815
SLB,0,VWAP,46415
SLM,0,VWAP,69744
SMG,0,VWAP,49725
SMP,-1,VWAP,69701
SNA,0,VWAP,52050
SO,0,VWAP,62443
SPXC,0,VWAP,62452
SRCE,0,VWAP,50336
SCI,0,VWAP,72915
STM,0,VWAP,66243
SWK,0,VWAP,65079
SXI,0,VWAP,69698
SYY,0,VWAP,59998
TAC,4,VWAP,71128
TDS,-1,VWAP,54353
TER,0,VWAP,52386
TFX,0,VWAP,54362
THO,0,VWAP,54370
TJX,0,VWAP,54380
TKR,0,VWAP,50301
GL,0,VWAP,65171
TMO,0,VWAP,65051
TRI,0,VWAP,66353
TOL,0,VWAP,54395
TOWN,0,VWAP,54789
TR,0,VWAP,54401
TRN,0,VWAP,54404
TRNS,0,VWAP,54832
TROW,0,VWAP,71492
TRP,0,VWAP,64486
TRST,0,VWAP,68648
TTC,0,VWAP,60234
TTI,7,VWAP,54413
TXN,0,VWAP,51959
TXT,0,VWAP,67191
TYL,0,VWAP,72940
UBSI,0,VWAP,57211
UFCS,0,VWAP,51451
UGI,0,VWAP,64118
HON,0,VWAP,65050
UNF,0,VWAP,65130
UNM,0,VWAP,64122
UNP,0,VWAP,50990
MUX,2,VWAP,65123
AD,-1,VWAP,64128
UTL,0,VWAP,64132
RTX,0,VWAP,64133
UVV,-1,VWAP,64135
VMI,0,VWAP,60328
VECO,0,VWAP,53665
VFC,5,VWAP,50058
VLO,0,VWAP,49234
VMC,0,VWAP,65044
VNO,0,VWAP,64150
VSEC,0,VWAP,53748
VSH,0,VWAP,64158
WAB,0,VWAP,68056
WASH,0,VWAP,57779
WBS,0,VWAP,67640
WDC,0,VWAP,64166
WDFC,0,VWAP,72951
WEC,0,VWAP,60810
WERN,0,VWAP,57827
WFC,0,VWAP,64169
WAFD,0,VWAP,64779
WGO,0,VWAP,64173
BRO,0,VWAP,57124
WHR,0,VWAP,64176
WMB,0,VWAP,65088
WM,0,VWAP,64185
WMK,0,VWAP,61410
WMT,0,VWAP,46588
WSBC,0,VWAP,54655
WSFS,0,VWAP,54660
WST,0,VWAP,51843
WWW,0,VWAP,59446
WY,1,VWAP,49350
XRAY,8,VWAP,68644
ZION,0,VWAP,72976
FDS,0,VWAP,57271
CDP,0,VWAP,62300
ATS,-3,VWAP,270784
BLDP,53,VWAP,64823
BMO,0,VWAP,57103
BNS,0,VWAP,57105
CAE,0,VWAP,63162
CCJ,0,VWAP,64850
CM,0,VWAP,63179
CNQ,1,VWAP,63199
EGO,0,VWAP,71214
SU,0,VWAP,71778
FTK,-1,VWAP,72746
FTS,0,VWAP,271414
GIB,0,VWAP,63633
TFC,0,VWAP,57047
TTEK,0,VWAP,71332
DGII,0,VWAP,71288
IMAX,0,VWAP,63919
EOG,0,VWAP,68629
EXK,6,VWAP,57253
NG,15,VWAP,52912
PAAS,0,VWAP,54532
RCI,0,VWAP,56646
BB,13,VWAP,64758
SA,-1,VWAP,62391
RY,0,VWAP,62387
ANDE,0,VWAP,49961
TU,11,VWAP,54885
TD,0,VWAP,54351
TECK,0,VWAP,69157
TGB,9,VWAP,70262
WFG,0,VWAP,273454
HIFS,0,VWAP,55969
OII,0,VWAP,61475
CIEN,0,VWAP,64895
BIO,0,VWAP,69769
TWI,4,VWAP,54419
BSX,0,VWAP,57133
SPB,0,VWAP,59470
DVN,1,VWAP,51846
PRIM,0,VWAP,56141
NWBI,5,VWAP,56806
KRG,1,VWAP,67744
BBBY,17,VWAP,
ATEC,4,VWAP,58595
AMKR,0,VWAP,63743
COF,0,VWAP,60185
CDNS,0,VWAP,58976
TECH,1,VWAP,69869
MEOH,0,VWAP,67416
BIIB,0,VWAP,59026
CHE,0,VWAP,65095
NEOG,4,VWAP,71287
LXU,3,VWAP,72910
CRUS,0,VWAP,50417
ETR,0,VWAP,67140
WPC,0,VWAP,59433
IEX,0,VWAP,60412
VZ,0,VWAP,64162
CHDN,0,VWAP,68669
CVX,0,VWAP,67144
AUPH,0,VWAP,270767
ARCB,0,VWAP,51793
VRTX,0,VWAP,53744
STBA,0,VWAP,71981
PEP,0,VWAP,62340
AES,23,VWAP,64542
UPBD,0,VWAP,59812
BELFA,0,VWAP,49560
MGM,0,VWAP,64237
LSCC,0,VWAP,54017
ARE,0,VWAP,67091
NPKI,0,VWAP,62260
AAON,0,VWAP,52508
CFR,0,VWAP,49734
KOPN,22,VWAP,57615
ITRI,0,VWAP,58209
AMG,0,VWAP,60148
PTC,0,VWAP,67574
WPM,0,VWAP,62438
GSBC,0,VWAP,62661
GIII,0,VWAP,60301
MMS,-1,VWAP,60227
GHC,0,VWAP,67195
WRLD,0,VWAP,54648
CSCO,0,VWAP,36100
NOV,0,VWAP,52942
GBCI,0,VWAP,55892
TRMK,0,VWAP,54830
STN,0,VWAP,65304
XPEL,-1,VWAP,71822
VICR,0,VWAP,53686
SSRM,0,VWAP,62506
ELV,0,VWAP,70960
UDR,0,VWAP,64111
SRPT,2,VWAP,53753
MMSI,0,VWAP,71301
L,0,VWAP,50434
M,2,VWAP,57269
ICFI,0,VWAP,53172
SKE,0,VWAP,272933
BHE,0,VWAP,57075
PRDO,0,VWAP,66726
ORI,0,VWAP,60528
STAA,0,VWAP,64810
PRGS,0,VWAP,64546
ESE,0,VWAP,49934
DY,0,VWAP,63965
SWBI,1,VWAP,66804
NOVT,0,VWAP,66837
MXL,0,VWAP,230039
WTS,0,VWAP,51388
NKE,1,VWAP,65170
MU,0,VWAP,52871
RGA,0,VWAP,56647
AMRC,0,VWAP,241195
CATY,0,VWAP,52370
CECO,0,VWAP,69718
MLI,0,VWAP,64253
KKR,0,VWAP,235089
REGN,0,VWAP,50049
TEX,0,VWAP,49903
AMN,-2,VWAP,52603
AZO,0,VWAP,69901
ENB,0,VWAP,72955
HNI,0,VWAP,55727
HAE,0,VWAP,69904
VOYA,0,VWAP,266655
BOH,0,VWAP,57109
AVNT,-1,VWAP,56574
EZPW,-1,VWAP,52987
ABUS,45,VWAP,243440
ADC,0,VWAP,51400
HSIC,0,VWAP,70120
UHS,0,VWAP,64119
HWC,0,VWAP,62734
MTG,0,VWAP,66664
RHP,0,VWAP,67009
OSK,0,VWAP,71490
ZBRA,0,VWAP,49787
CNC,0,VWAP,63196
USB,0,VWAP,64127
THFF,0,VWAP,50831
FHI,0,VWAP,68212
INTU,0,VWAP,67773
BOKF,0,VWAP,59612
UHAL,0,VWAP,50364
ADT,20,VWAP,303840
SLGN,0,VWAP,50338
QCOM,0,VWAP,53577
GEO,0,VWAP,50104
SM,1,VWAP,62439
HPQ,1,VWAP,46182
NHI,0,VWAP,52920
UNH,0,VWAP,64766
JBSS,0,VWAP,51199
ODFL,0,VWAP,62814
OPCH,0,VWAP,59030
VCEL,0,VWAP,64894
NBTB,0,VWAP,58334
WOR,0,VWAP,65129
PZZA,0,VWAP,53569
GILD,0,VWAP,59398
AEG,12,VWAP,52588
CNOB,1,VWAP,57582
UVSP,-1,VWAP,64490
SVM,2,VWAP,53074
IBOC,0,VWAP,71939
WWD,0,VWAP,69735
NNN,0,VWAP,52936
DLTR,0,VWAP,61886
SCCO,0,VWAP,6347
EXTR,0,VWAP,67981
KIM,2,VWAP,66678
FCF,-1,VWAP,57263
FMBH,0,VWAP,60772
AMSC,-1,VWAP,60972
CALY,0,VWAP,63991
THC,0,VWAP,67681
LAZ,0,VWAP,51528
ICUI,0,VWAP,53195
EFOR,0,VWAP,61516
KSS,1,VWAP,67415
CAKE,0,VWAP,67370
MANH,0,VWAP,69990
USPH,0,VWAP,51066
EQR,0,VWAP,64010
COLB,0,VWAP,55322
SBUX,0,VWAP,62190
C,0,VWAP,40142
BRKL,49,VWAP,54945
OHI,0,VWAP,62305
HLIT,4,VWAP,72548
LTC,0,VWAP,71700
CUZ,0,VWAP,67164
POWI,0,VWAP,61068
LFUS,0,VWAP,57699
RDNT,-1,VWAP,69897
BANF,0,VWAP,70304
CENX,0,VWAP,53406
BZH,-2,VWAP,68352
MFC,0,VWAP,64232
FBP,0,VWAP,57261
BMRN,-1,VWAP,59088
EGY,18,VWAP,63985
FTNT,0,VWAP,216562
PEBO,0,VWAP,62740
AEM,0,VWAP,72981
PCRX,-1,VWAP,248823
OPY,0,VWAP,62314
PRSU,0,VWAP,50964
SPG,0,VWAP,62448
MCHP,0,VWAP,67470
MAR,0,VWAP,69980
ATR,0,VWAP,50864
TCBK,0,VWAP,53162
SAFT,0,VWAP,56213
ORLY,0,VWAP,70307
OBK,0,VWAP,306186
BFH,0,VWAP,52586
UFPT,0,VWAP,67527
BFC,0,VWAP,49310
CIGI,0,VWAP,70988
MKC,0,VWAP,50018
UNFI,0,VWAP,52268
VRSN,0,VWAP,50787
GABC,0,VWAP,55879
SKT,0,VWAP,62436
CTAS,0,VWAP,67241
BBSI,-1,VWAP,71742
REX,-1,VWAP,60364
BYD,0,VWAP,70317
ZBH,0,VWAP,70925
INOD,0,VWAP,67501
MCRI,0,VWAP,58675
XEL,0,VWAP,67986
BWA,0,VWAP,57143
CP,0,VWAP,72475
CLSK,6,VWAP,262331
ALNY,0,VWAP,63707
CASH,0,VWAP,58885
ROCK,0,VWAP,56122
AUB,0,VWAP,65359
PTEN,9,VWAP,62968
DECK,0,VWAP,53954
UFPI,0,VWAP,57231
LXP,0,VWAP,65270
VLY,3,VWAP,50111
REG,0,VWAP,56638
BX,0,VWAP,137341
URBN,0,VWAP,63800
WEN,8,VWAP,72937
FFIN,0,VWAP,50805
MAC,0,VWAP,64208
MHO,0,VWAP,72979
OSBC,0,VWAP,62888
SUI,0,VWAP,50225
PII,0,VWAP,61527
MAA,0,VWAP,64206
AVB,0,VWAP,66080
ODC,0,VWAP,61628
SHOO,0,VWAP,59565
GIL,0,VWAP,63634
CG,0,VWAP,261151
EMN,0,VWAP,60542
YUM,0,VWAP,59510
UMH,-3,VWAP,64488
IART,3,VWAP,68578
TSCO,1,VWAP,54849
BCRX,5,VWAP,53849
JOE,0,VWAP,65057
STC,0,VWAP,49588
AKR,0,VWAP,70312
NSIT,0,VWAP,68067
MOS,0,VWAP,52840
GFF,0,VWAP,49972
SON,0,VWAP,62445
CPRT,2,VWAP,55369
USLM,0,VWAP,63826
EIX,0,VWAP,69660
DAKT,0,VWAP,70356
RYN,0,VWAP,60530
DCOM,0,VWAP,72001
CAH,0,VWAP,57151
LMT,0,VWAP,71049
CRL,0,VWAP,54173
AEO,3,VWAP,72380
CWT,0,VWAP,54195
MLM,0,VWAP,70848
CLDX,0,VWAP,61597
CVLT,0,VWAP,52420
JBL,0,VWAP,67477
NKTR,0,VWAP,52236
RMBS,0,VWAP,64972
LKFN,0,VWAP,57734
SCSC,0,VWAP,50784
FMNB,0,VWAP,66700
MTB,0,VWAP,65141
ALB,0,VWAP,51906
HBNC,0,VWAP,55914
PB,0,VWAP,62930
AXTI,0,VWAP,66771
SMTC,0,VWAP,63119
EXP,0,VWAP,57255
LNG,0,VWAP,71388
CCI,0,VWAP,67855
BHC,22,VWAP,57140
AGCO,0,VWAP,51612
OIS,-1,VWAP,59629
MPT,37,VWAP,68049
SMBC,0,VWAP,60294
HIW,0,VWAP,60755
RPM,0,VWAP,62376
RBCAA,0,VWAP,52266
PRK,0,VWAP,64462
VET,2,VWAP,66469
ISRG,0,VWAP,72234
SLF,0,VWAP,62437
WABC,0,VWAP,57774
UMBF,0,VWAP,63779
AKAM,0,VWAP,65726
ALG,0,VWAP,49754
CALM,0,VWAP,70469
ABCB,0,VWAP,52516
PENN,2,VWAP,49991
GBX,0,VWAP,61349
ESS,0,VWAP,66088
RS,0,VWAP,62379
MATW,-4,VWAP,54068
SVC,4,VWAP,65505
FR,0,VWAP,52364
WSO,0,VWAP,59441
ADP,0,VWAP,59819
CME,0,VWAP,63180
MFA,5,VWAP,64644
TSN,0,VWAP,65056
COHU,0,VWAP,49764
O,0,VWAP,59888
NSP,0,VWAP,68019
BKNG,0,VWAP,70064
CVLG,0,VWAP,66114
LGND,0,VWAP,50057
JPM,0,VWAP,64084
IDCC,0,VWAP,51155
AZTA,-2,VWAP,52411
HOPE,0,VWAP,60275
MCK,0,VWAP,59804
SYK,0,VWAP,60724
MOV,0,VWAP,51352
CRK,0,VWAP,54172
LCII,0,VWAP,63963
MYRG,0,VWAP,153451
HNRG,-3,VWAP,60819
NLY,2,VWAP,59919
MT,0,VWAP,52860
AFG,0,VWAP,51345
WLY,0,VWAP,68208
LAMR,0,VWAP,69570
THG,0,VWAP,50311
SENEA,0,VWAP,62246
EL,0,VWAP,63988
NWPX,0,VWAP,56803
AQN,26,VWAP,216135
NTAP,0,VWAP,50106
CVSA,0,VWAP,50159
DHI,0,VWAP,70270
CBZ,0,VWAP,63144
WAT,0,VWAP,70122
BMY,0,VWAP,69664
MIDD,0,VWAP,68519
TGTX,0,VWAP,64239
KAI,0,VWAP,64099
CXW,-1,VWAP,51697
HIG,0,VWAP,71540
BCO,0,VWAP,57051
INCY,0,VWAP,61214
CORT,0,VWAP,68214
MKTX,0,VWAP,55438
WINA,0,VWAP,59568
IOSP,0,VWAP,64660
UTHR,0,VWAP,71484
GEF,0,VWAP,65103
CAR,0,VWAP,68262
IAG,2,VWAP,69368
HUBG,-1,VWAP,62098
FIS,0,VWAP,66158
NBIX,0,VWAP,50425
GVA,0,VWAP,63678
CNI,0,VWAP,64935
ATI,0,VWAP,49895
COR,0,VWAP,71055
LNT,0,VWAP,72902
FICO,0,VWAP,50201
GPK,5,VWAP,50947
BRK.A,0,VWAP,72983
BRK.B,0,VWAP,71571
STRA,0,VWAP,59559
COLM,0,VWAP,71386
NYT,0,VWAP,62293
VIAV,0,VWAP,55196
OCFC,0,VWAP,56842
PEGA,1,VWAP,64877
BELFB,0,VWAP,64677
WTFC,0,VWAP,54676
MTZ,0,VWAP,69690
PAG,0,VWAP,64106
KWR,0,VWAP,67155
CNXN,0,VWAP,54580
ASTH,0,VWAP,50511
MD,-2,VWAP,49524
HEI.A,0,VWAP,66753
ANF,0,VWAP,64271
BJRI,0,VWAP,59041
MBWM,0,VWAP,67551
HLX,5,VWAP,55723
PRU,0,VWAP,56592
FSM,4,VWAP,255429
PAA,1,VWAP,66806
STLD,0,VWAP,60138
VSAT,0,VWAP,69598
MCY,0,VWAP,60219
FSLR,0,VWAP,55819
CHH,0,VWAP,68447
HLIO,0,VWAP,66982
PLUS,0,VWAP,67055
ROP,0,VWAP,62372
ABG,0,VWAP,60413
BLKB,0,VWAP,59063
EBAY,0,VWAP,49443
KRC,0,VWAP,66988
ALL,0,VWAP,51789
BLDR,0,VWAP,59060
EXPO,0,VWAP,69887
GEL,-5,VWAP,67060
CLS,0,VWAP,70005
UAMY,22,VWAP,68404
RSG,0,VWAP,60731
BBDC,-2,VWAP,
DCH,21,VWAP,64308
ANIP,-1,VWAP,57112
NEO,2,VWAP,52798
EEFT,0,VWAP,67070
DXPE,0,VWAP,71590
FIBK,0,VWAP,230074
MTH,0,VWAP,52864
CTBI,0,VWAP,69836
LEU,0,VWAP,64130
VYX,8,VWAP,60520
UUUU,2,VWAP,55115
DGX,0,VWAP,54221
SSB,0,VWAP,69543
OFG,0,VWAP,64453
TMP,0,VWAP,59581
ACIW,0,VWAP,61437
COST,0,VWAP,60727
ORA,0,VWAP,61593
LEVI,1,VWAP,315739
EPD,0,VWAP,71454
AZZ,0,VWAP,68509
CEVA,-1,VWAP,72671
PFBC,0,VWAP,52399
INSM,0,VWAP,68958
UCB,0,VWAP,66281
ORRF,0,VWAP,52254
AWR,0,VWAP,64306
VTR,0,VWAP,60151
RL,0,VWAP,67102
TTWO,0,VWAP,52243
BXP,0,VWAP,72846
MS,0,VWAP,52853
JBLU,31,VWAP,66265
ALV,0,VWAP,61387
SLG,0,VWAP,65012
MKL,0,VWAP,51637
DNN,74,VWAP,74137
ACAD,0,VWAP,65849
PBA,0,VWAP,242609
CNP,0,VWAP,59973
AEHR,0,VWAP,67131
PRAA,-1,VWAP,72676
FIX,0,VWAP,57281
ORKA,0,VWAP,56766
OSIS,0,VWAP,49584
AXON,0,VWAP,50421
AORT,-1,VWAP,54176
FLS,0,VWAP,57284
DVA,0,VWAP,63962
EPR,0,VWAP,60186
CWST,0,VWAP,53876
CHRW,0,VWAP,69564
TREX,0,VWAP,54420
ASM,11,VWAP,58562
PSMT,0,VWAP,59880
IONS,0,VWAP,71316
DAR,0,VWAP,49941
RCAT,6,VWAP,60426
MTD,0,VWAP,52862
LNN,0,VWAP,57475
INVX,-3,VWAP,54255
SSD,0,VWAP,66086
CSR,-1,VWAP,68473
MKSI,0,VWAP,55433
SNDA,-1,VWAP,52164
IDR,-1,VWAP,52825
MRCY,0,VWAP,52036
LWLG,14,VWAP,59490
SYBT,0,VWAP,53106
AYI,0,VWAP,64309
RMD,0,VWAP,56662
MHK,0,VWAP,71685
URI,0,VWAP,60836
INGR,0,VWAP,66714
BUSE,0,VWAP,54997
RWT,18,VWAP,62385
HFWA,0,VWAP,55952
NHC,0,VWAP,49497
EXC,0,VWAP,49381
DSGX,0,VWAP,61930
RVTY,0,VWAP,52070
RBA,0,VWAP,56625
CNO,0,VWAP,52167
CRAI,0,VWAP,66761
VRSK,0,VWAP,215062
HZO,-1,VWAP,55761
OTEX,0,VWAP,64839
SRE,0,VWAP,72874
WSM,0,VWAP,51889
CFFN,0,VWAP,53434
BSY,0,VWAP,329954
RDN,0,VWAP,67443
EGBN,-1,VWAP,49784
RRC,0,VWAP,69882
KFY,0,VWAP,71461
ENOV,-1,VWAP,151798
GS,0,VWAP,66846
CSQ,0,VWAP,
ATLC,0,VWAP,71476
TGT,0,VWAP,69708
CBRE,0,VWAP,63136
EVR,0,VWAP,67534
UTI,-1,VWAP,51185
CCOI,-2,VWAP,68009
MORN,0,VWAP,51173
MSTR,0,VWAP,69999
CNX,0,VWAP,64738
LAD,0,VWAP,66980
STRL,0,VWAP,62548
QXO,12,VWAP,57199
EWBC,0,VWAP,51700
LKQ,1,VWAP,51781
SYNA,0,VWAP,69204
ALGN,0,VWAP,60710
IVT,0,VWAP,274120
TNC,-1,VWAP,65042
CRI,-1,VWAP,54171
DIOD,0,VWAP,61873
WEX,0,VWAP,51939
FCN,0,VWAP,57267
NPO,0,VWAP,52945
JLL,0,VWAP,67118
AMPH,-1,VWAP,276709
CPK,0,VWAP,63207
FFIV,0,VWAP,50219
IRM,0,VWAP,61264
TFII,0,VWAP,72666
KFRC,0,VWAP,49563
HSTM,-1,VWAP,68055
WCC,0,VWAP,70074
FHN,1,VWAP,51936
AGM,0,VWAP,52596
SBAC,0,VWAP,59896
USAS,29,VWAP,63111
SWKS,0,VWAP,53092
IPAR,0,VWAP,61120
ZD,-1,VWAP,67756
MGEE,0,VWAP,72900
AAP,0,VWAP,69189
WT,0,VWAP,68526
ONB,0,VWAP,50346
PFG,0,VWAP,62344
STZ,0,VWAP,49155
FLG,4,VWAP,71789
RIGL,0,VWAP,49359
KMPR,0,VWAP,59759
CSGP,0,VWAP,68229
BANR,0,VWAP,53811
NTCT,-1,VWAP,61066
EXEL,0,VWAP,50586
ATRC,0,VWAP,69073
RUSHB,1,VWAP,50728
ARLP,-2,VWAP,55672
KTOS,0,VWAP,57832
KMX,0,VWAP,57422
AIZ,0,VWAP,59734
LPTH,4,VWAP,54005
SBCF,0,VWAP,61489
NRG,0,VWAP,70617
SAFE,0,VWAP,62416
CROX,0,VWAP,71659
UPS,0,VWAP,50309
AMSF,-1,VWAP,65305
BKD,5,VWAP,57085
ET,3,VWAP,49480
SBH,0,VWAP,71836
ICE,0,VWAP,49256
TDY,0,VWAP,50161
CRM,0,VWAP,60876
REPX,0,VWAP,52343
HTGC,2,VWAP,
NBN,0,VWAP,52895
RIOT,4,VWAP,69333
PSN,0,VWAP,316677
DLB,0,VWAP,54233
CMP,-2,VWAP,65765
FCEL,0,VWAP,53026
TNET,0,VWAP,274898
SXT,0,VWAP,62472
SNDR,0,VWAP,296542
EPC,-1,VWAP,64003
EW,0,VWAP,57251
INVA,-1,VWAP,65943
ILMN,0,VWAP,63915
BRKR,0,VWAP,66063
NFLX,0,VWAP,72558
OMCL,0,VWAP,68230
EVC,1,VWAP,52318
MFIC,0,VWAP,
ON,0,VWAP,60107
BN,0,VWAP,67129
ACLS,0,VWAP,50334
THRM,0,VWAP,55665
CACI,0,VWAP,57152
ENTG,0,VWAP,56945
ITGR,0,VWAP,63613
HAFC,0,VWAP,68393
BLFS,0,VWAP,71290
TPR,0,VWAP,66443
TTMI,0,VWAP,68475
PLPC,0,VWAP,49529
SUPN,-1,VWAP,261113
HIVE,101,VWAP,277781
H,0,VWAP,216044
SNX,0,VWAP,51303
PDFS,0,VWAP,54614
FORM,0,VWAP,67890
SVRA,7,VWAP,64276
HLI,0,VWAP,284902
NTGR,-1,VWAP,72004
SHEN,-2,VWAP,49633
PGC,0,VWAP,50444
AAOI,0,VWAP,268592
IPGP,0,VWAP,58133
ALRS,0,VWAP,69185
CWBC,0,VWAP,58528
BWXT,0,VWAP,235005
AWI,0,VWAP,64305
NVAX,10,VWAP,56768
CYTK,0,VWAP,53910
SBRA,2,VWAP,62563
NNI,0,VWAP,52935
FRHC,0,VWAP,64100
GPN,0,VWAP,72412
ARWR,0,VWAP,50791
AG,3,VWAP,244410
VSTS,1,VWAP,367252
HALO,0,VWAP,55746
PIPR,0,VWAP,60997
PBH,0,VWAP,62321
WMS,0,VWAP,277331
SGI,0,VWAP,51392
LINC,-1,VWAP,57723
HTH,-1,VWAP,64286
CPAY,0,VWAP,244403
ADAM,3,VWAP,50614
MDLZ,0,VWAP,60190
CUBE,0,VWAP,68513
UCTT,0,VWAP,57220
WLK,0,VWAP,72195
IDT,0,VWAP,68148
RNG,0,VWAP,268606
GNW,6,VWAP,61162
CVBF,0,VWAP,58524
TCBI,0,VWAP,53161
DRH,3,VWAP,54253
CF,0,VWAP,63155
LVS,0,VWAP,64200
CE,0,VWAP,66050
UAA,33,VWAP,64105
MAIN,-1,VWAP,136748
ABR,10,VWAP,65896
AGX,0,VWAP,68650
CVCO,0,VWAP,58527
QCRH,0,VWAP,52337
XPO,0,VWAP,59463
WYNN,0,VWAP,54710
DKS,0,VWAP,54231
NOG,0,VWAP,51004
APLD,1,VWAP,57285
AMP,0,VWAP,50395
UEC,4,VWAP,63802
LMAT,0,VWAP,70338
EQIX,0,VWAP,56976
MOH,0,VWAP,70485
EPAM,0,VWAP,259581
ECPG,0,VWAP,64615
WCN,0,VWAP,66458
NXST,0,VWAP,56816
EFSC,0,VWAP,55116
PFS,0,VWAP,61551
MA,0,VWAP,70252
LEN.B,0,VWAP,60341
TMUS,0,VWAP,74139
TRS,-1,VWAP,74604
NDAQ,0,VWAP,51650
ACM,0,VWAP,74538
LDOS,0,VWAP,62394
HUN,8,VWAP,55751
EXLS,0,VWAP,52175
RUSHA,0,VWAP,72629
TFSL,0,VWAP,74213
DXCM,0,VWAP,65197
BANC,1,VWAP,55789
HBM,2,VWAP,66776
DPZ,0,VWAP,54245
SAIA,0,VWAP,51603
TVTX,0,VWAP,63732
ARCC,3,VWAP,
CYRX,0,VWAP,49830
LQDT,-1,VWAP,54007
QUBT,9,VWAP,69030
MNKD,18,VWAP,68904
WTI,35,VWAP,70699
WAL,0,VWAP,70159
TXRH,0,VWAP,57192
EXR,0,VWAP,65923
HURN,0,VWAP,49550
CGAU,0,VWAP,213910
ENS,0,VWAP,59621
ITRG,45,VWAP,302490
AX,0,VWAP,51295
DLR,0,VWAP,60628
GM,0,VWAP,243526
NWE,0,VWAP,60046
MELI,0,VWAP,138494
RF,3,VWAP,72973
PSEC,62,VWAP,
SHO,6,VWAP,68990
CVI,-1,VWAP,139836
BDC,0,VWAP,67396
EIG,0,VWAP,61343
KOP,-2,VWAP,57427
COLD,5,VWAP,303838
OZK,0,VWAP,54531
BY,0,VWAP,298404
HOMB,0,VWAP,61498
FSBC,0,VWAP,339275
NIC,0,VWAP,266919
CCB,-1,VWAP,307733
EQBK,0,VWAP,286251
SPFI,0,VWAP,316711
TNL,0,VWAP,70369
TFIN,0,VWAP,279182
MDGL,0,VWAP,56465
EYPT,0,VWAP,72316
WLDN,0,VWAP,60718
LRN,0,VWAP,147787
HRI,0,VWAP,55749
PTCT,0,VWAP,267386
ACHC,0,VWAP,257167
LYV,0,VWAP,64203
MWA,0,VWAP,68027
ALT,48,VWAP,65243
RBC,0,VWAP,61629
IRWD,38,VWAP,228866
KBR,0,VWAP,57400
TREE,-1,VWAP,153452
CMG,3,VWAP,63181
CARS,-2,VWAP,297324
EXPE,0,VWAP,65300
APPS,3,VWAP,58272
AWK,0,VWAP,150187
OMER,2,VWAP,209869
GSAT,0,VWAP,71833
CSIQ,0,VWAP,58450
ENSG,0,VWAP,136743
AVAV,0,VWAP,60571
TDC,0,VWAP,139032
DAL,0,VWAP,74302
TDG,0,VWAP,51134
CODI,-2,VWAP,55315
ALGT,0,VWAP,63696
IBKR,0,VWAP,74442
EFC,2,VWAP,242655
OC,0,VWAP,62296
UAL,0,VWAP,57204
META,0,VWAP,261387
SMCI,1,VWAP,73264
TSLA,0,VWAP,234767
JBTM,0,VWAP,153004
CELH,0,VWAP,58466
OCSL,-2,VWAP,
WU,18,VWAP,59444
FET,0,VWAP,260786
CIM,0,VWAP,140224
IESC,0,VWAP,50679
KALU,0,VWAP,50523
DEI,3,VWAP,68567
BR,0,VWAP,73113
ARR,4,VWAP,147427
V,0,VWAP,149752
CPS,-2,VWAP,231630
PODD,0,VWAP,74660
SONO,1,VWAP,308040
APEI,0,VWAP,140095
DAN,0,VWAP,149055
PRLB,0,VWAP,259974
CNK,0,VWAP,74209
GRBK,-1,VWAP,137411
PGEN,11,VWAP,268068
CQP,-1,VWAP,73061
EQX,10,VWAP,268521
HROW,-1,VWAP,74240
OGG,45,VWAP,150100
KDP,2,VWAP,151431
LULU,0,VWAP,136643
FNV,0,VWAP,255305
SARO,1,VWAP,376205
PM,0,VWAP,149690
SSNC,0,VWAP,230189
MDXG,9,VWAP,138159
POET,9,VWAP,272269
MBIN,0,VWAP,301416
MC,0,VWAP,275245
MSCI,0,VWAP,140201
AROC,0,VWAP,61606
EVTC,-1,VWAP,266394
EFXT,-2,VWAP,251950
QLYS,0,VWAP,263280
SDGR,0,VWAP,322908
PAGP,0,VWAP,269012
BCC,0,VWAP,265458
LOPE,0,VWAP,170478
ECHO,0,VWAP,148533
BFST,0,VWAP,305474
AGNC,15,VWAP,151923
BTG,73,VWAP,267231
WD,-1,VWAP,244407
ZG,0,VWAP,254268
NX,-1,VWAP,65077
FAF,0,VWAP,232337
PMT,5,VWAP,213845
SLRC,-1,VWAP,
VRTS,0,VWAP,170967
UI,0,VWAP,255979
IRDM,0,VWAP,149782
WDAY,0,VWAP,263875
SLS,7,VWAP,149659
HCI,0,VWAP,169204
SII,0,VWAP,213935
SFBS,0,VWAP,275908
CVE,2,VWAP,216440
IOVA,17,VWAP,182723
QNST,-2,VWAP,229001
IVR,19,VWAP,174045
PI,0,VWAP,291621
ZWS,0,VWAP,260635
MTDR,0,VWAP,259497
CHTR,0,VWAP,217232
MTSI,0,VWAP,260398
STWD,3,VWAP,213945
NOW,0,VWAP,262026
TWO,11,VWAP,147750
LOB,-1,VWAP,284500
ANET,0,VWAP,276380
BE,0,VWAP,307899
DOCU,0,VWAP,305959
COLL,-3,VWAP,282449
ETSY,0,VWAP,282040
HUBS,0,VWAP,278571
PLTR,0,VWAP,330201
ARI,18,VWAP,214872
ADUS,0,VWAP,215556
DG,0,VWAP,216209
LPLA,0,VWAP,243544
OPLN,-2,VWAP,217855
MGNI,1,VWAP,274996
BOX,0,VWAP,280550
PEB,1,VWAP,217737
GNRC,0,VWAP,229000
NUTX,0,VWAP,266330
BKU,0,VWAP,248046
HR,2,VWAP,261708
VPG,0,VWAP,234659
PRI,0,VWAP,230233
LEA,0,VWAP,216197
TRNO,0,VWAP,228976
AR,0,VWAP,268900
BNL,0,VWAP,329750
CALX,0,VWAP,230040
GBDC,0,VWAP,230574
SPSC,0,VWAP,230821
YELP,0,VWAP,260110
CRMD,7,VWAP,231323
RYZ,-1,VWAP,277578
PLOW,0,VWAP,231153
PDM,-1,VWAP,228982
HPP,-3,VWAP,234668
GDOT,-4,VWAP,241194
CBOE,0,VWAP,234475
ALM,5,VWAP,267104
AIP,-1,VWAP,345800
GRPN,0,VWAP,257955
HQY,0,VWAP,277431
ATKR,0,VWAP,290557
HCA,0,VWAP,249641
AGIO,0,VWAP,267906
SXC,1,VWAP,254299
GKOS,0,VWAP,283851
BAH,0,VWAP,243505
SNDX,1,VWAP,288606
OXLC,2,VWAP,
TPB,0,VWAP,289972
KNX,0,VWAP,299724
NMFC,1,VWAP,
STAG,0,VWAP,250664
PANW,0,VWAP,262368
INN,7,VWAP,248952
TRGP,0,VWAP,244033
AAT,0,VWAP,247036
FIVE,0,VWAP,262346
VC,0,VWAP,242608
CTGO,-1,VWAP,244542
DFTX,0,VWAP,293733
BAND,0,VWAP,301816
XYZ,0,VWAP,286465
DBX,2,VWAP,305109
MEC,-1,VWAP,316698
PHR,3,VWAP,318285
KMI,1,VWAP,249020
TDOC,10,VWAP,284029
TNDM,1,VWAP,269638
TCMD,-4,VWAP,291756
W,0,VWAP,278431
FBIN,0,VWAP,255406
PEN,0,VWAP,285325
IRTC,0,VWAP,293261
VCYT,0,VWAP,269353
LZ,16,VWAP,341692
GWRE,0,VWAP,259401
APPN,0,VWAP,297582
UAN,0,VWAP,250329
VEEV,0,VWAP,269017
FRPT,0,VWAP,279180
XYL,0,VWAP,255914
AGNT,9,VWAP,269706
TSLX,-1,VWAP,
RLJ,2,VWAP,251186
NTRA,0,VWAP,284546
OCUL,1,VWAP,277335
FBRX,1,VWAP,296691
LQDA,0,VWAP,307931
ADPT,0,VWAP,317764
VAC,0,VWAP,257991
SIBN,0,VWAP,312226
CTMX,34,VWAP,285632
MARA,15,VWAP,259632
FDUS,-1,VWAP,
SFM,0,VWAP,268002
ARMK,0,VWAP,270061
AMTB,0,VWAP,308430
MCB,0,VWAP,301729
FIVN,0,VWAP,275041
HII,0,VWAP,249919
ALSN,0,VWAP,260365
BRX,4,VWAP,269355
PFLT,6,VWAP,
APAM,0,VWAP,265899
TRIP,8,VWAP,258717
CHEF,0,VWAP,254453
NTNX,0,VWAP,292862
ORC,17,VWAP,265592
CDW,0,VWAP,267521
MCHB,0,VWAP,259655
TDUP,48,VWAP,337517
MAMA,0,VWAP,267011
AVTX,-1,VWAP,286315
PPTA,0,VWAP,255850
USAC,-2,VWAP,265079
RBLX,1,VWAP,336684
ENPH,0,VWAP,260654
RARE,0,VWAP,273831
ARDX,41,VWAP,276609
NET,0,VWAP,319272
POST,0,VWAP,259430
VRNS,0,VWAP,274211
ABNB,0,VWAP,332643
FSK,1,VWAP,
VTOL,-1,VWAP,265204
HAPN,0,VWAP,279862
OKTA,0,VWAP,296581
MUSA,0,VWAP,268179
ROKU,0,VWAP,300460
FLYW,1,VWAP,340085
INSP,0,VWAP,306021
LASR,-1,VWAP,305965
P,0,VWAP,285614
RH,0,VWAP,264211
MDB,0,VWAP,301251
ENVA,0,VWAP,279021
CUBI,0,VWAP,259851
CAI,0,VWAP,383602
LIF,-2,VWAP,373282
PINS,1,VWAP,316279
RUN,6,VWAP,284799
ABBV,0,VWAP,264656
AMBQ,0,VWAP,385159
ANAB,0,VWAP,295151
ZVRA,3,VWAP,282041
XNCR,-1,VWAP,269904
HTFL,0,VWAP,385482
PCOR,0,VWAP,339898
DOCS,0,VWAP,341431
SGML,2,VWAP,307386
PSNL,6,VWAP,317619
PBF,0,VWAP,264705
TMQ,17,VWAP,261041
PSX,0,VWAP,260801
ESAB,0,VWAP,353719
BRZE,0,VWAP,347771
BL,0,VWAP,293436
FRSH,6,VWAP,344512
TWLO,0,VWAP,290899
UBER,0,VWAP,316725
PTGX,0,VWAP,292017
UNIT,4,VWAP,282101
TRUP,-3,VWAP,277226
ROOT,-1,VWAP,331154
PGNY,0,VWAP,320204
VRDN,0,VWAP,276566
ARRY,22,VWAP,330705
KNF,-1,VWAP,364488
ESRT,22,VWAP,268677
ADMA,8,VWAP,269023
FANG,0,VWAP,263886
TRU,0,VWAP,283856
SKWD,0,VWAP,360681
IR,0,VWAP,297220
GMED,0,VWAP,262597
XENE,0,VWAP,279126
BLMN,2,VWAP,262649
COUR,19,VWAP,337733
CHRN,0,VWAP,273563
INTA,0,VWAP,341663
ZS,0,VWAP,304874
IQV,0,VWAP,266770
NXE,7,VWAP,268138
SUN,0,VWAP,263154
NWS,0,VWAP,267404
MPLX,0,VWAP,264126
BLZE,1,VWAP,346493
HUT,0,VWAP,304728
ZTS,0,VWAP,265414
ESQ,0,VWAP,298286
SAIC,0,VWAP,268479
PARR,0,VWAP,262945
LW,0,VWAP,293499
DUOL,0,VWAP,342772
NBHC,0,VWAP,263157
VVV,0,VWAP,292741
GFL,0,VWAP,323685
ACRS,6,VWAP,285615
BFAM,0,VWAP,265337
WES,-1,VWAP,264639
RLMD,14,VWAP,276628
GLPI,0,VWAP,268936
DDOG,0,VWAP,319362
AMH,0,VWAP,268003
MRNA,0,VWAP,313919
TRVI,2,VWAP,316636
PRKS,0,VWAP,266490
RITM,7,VWAP,266666
ZM,0,VWAP,316273
PD,3,VWAP,316146
CXM,28,VWAP,341384
SNAP,51,VWAP,295761
HASI,-1,VWAP,266459
AMRX,0,VWAP,58145
SFIX,23,VWAP,301986
FHB,0,VWAP,291872
GSBD,0,VWAP,
SHOP,0,VWAP,282712
REAL,4,VWAP,317806
DOO,0,VWAP,267786
GNL,9,VWAP,283365
ESI,0,VWAP,269086
VISN,4,VWAP,269201
KN,0,VWAP,274033
LYFT,5,VWAP,315894
REXR,0,VWAP,267837
LIND,0,VWAP,267619
NAVI,-1,VWAP,275280
FSLY,0,VWAP,316881
IRT,2,VWAP,268120
MIAX,0,VWAP,385635
BURL,0,VWAP,268681
OUT,0,VWAP,274924
FIGS,3,VWAP,340199
FOXF,-3,VWAP,268066
OGS,0,VWAP,273566
OMF,0,VWAP,269020
PVLA,0,VWAP,280249
LGIH,0,VWAP,269508
U,0,VWAP,329822
KODK,0,VWAP,268553
MTUS,-1,VWAP,276612
HLT,0,VWAP,270062
KEYS,0,VWAP,278788
DNOW,1,VWAP,276039
TDAY,5,VWAP,273875
AVO,1,VWAP,330258
KHC,3,VWAP,284106
DASH,0,VWAP,332580
NMIH,0,VWAP,269541
WRBY,1,VWAP,344770
MMI,0,VWAP,269420
CC,3,VWAP,283713
ALKT,0,VWAP,338320
CTRE,0,VWAP,276215
SG,18,VWAP,347878
AAL,9,VWAP,269980
VVX,0,VWAP,278145
ONT,-3,VWAP,327814
LADR,3,VWAP,273892
IBP,0,VWAP,274008
OMDA,-1,VWAP,383248
RYAM,4,VWAP,276524
GOLD,0,VWAP,274681
QTWO,0,VWAP,274778
ATEN,0,VWAP,274808
TTD,8,VWAP,292693
SHAK,0,VWAP,280665
BLBD,-1,VWAP,274779
APLE,4,VWAP,282629
PAYC,0,VWAP,275224
VIRT,0,VWAP,282039
SYF,0,VWAP,277423
PCTY,0,VWAP,274736
MEDP,0,VWAP,292018
SYRE,0,VWAP,289138
ARES,0,VWAP,275485
PAHC,0,VWAP,275185
UE,0,VWAP,280257
HRTG,-1,VWAP,276113
GH,0,VWAP,309066
ENR,-1,VWAP,283589
LMB,-2,VWAP,277585
CCS,0,VWAP,276573
APP,0,VWAP,338364
XIFR,2,VWAP,276767
CDNA,0,VWAP,277212
TWST,0,VWAP,312538
OR,0,VWAP,276748
VKTX,0,VWAP,282300
GDDY,0,VWAP,281809
FNF,0,VWAP,57291
IBTA,-1,VWAP,372116
IRMD,0,VWAP,277192
CFG,0,VWAP,278295
LNTH,0,VWAP,283857
XHR,0,VWAP,280696
CSTL,0,VWAP,318491
LITE,0,VWAP,284524
RIVN,3,VWAP,346408
VCTR,0,VWAP,304230
CZR,2,VWAP,278243
DBVT,-3,VWAP,278936
QSR,0,VWAP,279836
NXRT,0,VWAP,281545
PYPL,0,VWAP,284109
HPE,0,VWAP,285790
PJT,0,VWAP,285376
WK,0,VWAP,279902
BOOT,0,VWAP,279022
SNOW,0,VWAP,329706
COGT,0,VWAP,305272
RYTM,0,VWAP,300674
MSGS,0,VWAP,285308
ALOY,0,VWAP,284275
FND,0,VWAP,296918
ALRM,0,VWAP,283890
BW,6,VWAP,283661
NTLA,4,VWAP,289873
ULS,0,VWAP,371995
CSW,0,VWAP,285509
ANNX,13,VWAP,327960
DEA,0,VWAP,280752
IBRX,8,VWAP,284584
QRVO,0,VWAP,280248
TXG,0,VWAP,319245
VIA,-2,VWAP,386701
RGNX,4,VWAP,285311
ATEX,0,VWAP,280684
RVMD,0,VWAP,323127
NXT,0,VWAP,361195
SEDG,0,VWAP,281669
NRDS,0,VWAP,346115
KURA,2,VWAP,285293
BSM,-2,VWAP,282343
RBRK,0,VWAP,372302
NEXT,11,VWAP,283427
APPF,0,VWAP,283887
CWEN,0,VWAP,282606
SHC,2,VWAP,331888
WING,0,VWAP,283583
HOOD,0,VWAP,342820
MNST,1,VWAP,61416
DNLI,-1,VWAP,302549
JXN,0,VWAP,343833
FSV,0,VWAP,283370
OLLI,0,VWAP,284411
IOT,0,VWAP,349257
RPD,2,VWAP,284432
UA,16,VWAP,288908
TTAN,0,VWAP,378032
CRVS,-1,VWAP,289030
PLNT,0,VWAP,284815
FCPT,0,VWAP,285982
AGI,0,VWAP,57336
ONDS,22,VWAP,312434
PRCT,-1,VWAP,344249
ACI,5,VWAP,327038
NGVT,0,VWAP,289745
Z,0,VWAP,284772
PCVX,0,VWAP,326618
DFIN,0,VWAP,292885
GOOGL,0,VWAP,60734
GOOG,0,VWAP,274889
SGRY,-1,VWAP,285534
SITE,0,VWAP,290022
KVYO,2,VWAP,367002
PFGC,0,VWAP,285536
WSC,2,VWAP,286133
LSPD,1,VWAP,318833
AA,0,VWAP,293452
LAUR,0,VWAP,295239
S,2,VWAP,341662
AXSM,0,VWAP,286452
RRR,0,VWAP,289530
YUMC,0,VWAP,293142
CRNX,0,VWAP,307735
METC,2,VWAP,295277
XMTR,0,VWAP,341660
ORIC,1,VWAP,325251
FTV,0,VWAP,290589
CRWD,0,VWAP,317383
FIG,0,VWAP,385213
LMND,0,VWAP,327193
DD,0,VWAP,299592
DOW,0,VWAP,315715
CTVA,0,VWAP,317025
IMNM,-1,VWAP,330328
PLSE,-1,VWAP,290158
SUPV,-3,VWAP,290186
TOST,1,VWAP,344507
KOD,-1,VWAP,309061
USFD,0,VWAP,290278
HGV,0,VWAP,294252
ELVN,-1,VWAP,324138
IDYA,-1,VWAP,316988
ITT,0,VWAP,46243
ASIX,-1,VWAP,292598
ASH,0,VWAP,69670
DBRG,13,VWAP,276766
CTKB,9,VWAP,342633
GOLF,0,VWAP,293433
PR,3,VWAP,289247
BVS,-3,VWAP,335430
YETI,0,VWAP,312437
KNSL,0,VWAP,291757
OBDC,4,VWAP,
AMR,0,VWAP,292443
GTLB,0,VWAP,345369
TECX,-2,VWAP,307094
ARDT,0,VWAP,374300
FBK,0,VWAP,292620
AMLX,0,VWAP,350129
ELF,0,VWAP,292713
RCUS,0,VWAP,304839
RLAY,0,VWAP,327574
DELL,0,VWAP,292097
VST,0,VWAP,292895
HWM,0,VWAP,52373
BHF,0,VWAP,298778
IIPR,0,VWAP,294014
EVER,-1,VWAP,307264
JBGS,0,VWAP,298509
DNTH,0,VWAP,307093
UPWK,10,VWAP,309036
PK,1,VWAP,294227
DXC,6,VWAP,65067
BJ,0,VWAP,307273
INVH,2,VWAP,295240
KRP,-1,VWAP,295272
SWX,0,VWAP,65071
ULTA,0,VWAP,139857
HLNE,0,VWAP,295748
PUMP,4,VWAP,296076
SPRY,9,VWAP,332372
DK,0,VWAP,54228
AVTR,7,VWAP,316880
GOOS,3,VWAP,296049
VRRM,20,VWAP,296242
WTTR,0,VWAP,296823
ACVA,15,VWAP,337372
AVAH,9,VWAP,338982
SEI,0,VWAP,297221
AM,3,VWAP,297021
CAVA,0,VWAP,364783
BTU,0,VWAP,296497
BKR,0,VWAP,67563
KNTK,0,VWAP,296977
ULCC,5,VWAP,337830
CVNA,0,VWAP,296935
HCC,0,VWAP,296684
LBRT,1,VWAP,303526
PATH,10,VWAP,338651
PENG,0,VWAP,297580
MGY,2,VWAP,298339
CGBD,0,VWAP,297913
SMPL,3,VWAP,298592
ECVT,3,VWAP,300477
CNNE,-2,VWAP,302018
ETON,0,VWAP,312776
VIR,4,VWAP,319898
EVRG,0,VWAP,59436
ALGM,0,VWAP,331212
HNGE,0,VWAP,382748
FTDR,0,VWAP,308686
TDW,0,VWAP,54355
BIOA,1,VWAP,376037
CNR,0,VWAP,301890
WH,0,VWAP,306417
AGL,0,VWAP,338363
KRYS,0,VWAP,300199
CELC,0,VWAP,300198
CTOS,2,VWAP,300754
IMMX,2,VWAP,349384
CRSR,1,VWAP,329944
RDVT,-1,VWAP,305164
ERO,-2,VWAP,301268
ACMR,0,VWAP,301600
CARG,0,VWAP,300938
EYE,1,VWAP,301383
APG,0,VWAP,300827
VICI,2,VWAP,301143
CGEM,-2,VWAP,333943
REZI,0,VWAP,312270
GTX,0,VWAP,308747
NMRK,0,VWAP,302961
COMP,9,VWAP,337804
EQH,0,VWAP,306206
MNPR,0,VWAP,321603
BCSF,-3,VWAP,
PTON,22,VWAP,319614
ACA,0,VWAP,312511
FOXA,0,VWAP,315531
FOX,0,VWAP,315588
NTR,0,VWAP,303336
SLDB,1,VWAP,303983
BBNX,0,VWAP,379163
CEPU,-2,VWAP,304113
STOK,-1,VWAP,317546
TALO,1,VWAP,306200
BH,0,VWAP,62441
WHD,0,VWAP,304236
HYMC,0,VWAP,304768
BRSP,14,VWAP,304199
EWTX,-1,VWAP,337515
TH,-1,VWAP,304724
ARLO,3,VWAP,308068
CART,0,VWAP,366971
GSHD,0,VWAP,305960
AVGO,0,VWAP,196789
AHCO,6,VWAP,306507
ROAD,0,VWAP,306055
BH.A,0,VWAP,305980
CBLL,-3,VWAP,376435
SRRK,0,VWAP,306508
BEAM,1,VWAP,322910
NWN,0,VWAP,61268
CI,0,VWAP,61457
EPRT,6,VWAP,307096
BV,1,VWAP,307266
VZLA,42,VWAP,320492
VRT,0,VWAP,307978
TLRY,30,VWAP,307784
SPHR,0,VWAP,324941
TENB,0,VWAP,307923
ELAN,2,VWAP,308822
ABCL,4,VWAP,332707
PFSI,0,VWAP,266769
NVST,0,VWAP,319338
KTB,0,VWAP,316708
ARVN,3,VWAP,308945
RVLV,0,VWAP,317296
UTZ,16,VWAP,313647
GDYN,6,VWAP,312514
MIRM,0,VWAP,318283
SEZL,0,VWAP,366529
BXSL,0,VWAP,
ERAS,2,VWAP,342349
OTF,3,VWAP,383407
CADL,3,VWAP,342723
SANA,19,VWAP,335123
HYLN,34,VWAP,316297
VOR,0,VWAP,335192
TIGR,17,VWAP,315716
FLY,1,VWAP,385445
MAZE,-1,VWAP,379200
TW,0,VWAP,316011
PLMR,0,VWAP,316243
PSTL,-1,VWAP,316830
DYN,0,VWAP,329744
TMDX,0,VWAP,316524
CHWY,2,VWAP,317431
AAMI,0,VWAP,278567
PNTG,0,VWAP,319709
GO,10,VWAP,317576
PHAT,4,VWAP,320203
IMVT,-1,VWAP,317624
BBIO,0,VWAP,317756
UPST,1,VWAP,332999
KRUS,0,VWAP,318634
DT,0,VWAP,318639
RXRX,52,VWAP,338416
ASTS,0,VWAP,320357
HIMS,1,VWAP,319263
VERA,0,VWAP,339677
AVPT,4,VWAP,320320
BWIN,0,VWAP,320171
CHYM,0,VWAP,383421
ARQT,0,VWAP,322748
SITM,0,VWAP,320816
UROY,17,VWAP,321992
PLTK,43,VWAP,334218
BKSY,0,VWAP,321600
TFPM,-1,VWAP,344828
BILL,0,VWAP,321378
REYN,0,VWAP,322747
PRCH,1,VWAP,321953
HESM,-1,VWAP,296509
OI,11,VWAP,61039
OVV,0,VWAP,72573
MSDL,0,VWAP,370353
TARS,0,VWAP,330736
ADEA,0,VWAP,68768
CNXC,0,VWAP,331996
TYRA,-1,VWAP,344245
HPK,-1,VWAP,306569
AEVA,0,VWAP,323456
RSI,0,VWAP,325214
WMG,1,VWAP,326321
CARR,0,VWAP,324435
OTIS,0,VWAP,324434
VNT,0,VWAP,330011
GTM,35,VWAP,326420
PPLI,0,VWAP,62131
KYMR,0,VWAP,329184
NRIX,-1,VWAP,327959
OPEN,78,VWAP,326909
CLOV,23,VWAP,326845
TMC,48,VWAP,327035
DSGN,0,VWAP,337518
OLMA,0,VWAP,331834
TRIN,0,VWAP,334872
ALAB,0,VWAP,371480
MP,0,VWAP,326923
TSHA,5,VWAP,329999
BFLY,6,VWAP,327455
FOUR,-1,VWAP,326472
EOSE,74,VWAP,326322
TALK,69,VWAP,328350
WBTN,-3,VWAP,373751
NUVB,15,VWAP,329236
MIR,2,VWAP,329088
QS,19,VWAP,328989
PRG,0,VWAP,62369
MTCH,0,VWAP,286451
VERX,1,VWAP,328318
ABX,5,VWAP,329635
RKT,7,VWAP,328520
RXT,25,VWAP,328716
EVLV,12,VWAP,329911
NTST,0,VWAP,328948
LCID,61,VWAP,329823
MBX,0,VWAP,375687
EBC,0,VWAP,330711
PRAX,0,VWAP,330733
IRON,0,VWAP,328899
HRMY,0,VWAP,329074
SPIR,1,VWAP,331372
TNGX,0,VWAP,329402
JBIO,-1,VWAP,341664
CCC,10,VWAP,330367
ACT,0,VWAP,344320
STEP,0,VWAP,329700
ANRO,-1,VWAP,370561
ASAN,7,VWAP,330202
GLUE,0,VWAP,341434
SMMT,4,VWAP,281262
ASO,-2,VWAP,330341
WGS,0,VWAP,331412
CPNG,4,VWAP,336737
LBRX,0,VWAP,386671
MLTX,-3,VWAP,330814
AMAL,0,VWAP,306884
ACHR,28,VWAP,333125
MAX,1,VWAP,331159
OUST,0,VWAP,330512
GPGI,0,VWAP,331836
OWL,7,VWAP,332857
OPFI,-1,VWAP,331889
PWP,0,VWAP,331885
CIFR,5,VWAP,332424
IONQ,0,VWAP,333614
CRC,-1,VWAP,331157
MRVI,14,VWAP,331893
CTO,-1,VWAP,69762
GBTG,36,VWAP,331926
VTRS,10,VWAP,51425
AI,8,VWAP,332579
GCMG,2,VWAP,314904
CHRD,0,VWAP,331887
AFRM,0,VWAP,334098
CERT,11,VWAP,332697
CARE,-1,VWAP,58879
SOFI,3,VWAP,332157
ENVX,22,VWAP,333683
HLMN,3,VWAP,332335
ARKO,-7,VWAP,318414
GXO,0,VWAP,342915
WOOF,47,VWAP,334163
SMR,10,VWAP,332573
RDW,4,VWAP,334153
CGON,0,VWAP,370390
NABL,24,VWAP,342467
OSCR,0,VWAP,336272
DFH,-2,VWAP,334503
DRVN,-1,VWAP,334219
BKV,-1,VWAP,376033
NVTS,5,VWAP,334590
SHLS,7,VWAP,334750
PCT,11,VWAP,327498
TPL,0,VWAP,54399
HIPO,-1,VWAP,334009
APA,0,VWAP,65087
GRND,3,VWAP,334154
NRGV,28,VWAP,337579
BCAX,-3,VWAP,375694
INDI,35,VWAP,319809
DAVE,0,VWAP,338812
BBAI,84,VWAP,337852
PAYO,38,VWAP,330737
RUM,3,VWAP,338318
DRUG,0,VWAP,337275
EXE,0,VWAP,335377
SOC,21,VWAP,338481
KBDC,-2,VWAP,
SYM,0,VWAP,336621
RGTI,2,VWAP,338708
AUR,18,VWAP,339463
HAYW,1,VWAP,336813
PL,0,VWAP,338818
DOCN,0,VWAP,337375
COIN,0,VWAP,338306
GROY,38,VWAP,336622
JANX,0,VWAP,340754
ALHC,5,VWAP,337513
LUNR,4,VWAP,347764
CLYM,0,VWAP,343219
DV,10,VWAP,338653
OGN,11,VWAP,340432
DRS,0,VWAP,50080
STGW,0,VWAP,58680
MRVL,0,VWAP,55539
MLYS,-2,VWAP,361212
PRVA,1,VWAP,338985
JBI,11,VWAP,321601
ZETA,0,VWAP,340696
PAY,0,VWAP,340097
VSXY,0,VWAP,342937
OKLO,0,VWAP,341999
SLDP,53,VWAP,339767
DTM,0,VWAP,341568
GPOR,0,VWAP,339786
MQ,0,VWAP,340644
WBD,3,VWAP,67306
LFST,4,VWAP,340699
CNM,0,VWAP,342630
DJT,10,VWAP,344842
DNUT,59,VWAP,341740
YOU,0,VWAP,341661
FA,0,VWAP,341387
RYAN,0,VWAP,342566
AVBP,0,VWAP,370417
ABSI,7,VWAP,342573
PECO,0,VWAP,342309
CDRE,0,VWAP,346158
PRME,20,VWAP,358708
CRWV,0,VWAP,380955
TSAT,0,VWAP,49161
GLXY,3,VWAP,271295
DC,8,VWAP,353716
SLVM,0,VWAP,344915
WULF,4,VWAP,67624
BROS,0,VWAP,344247
RELY,0,VWAP,344567
AMPL,0,VWAP,344713
FWRG,0,VWAP,344920
LTH,0,VWAP,345187
ARIS,0,VWAP,241732
RPC,0,VWAP,297184
COCO,0,VWAP,345615
FLNC,3,VWAP,345850
ARHS,-1,VWAP,346113
XERS,2,VWAP,307092
KD,5,VWAP,345824
IE,3,VWAP,355809
FBRT,1,VWAP,345951
BTSG,0,VWAP,370423
DKNG,1,VWAP,318490
DINO,0,VWAP,55728
SATL,8,VWAP,337512
CBL,0,VWAP,346006
GEV,0,VWAP,371776
ACDC,3,VWAP,354767
SLDE,0,VWAP,383605
BRBR,2,VWAP,320043
ANGX,17,VWAP,350814
CRGY,5,VWAP,348774
ASPI,16,VWAP,359120
TPG,0,VWAP,350311
FCFS,0,VWAP,53027
NCNO,2,VWAP,327499
EE,-1,VWAP,353971
CEG,0,VWAP,350459
BLCO,-1,VWAP,354645
SEPN,-2,VWAP,376752
BBUC,0,VWAP,353099
RDDT,0,VWAP,371512
RXO,1,VWAP,358930
ADTN,11,VWAP,67975
CR,0,VWAP,363049
CRBG,0,VWAP,357766
SOUN,23,VWAP,354493
FIP,9,VWAP,356690
CXT,0,VWAP,67141
QDEL,-1,VWAP,49918
NN,0,VWAP,331316
SOLV,0,VWAP,371731
QBTS,1,VWAP,332702
MSGE,0,VWAP,363621
J,0,VWAP,64074
ASST,4,VWAP,361071
AMPX,5,VWAP,357770
VLTO,0,VWAP,367253
BHRB,0,VWAP,59019
MBLY,36,VWAP,358837
ZYME,-2,VWAP,296936
NATL,0,VWAP,367599
BAM,0,VWAP,359752
ATMU,0,VWAP,364383
UHAL.B,-1,VWAP,359134
VTS,-3,VWAP,360739
MBC,4,VWAP,360035
GEHC,0,VWAP,360151
FG,0,VWAP,359692
TEAM,0,VWAP,286883
KVUE,6,VWAP,363882
HSAI,0,VWAP,361194
SVV,-3,VWAP,365179
PHIN,0,VWAP,365304
NNE,1,VWAP,372583
RAPP,0,VWAP,373317
KGS,0,VWAP,365181
TKO,0,VWAP,59445
CLB,0,VWAP,70178
SBGI,-3,VWAP,59693
TIC,4,VWAP,369880
TLN,0,VWAP,364519
FTRE,0,VWAP,364985
APGE,0,VWAP,365577
BGC,5,VWAP,70569
BATRK,-1,VWAP,289267
USAR,3,VWAP,365644
FWONA,0,VWAP,265027
FWONK,0,VWAP,276940
HHH,0,VWAP,243265
DBD,0,VWAP,366217
ZBIO,0,VWAP,375697
AAUC,1,VWAP,368249
ALMS,0,VWAP,373821
AESI,4,VWAP,361732
LAC,81,VWAP,367347
GRDN,-1,VWAP,376036
WS,0,VWAP,369200
WAY,1,VWAP,373314
CURB,0,VWAP,376149
FUN,0,VWAP,57324
TBN,0,VWAP,373776
SBET,15,VWAP,64962
SIRI,1,VWAP,54338
TE,30,VWAP,321925
NBBK,0,VWAP,369883
CORZ,1,VWAP,370363
AHR,0,VWAP,370643
PACS,-1,VWAP,371969
CTRI,0,VWAP,372117
ECG,0,VWAP,376909
LOAR,0,VWAP,372303
UMAC,1,VWAP,371064
BOW,-1,VWAP,372909
LH,0,VWAP,60489
INBX,0,VWAP,373124
TEM,0,VWAP,373454
LB,-1,VWAP,373835
SOBO,0,VWAP,376235
GRAL,-1,VWAP,373667
CON,-1,VWAP,374561
FIGR,0,VWAP,386669
LINE,0,VWAP,374571
FERG,0,VWAP,273421
CLMT,-1,VWAP,65333
AMTM,0,VWAP,376130
AVR,2,VWAP,378088
BLK,0,VWAP,57093
INGM,-1,VWAP,376716
PRMB,3,VWAP,70273
PRM,0,VWAP,346373
SNDK,0,VWAP,379905
FLOC,-3,VWAP,378825
VG,6,VWAP,379038
BEPC,0,VWAP,327968
BIPC,-1,VWAP,324772
RHLD,0,VWAP,380064
SFD,0,VWAP,379074
MRP,-1,VWAP,378859
SAIL,3,VWAP,379631
KRMN,0,VWAP,379598
MNTN,-1,VWAP,382749
NMAX,2,VWAP,380996
SMA,0,VWAP,381058
CRCL,0,VWAP,383210
LION,4,VWAP,352733
VOYG,-1,VWAP,383363
RAL,0,VWAP,384028
JCAP,-1,VWAP,383977
RKLB,0,VWAP,331979
PSKY,11,VWAP,63141
MH,3,VWAP,385013
VNOM,0,VWAP,276567
GEMI,8,VWAP,386711
LGN,0,VWAP,386700
EMA,0,VWAP,271076
BMNR,2,VWAP,58596
CBC,0,VWAP,307225
BTQ,13,VWAP,363666
BGSI,0,VWAP,58991
ALH,0,VWAP,387915
BETA,0,VWAP,388873
WLTH,3,VWAP,390510
NTSK,4,VWAP,386955
NAVN,1,VWAP,388715
BLLN,0,VWAP,389013
STUB,11,VWAP,386899
XZO,0,VWAP,389241
KDK,8,VWAP,364704
MPLT,3,VWAP,388587
IMSR,10,VWAP,376415
XXI,10,VWAP,374909
Q,0,VWAP,388803
PTRN,2,VWAP,387014
WBI,-2,VWAP,386900
NP,0,VWAP,387533
FRMI,15,VWAP,387563
SOLS,0,VWAP,388717
ANDG,0,VWAP,390686
WOLF,0,VWAP,387887
VSNT,0,VWAP,391245
PURR,8,VWAP,390033
MDLN,0,VWAP,390681
SUNC,0,VWAP,389012
DEC,-1,VWAP,312321
LMRI,-1,VWAP,390417
CDNL,0,VWAP,390348
LLYVA,0,VWAP,390650
LLYVK,0,VWAP,390649
ATAI,29,VWAP,341208
PNFP,0,VWAP,56709
AKTS,0,VWAP,391388
SCZM,-1,VWAP,263230
EQPT,0,VWAP,392065
BTGO,8,VWAP,391958
INDV,0,VWAP,280197
LIFE,-1,VWAP,392181
YSS,2,VWAP,392199
BOBS,3,VWAP,392465
MANE,0,VWAP,392428
FPS,0,VWAP,392466
OFRM,-1,VWAP,392529
EIKN,-4,VWAP,392489
MWH,1,VWAP,392726
SHAZ,0,VWAP,349778
INFQ,2,VWAP,384367
APC,-1,VWAP,392777
GENB,-1,VWAP,393310
RNA,-2,VWAP,393290
MDA,0,VWAP,339774
MMED,0,VWAP,394736
SUNB,0,VWAP,393363
JAN,0,VWAP,395384
XNDU,0,VWAP,395684
OGC,0,VWAP,272671
TRAX,-1,VWAP,396494
KEEL,45,VWAP,318871
RMIX,0,VWAP,396139
AYA,-1,VWAP,228815
AVLN,-1,VWAP,396895
XE,0,VWAP,396672
HAWK,1,VWAP,397223
ALMR,-1,VWAP,396425
YSWY,-3,VWAP,396570
ODTX,-2,VWAP,397261
SPTX,0,VWAP,396943
PS,-1,VWAP,396798
KLRA,0,VWAP,396424
MAIR,1,VWAP,396384
AVEX,0,VWAP,396446
ARXS,0,VWAP,396389
COAG,0,VWAP,396942
NHP,-1,VWAP,396572
BOT,0,VWAP,
NVRI,-1,VWAP,398628
FAC,1,VWAP,383898
EROC,2,VWAP,398974
ITG,0,VWAP,399995
TRLV,0,VWAP,308944
LFTO,-2,VWAP,398627
LIME,-2,VWAP,399974
PBLS,-1,VWAP,398992
IQMX,1,VWAP,383074
FRVO,1,VWAP,397469
KARD,-1,VWAP,399693
FDXF,0,VWAP,398173
HONA,0,VWAP,399809
BXDC,0,VWAP,397524
GMRS,-2,VWAP,397466
LCLN,-3,VWAP,397755
FRBT,-3,VWAP,399019
SPCX,0,VWAP,398817
SSMR,-5,VWAP,398626
QNT,0,VWAP,398631
XOM,0,VWAP,46171
SECZ,3,VWAP,381978
MFP,0,VWAP,400189
BRUN,0,VWAP,378473
AADX,0,VWAP,398307
MBGL,1,VWAP,399993
TGLS,-1,VWAP,261267
CBRS,0,VWAP,397542
STDN,3,VWAP,400709
GFUZ,1,VWAP,387471
CSQR,1,VWAP,400708
CLBK,10,VWAP,305815
FRNM,6,VWAP,373408
JMKE,1,VWAP,401227
IOND,0,VWAP,401134
