symbol,quantity,algo,open_px
MCHPP,1,VWAP,66.150002
LBTYA,4,VWAP,10.710000
LBTYK,5,VWAP,10.500000
MPC,0,VWAP,303.170013
AAPL,0,VWAP,314.339996
ABM,0,VWAP,49.189999
ABT,0,VWAP,107.190002
B,1,VWAP,40.750000
AB,0,VWAP,37.279999
IEP,-2,VWAP,7.530000
RAMP,1,VWAP,37.849998
ADBE,0,VWAP,252.229996
ADI,0,VWAP,375.250000
ADM,0,VWAP,78.589996
AEE,0,VWAP,109.879997
AEP,0,VWAP,127.980003
AFL,0,VWAP,126.250000
AIG,0,VWAP,81.000000
AIR,0,VWAP,147.649994
AIT,0,VWAP,360.000000
AJG,0,VWAP,252.779999
MATX,0,VWAP,203.970001
ALK,0,VWAP,51.470001
ALX,0,VWAP,280.269989
AMAT,0,VWAP,525.340027
PLD,0,VWAP,140.279999
AMD,0,VWAP,471.750000
AME,0,VWAP,255.740005
AMGN,0,VWAP,413.720001
FRME,0,VWAP,43.560001
AMT,0,VWAP,169.690002
AN,0,VWAP,214.960007
AOS,0,VWAP,63.189999
APD,0,VWAP,297.529999
APH,0,VWAP,169.740005
APOG,0,VWAP,43.009998
ARW,0,VWAP,226.320007
ASB,0,VWAP,31.770000
ASTE,-1,VWAP,45.650002
ATRO,0,VWAP,76.290001
EPAC,-1,VWAP,37.330002
AVA,0,VWAP,39.099998
AVT,0,VWAP,98.300003
AVY,0,VWAP,176.929993
AXP,0,VWAP,349.799988
BA,0,VWAP,240.000000
BAC,0,VWAP,63.910000
BAX,0,VWAP,27.410000
BBY,0,VWAP,84.410004
BC,0,VWAP,83.389999
BCE,0,VWAP,22.160000
BCPC,0,VWAP,180.000000
BDX,0,VWAP,175.880005
BEN,0,VWAP,35.000000
WRB,0,VWAP,73.120003
BF.A,13,VWAP,29.219999
BF.B,0,VWAP,29.010000
BNY,0,VWAP,159.339996
BKE,0,VWAP,45.990002
BKH,0,VWAP,73.000000
BALL,0,VWAP,63.799999
BMI,0,VWAP,140.850006
BPOP,0,VWAP,177.729996
BRC,0,VWAP,98.900002
MTRN,0,VWAP,290.839996
CAC,0,VWAP,59.790001
CAG,4,VWAP,15.100000
CAT,0,VWAP,862.000000
CBRL,0,VWAP,58.259998
CBSH,0,VWAP,60.000000
CBT,0,VWAP,83.389999
CBU,0,VWAP,66.750000
CCK,0,VWAP,122.269997
FIZZ,0,VWAP,32.549999
CDE,5,VWAP,16.000000
AMZN,0,VWAP,272.769989
CHCO,0,VWAP,146.500000
CHD,0,VWAP,104.000000
BBT,0,VWAP,32.040001
PPC,2,VWAP,26.650000
CINF,0,VWAP,179.690002
GE,0,VWAP,383.970001
CL,0,VWAP,94.050003
CLF,4,VWAP,12.600000
CLH,0,VWAP,311.929993
CLX,0,VWAP,106.260002
CMC,0,VWAP,75.949997
CMCSA,9,VWAP,24.990000
CMS,0,VWAP,72.250000
CNA,0,VWAP,53.009998
CNMD,0,VWAP,49.599998
CNS,0,VWAP,85.029999
COKE,0,VWAP,184.740005
COO,0,VWAP,75.000000
CPB,1,VWAP,23.080000
CPF,0,VWAP,39.990002
EHC,0,VWAP,124.809998
CRS,0,VWAP,576.559998
CSL,0,VWAP,382.910004
CPT,0,VWAP,113.150002
FLR,0,VWAP,50.500000
CSWC,0,VWAP,24.590000
CSX,0,VWAP,51.500000
BXMT,4,VWAP,13.980000
LUMN,15,VWAP,6.060000
CTS,0,VWAP,66.510002
CMI,0,VWAP,644.460022
CVS,0,VWAP,100.980003
CW,0,VWAP,740.500000
UVE,0,VWAP,44.730000
D,0,VWAP,69.000000
DCI,0,VWAP,98.150002
DCO,0,VWAP,199.509995
DE,0,VWAP,614.570007
GEN,1,VWAP,27.440001
DHR,0,VWAP,199.960007
DIS,0,VWAP,102.540001
DJCO,0,VWAP,597.000000
DLX,-1,VWAP,27.500000
DOV,0,VWAP,213.000000
DRI,0,VWAP,210.240005
DTE,0,VWAP,141.100006
DUK,0,VWAP,124.940002
ECL,0,VWAP,286.619995
ED,0,VWAP,109.300003
EFX,0,VWAP,177.110001
EGP,0,VWAP,203.979996
EME,0,VWAP,826.099976
EMR,0,VWAP,164.320007
EQT,0,VWAP,52.119999
ERIE,0,VWAP,253.369995
EXPD,0,VWAP,181.339996
NEU,0,VWAP,882.000000
DX,7,VWAP,12.870000
KGC,1,VWAP,25.410000
TRV,0,VWAP,385.399994
FAST,0,VWAP,50.459999
FNB,2,VWAP,19.440001
FBNC,0,VWAP,65.300003
FCNCA,0,VWAP,2247.659912
FCX,0,VWAP,68.480003
FDX,0,VWAP,312.640015
FE,0,VWAP,48.080002
FEIM,0,VWAP,69.290001
FELE,0,VWAP,110.080002
FFBC,2,VWAP,34.630001
FITB,0,VWAP,58.250000
FLO,19,VWAP,7.410000
FMC,2,VWAP,10.690000
FOR,-7,VWAP,29.719999
NEE,0,VWAP,86.709999
FRT,0,VWAP,121.800003
SNEX,0,VWAP,67.239998
FSS,0,VWAP,130.059998
FUL,0,VWAP,59.669998
FULT,0,VWAP,24.920000
EAT,0,VWAP,222.580002
GD,0,VWAP,387.679993
GGG,0,VWAP,83.000000
GHM,0,VWAP,106.040001
GIS,0,VWAP,36.139999
STT,0,VWAP,187.690002
GLW,0,VWAP,153.250000
ALLY,0,VWAP,44.680000
GME,3,VWAP,18.990000
GATX,0,VWAP,180.889999
GNTX,1,VWAP,24.150000
GPC,0,VWAP,131.440002
GPI,0,VWAP,279.209991
GAP,3,VWAP,20.610001
GRC,0,VWAP,85.980003
GT,23,VWAP,7.230000
GTY,0,VWAP,33.759998
GWW,0,VWAP,1297.640015
HAL,0,VWAP,32.290001
HAS,0,VWAP,92.139999
ALNT,0,VWAP,103.250000
HBAN,6,VWAP,17.709999
WELL,0,VWAP,238.910004
DOC,3,VWAP,21.980000
HCSG,0,VWAP,22.480000
HD,0,VWAP,353.500000
HOG,1,VWAP,26.570000
HE,4,VWAP,12.610000
HEI,0,VWAP,372.079987
LSTR,0,VWAP,179.860001
HL,7,VWAP,16.110001
HMN,0,VWAP,54.919998
HST,4,VWAP,23.740000
HOV,0,VWAP,136.270004
HP,-1,VWAP,35.520000
HRB,0,VWAP,45.610001
HRL,1,VWAP,25.250000
LHX,0,VWAP,289.450012
HSY,0,VWAP,180.779999
HTLD,2,VWAP,12.640000
HUBB,0,VWAP,514.729980
HUM,0,VWAP,366.459991
HWKN,0,VWAP,135.949997
HXL,0,VWAP,104.199997
IBCP,0,VWAP,38.639999
IBM,0,VWAP,229.610001
IDA,0,VWAP,144.809998
IDXX,0,VWAP,585.880005
IFF,0,VWAP,86.879997
TILE,0,VWAP,35.189999
COHR,0,VWAP,314.709991
INDB,0,VWAP,85.949997
DORM,0,VWAP,141.520004
WKC,0,VWAP,38.660000
IP,0,VWAP,42.040001
ADSK,0,VWAP,237.360001
IT,0,VWAP,184.000000
ITW,0,VWAP,300.160004
INTC,0,VWAP,98.220001
JBHT,0,VWAP,272.559998
JJSF,0,VWAP,87.419998
JKHY,0,VWAP,152.880005
JNJ,0,VWAP,261.709991
ORCL,0,VWAP,139.250000
KBH,0,VWAP,58.500000
KEX,0,VWAP,131.250000
KEY,3,VWAP,23.280001
KLAC,0,VWAP,189.589996
KLIC,0,VWAP,89.320000
KMB,0,VWAP,112.589996
KMT,-1,VWAP,33.500000
KO,5,VWAP,87.860001
KR,0,VWAP,57.480000
MZTI,0,VWAP,112.279999
AXGN,0,VWAP,45.070000
LEG,6,VWAP,9.660000
LEN,0,VWAP,87.019997
SR,0,VWAP,82.000000
LII,0,VWAP,444.720001
LLY,0,VWAP,1196.550049
CTSH,0,VWAP,53.900002
LNC,0,VWAP,47.119999
LOW,0,VWAP,220.000000
LPX,0,VWAP,76.589996
LRCX,0,VWAP,300.000000
BBWI,3,VWAP,20.600000
JEF,0,VWAP,56.500000
LUV,0,VWAP,48.419998
LYTS,0,VWAP,25.040001
LZB,0,VWAP,41.799999
MGA,0,VWAP,71.519997
SANM,0,VWAP,197.630005
MAN,0,VWAP,54.279999
MAS,0,VWAP,77.169998
MAT,3,VWAP,14.600000
TRMB,0,VWAP,57.860001
MPB,0,VWAP,38.529999
MCD,0,VWAP,276.000000
IMO,0,VWAP,127.610001
MDU,0,VWAP,20.160000
MET,0,VWAP,98.540001
MGRC,0,VWAP,121.559998
ELS,0,VWAP,65.849998
SPGI,0,VWAP,408.109985
MITK,-2,VWAP,16.639999
MLKN,-1,VWAP,23.980000
MRSH,0,VWAP,192.809998
MMM,0,VWAP,182.029999
MO,0,VWAP,69.300003
MOD,0,VWAP,191.279999
MOG.A,0,VWAP,411.239990
MSI,0,VWAP,474.880005
CGNX,0,VWAP,72.150002
MRK,0,VWAP,130.960007
MRTN,3,VWAP,15.020000
MSA,0,VWAP,194.020004
MSEX,0,VWAP,57.910000
MSFT,0,VWAP,488.549988
MSM,0,VWAP,126.330002
MTN,0,VWAP,151.539993
MTX,0,VWAP,77.489998
MUR,0,VWAP,34.099998
PSA,0,VWAP,330.769989
MYE,0,VWAP,35.349998
ONTO,0,VWAP,266.429993
NDSN,0,VWAP,311.320007
NEM,0,VWAP,103.540001
NFG,0,VWAP,80.089996
NI,1,VWAP,43.279999
NJR,0,VWAP,56.310001
NOC,0,VWAP,563.809998
NPK,0,VWAP,138.649994
NSC,0,VWAP,344.029999
NSSC,0,VWAP,40.130001
NTRS,0,VWAP,185.710007
ES,0,VWAP,73.019997
NUE,0,VWAP,274.519989
NVR,0,VWAP,6344.979980
NWL,20,VWAP,6.140000
ROG,0,VWAP,131.669998
LECO,0,VWAP,281.079987
OGE,0,VWAP,47.650002
OKE,0,VWAP,88.820000
OLN,1,VWAP,18.930000
OTTR,0,VWAP,94.070000
F,15,VWAP,14.150000
OXY,0,VWAP,56.430000
NVDA,0,VWAP,221.529999
COP,0,VWAP,120.000000
PATK,0,VWAP,86.790001
PAYX,0,VWAP,119.010002
PBI,0,VWAP,18.299999
PCAR,0,VWAP,134.869995
PCG,4,VWAP,17.379999
TPC,0,VWAP,94.820000
PDS,0,VWAP,76.370003
PEG,0,VWAP,76.059998
PFE,3,VWAP,26.010000
PG,0,VWAP,147.820007
POR,0,VWAP,49.770000
PGR,0,VWAP,214.399994
PH,0,VWAP,1076.000000
RNST,-1,VWAP,44.410000
PHG,0,VWAP,26.549999
PHM,0,VWAP,132.809998
AGYS,0,VWAP,108.290001
PKE,0,VWAP,37.750000
PKG,0,VWAP,255.309998
PLAB,0,VWAP,31.530001
PLXS,0,VWAP,275.290009
PNC,0,VWAP,257.299988
OLED,0,VWAP,85.900002
TXNM,0,VWAP,57.680000
PNW,0,VWAP,102.629997
POOL,0,VWAP,204.009995
POWL,0,VWAP,207.929993
PPG,0,VWAP,118.660004
PPL,1,VWAP,35.299999
WTRG,2,VWAP,39.880001
ATO,0,VWAP,173.350006
PAR,-1,VWAP,17.070000
PVH,0,VWAP,87.180000
PWR,0,VWAP,680.200012
R,0,VWAP,265.980011
AIN,0,VWAP,62.150002
RRX,0,VWAP,180.500000
RES,21,VWAP,5.880000
RGEN,0,VWAP,156.210007
DDS,0,VWAP,624.400024
RGLD,0,VWAP,215.089996
RHI,0,VWAP,40.400002
MCO,0,VWAP,481.730011
RJF,0,VWAP,182.000000
TAP,0,VWAP,43.700001
RLI,0,VWAP,63.320000
OMC,0,VWAP,83.540001
ROK,0,VWAP,451.040009
ROL,2,VWAP,37.750000
ROST,0,VWAP,253.750000
SCHL,-1,VWAP,42.480000
SNPS,0,VWAP,398.000000
SAH,0,VWAP,86.410004
SAM,0,VWAP,186.119995
T,6,VWAP,23.459999
SCHW,0,VWAP,108.599998
SCL,0,VWAP,64.279999
SEB,0,VWAP,4315.000000
SEIC,0,VWAP,105.500000
SF,0,VWAP,85.089996
SFNC,0,VWAP,24.280001
SHW,0,VWAP,369.890015
SIGI,0,VWAP,97.889999
SJM,0,VWAP,120.989998
HTO,0,VWAP,62.270000
SKY,0,VWAP,94.309998
SKYW,0,VWAP,115.940002
SLAB,0,VWAP,218.399994
SLB,0,VWAP,50.720001
SLM,0,VWAP,27.530001
SMG,0,VWAP,66.050003
SMP,-1,VWAP,39.630001
SNA,0,VWAP,423.000000
SO,0,VWAP,94.019997
SPXC,0,VWAP,214.229996
SRCE,0,VWAP,90.500000
SCI,0,VWAP,85.989998
STM,0,VWAP,52.590000
SWK,0,VWAP,103.000000
SXI,0,VWAP,324.660004
SYY,0,VWAP,85.000000
TAC,4,VWAP,12.670000
TDS,-1,VWAP,35.619999
TER,0,VWAP,382.010010
TFX,0,VWAP,141.160004
THO,0,VWAP,79.589996
TJX,0,VWAP,161.850006
TKR,0,VWAP,130.800003
GL,0,VWAP,182.100006
TMO,0,VWAP,576.799988
TRI,0,VWAP,100.580002
TOL,0,VWAP,154.000000
TOWN,0,VWAP,38.680000
TR,0,VWAP,40.279999
TRN,0,VWAP,32.450001
TRNS,0,VWAP,94.050003
TROW,0,VWAP,115.540001
TRP,0,VWAP,64.699997
TRST,0,VWAP,56.990002
TTC,0,VWAP,99.440002
TTI,7,VWAP,8.350000
TXN,0,VWAP,274.619995
TXT,0,VWAP,88.959999
TYL,0,VWAP,300.989990
UBSI,0,VWAP,49.450001
UFCS,0,VWAP,54.820000
UGI,0,VWAP,35.209999
HON,0,VWAP,248.960007
UNF,0,VWAP,289.899994
UNM,0,VWAP,89.690002
UNP,0,VWAP,296.000000
MUX,2,VWAP,18.860001
AD,-1,VWAP,35.529999
UTL,0,VWAP,53.950001
RTX,0,VWAP,224.210007
UVV,-1,VWAP,52.500000
VMI,0,VWAP,495.950012
VECO,0,VWAP,56.040001
VFC,5,VWAP,15.050000
VLO,0,VWAP,307.000000
VMC,0,VWAP,286.040009
VNO,0,VWAP,39.669998
VSEC,0,VWAP,223.039993
VSH,0,VWAP,32.009998
WAB,0,VWAP,298.000000
WASH,0,VWAP,39.689999
WBS,0,VWAP,79.739998
WDC,0,VWAP,428.890015
WDFC,0,VWAP,235.210007
WEC,0,VWAP,109.330002
WERN,0,VWAP,37.910000
WFC,0,VWAP,89.839996
WAFD,0,VWAP,37.970001
WGO,0,VWAP,31.730000
BRO,0,VWAP,71.559998
WHR,0,VWAP,45.250000
WMB,0,VWAP,73.000000
WM,0,VWAP,226.940002
WMK,0,VWAP,75.570000
WMT,0,VWAP,114.070000
WSBC,0,VWAP,42.500000
WSFS,0,VWAP,82.580002
WST,0,VWAP,350.619995
WWW,0,VWAP,19.719999
WY,1,VWAP,26.000000
XRAY,8,VWAP,13.920000
ZION,0,VWAP,72.160004
FDS,0,VWAP,276.890015
CDP,0,VWAP,37.759998
ATS,-3,VWAP,24.570000
BLDP,53,VWAP,2.620000
BMO,0,VWAP,182.330002
BNS,0,VWAP,88.870003
CAE,0,VWAP,27.059999
CCJ,0,VWAP,93.610001
CM,0,VWAP,119.510002
CNQ,1,VWAP,45.730000
EGO,0,VWAP,35.500000
SU,0,VWAP,63.200001
FTK,-1,VWAP,36.500000
FTS,0,VWAP,56.860001
GIB,0,VWAP,71.730003
TFC,0,VWAP,53.250000
TTEK,0,VWAP,34.410000
DGII,0,VWAP,76.879997
IMAX,0,VWAP,50.520000
EOG,0,VWAP,136.550003
EXK,6,VWAP,8.860000
NG,15,VWAP,6.810000
PAAS,0,VWAP,47.400002
RCI,0,VWAP,34.169998
BB,13,VWAP,8.510000
SA,-1,VWAP,28.620001
RY,0,VWAP,211.919998
ANDE,0,VWAP,70.309998
TU,11,VWAP,9.820000
TD,0,VWAP,121.720001
TECK,0,VWAP,65.029999
TGB,9,VWAP,8.400000
WFG,0,VWAP,70.589996
HIFS,0,VWAP,302.670013
OII,0,VWAP,49.250000
CIEN,0,VWAP,396.049988
BIO,0,VWAP,345.049988
TWI,4,VWAP,7.340000
BSX,0,VWAP,49.230000
SPB,0,VWAP,91.000000
DVN,1,VWAP,42.950001
PRIM,0,VWAP,83.419998
NWBI,5,VWAP,15.800000
KRG,1,VWAP,27.500000
BBBY,17,VWAP,4.950000
ATEC,4,VWAP,9.550000
AMKR,0,VWAP,52.189999
COF,0,VWAP,221.380005
CDNS,0,VWAP,335.540009
TECH,1,VWAP,72.089996
MEOH,0,VWAP,51.770000
BIIB,0,VWAP,208.750000
CHE,0,VWAP,551.739990
NEOG,4,VWAP,11.450000
LXU,3,VWAP,9.710000
CRUS,0,VWAP,122.150002
ETR,0,VWAP,107.949997
WPC,0,VWAP,72.919998
IEX,0,VWAP,237.779999
VZ,0,VWAP,47.200001
CHDN,0,VWAP,88.059998
CVX,0,VWAP,188.970001
AUPH,0,VWAP,15.930000
ARCB,0,VWAP,140.470001
VRTX,0,VWAP,490.910004
STBA,0,VWAP,52.900002
PEP,0,VWAP,140.089996
AES,23,VWAP,14.700000
UPBD,0,VWAP,20.000000
BELFA,0,VWAP,230.740005
MGM,0,VWAP,44.410000
LSCC,0,VWAP,125.669998
ARE,0,VWAP,50.849998
NPKI,0,VWAP,13.630000
AAON,0,VWAP,92.050003
CFR,0,VWAP,167.580002
KOPN,22,VWAP,3.850000
ITRI,0,VWAP,104.889999
AMG,0,VWAP,376.649994
PTC,0,VWAP,138.240005
WPM,0,VWAP,121.870003
GSBC,0,VWAP,82.099998
GIII,0,VWAP,36.619999
MMS,-1,VWAP,57.900002
GHC,0,VWAP,1221.199951
WRLD,0,VWAP,190.759995
CSCO,0,VWAP,121.480003
NOV,0,VWAP,19.820000
GBCI,0,VWAP,50.650002
TRMK,0,VWAP,48.939999
STN,0,VWAP,72.830002
XPEL,-1,VWAP,50.430000
VICR,0,VWAP,213.190002
SSRM,0,VWAP,28.340000
ELV,0,VWAP,391.829987
UDR,0,VWAP,38.830002
SRPT,2,VWAP,16.660000
MMSI,0,VWAP,87.250000
L,0,VWAP,116.800003
M,2,VWAP,25.770000
ICFI,0,VWAP,86.300003
SKE,0,VWAP,30.030001
BHE,0,VWAP,83.650002
PRDO,0,VWAP,32.700001
ORI,0,VWAP,43.750000
STAA,0,VWAP,22.799999
PRGS,0,VWAP,41.520000
ESE,0,VWAP,327.420013
DY,0,VWAP,406.670013
SWBI,1,VWAP,14.820000
NOVT,0,VWAP,169.500000
MXL,0,VWAP,65.900002
WTS,0,VWAP,384.290009
NKE,1,VWAP,42.520000
MU,0,VWAP,843.109985
RGA,0,VWAP,239.250000
AMRC,0,VWAP,25.540001
CATY,0,VWAP,64.589996
CECO,0,VWAP,67.860001
MLI,0,VWAP,69.389999
KKR,0,VWAP,106.019997
REGN,0,VWAP,777.849976
TEX,0,VWAP,66.070000
AMN,-2,VWAP,32.750000
AZO,0,VWAP,3095.000000
ENB,0,VWAP,52.430000
HNI,0,VWAP,48.680000
HAE,0,VWAP,85.769997
VOYA,0,VWAP,100.699997
BOH,0,VWAP,79.080002
AVNT,-1,VWAP,40.000000
EZPW,-1,VWAP,28.540001
ABUS,45,VWAP,4.570000
ADC,0,VWAP,76.519997
HSIC,0,VWAP,90.029999
UHS,0,VWAP,173.389999
HWC,0,VWAP,78.779999
MTG,0,VWAP,30.650000
RHP,0,VWAP,126.180000
OSK,0,VWAP,153.770004
ZBRA,0,VWAP,367.519989
CNC,0,VWAP,67.250000
USB,0,VWAP,64.720001
THFF,0,VWAP,82.900002
FHI,0,VWAP,64.160004
INTU,0,VWAP,319.700012
BOKF,0,VWAP,145.399994
UHAL,0,VWAP,74.910004
ADT,20,VWAP,7.710000
SLGN,0,VWAP,42.860001
QCOM,0,VWAP,155.419998
GEO,0,VWAP,31.219999
SM,1,VWAP,30.600000
HPQ,1,VWAP,28.379999
NHI,0,VWAP,75.529999
UNH,0,VWAP,415.269989
JBSS,0,VWAP,85.459999
ODFL,0,VWAP,213.809998
OPCH,0,VWAP,23.770000
VCEL,0,VWAP,45.180000
NBTB,0,VWAP,53.560001
WOR,0,VWAP,59.150002
PZZA,0,VWAP,27.080000
GILD,0,VWAP,133.990005
AEG,12,VWAP,9.520000
CNOB,1,VWAP,33.529999
UVSP,-1,VWAP,44.529999
SVM,2,VWAP,10.680000
IBOC,0,VWAP,76.400002
WWD,0,VWAP,375.769989
NNN,0,VWAP,48.009998
DLTR,0,VWAP,129.899994
SCCO,0,VWAP,194.800003
EXTR,0,VWAP,25.790001
KIM,2,VWAP,25.030001
FCF,-1,VWAP,21.879999
FMBH,0,VWAP,52.590000
AMSC,-1,VWAP,29.639999
CALY,0,VWAP,18.709999
THC,0,VWAP,264.149994
LAZ,0,VWAP,43.900002
ICUI,0,VWAP,167.279999
EFOR,0,VWAP,31.250000
KSS,1,VWAP,19.480000
CAKE,0,VWAP,105.019997
MANH,0,VWAP,190.970001
USPH,0,VWAP,75.580002
EQR,0,VWAP,67.750000
COLB,0,VWAP,31.639999
SBUX,0,VWAP,106.139999
C,0,VWAP,138.339996
BRKL,49,VWAP,26.100000
OHI,0,VWAP,49.240002
HLIT,4,VWAP,11.860000
LTC,0,VWAP,38.459999
CUZ,0,VWAP,31.049999
POWI,0,VWAP,61.529999
LFUS,0,VWAP,460.329987
RDNT,-1,VWAP,67.970001
BANF,0,VWAP,114.760002
CENX,0,VWAP,46.669998
BZH,-2,VWAP,33.770000
MFC,0,VWAP,45.000000
FBP,0,VWAP,29.309999
BMRN,-1,VWAP,60.459999
EGY,18,VWAP,5.140000
FTNT,0,VWAP,160.070007
PEBO,0,VWAP,41.860001
AEM,0,VWAP,163.039993
PCRX,-1,VWAP,24.900000
OPY,0,VWAP,116.519997
PRSU,0,VWAP,52.599998
SPG,0,VWAP,226.610001
MCHP,0,VWAP,76.620003
MAR,0,VWAP,362.010010
ATR,0,VWAP,138.619995
TCBK,0,VWAP,58.740002
SAFT,0,VWAP,103.500000
ORLY,0,VWAP,93.680000
OBK,0,VWAP,55.169998
BFH,0,VWAP,113.120003
UFPT,0,VWAP,322.059998
BFC,0,VWAP,157.449997
CIGI,0,VWAP,101.500000
MKC,0,VWAP,52.900002
UNFI,0,VWAP,48.770000
VRSN,0,VWAP,293.820007
GABC,0,VWAP,51.330002
SKT,0,VWAP,40.549999
CTAS,0,VWAP,202.860001
BBSI,-1,VWAP,35.029999
REX,-1,VWAP,44.180000
BYD,0,VWAP,84.400002
ZBH,0,VWAP,98.800003
INOD,0,VWAP,67.879997
MCRI,0,VWAP,122.389999
XEL,0,VWAP,77.980003
BWA,0,VWAP,66.419998
CP,0,VWAP,91.389999
CLSK,6,VWAP,13.090000
ALNY,0,VWAP,228.580002
CASH,0,VWAP,89.970001
ROCK,0,VWAP,54.130001
AUB,0,VWAP,43.400002
PTEN,9,VWAP,9.810000
DECK,0,VWAP,99.019997
UFPI,0,VWAP,92.570000
LXP,0,VWAP,60.680000
VLY,3,VWAP,14.800000
REG,0,VWAP,79.730003
BX,0,VWAP,136.270004
URBN,0,VWAP,77.820000
WEN,8,VWAP,7.840000
FFIN,0,VWAP,35.560001
MAC,0,VWAP,25.010000
MHO,0,VWAP,151.929993
OSBC,0,VWAP,25.990000
SUI,0,VWAP,121.680000
PII,0,VWAP,72.919998
MAA,0,VWAP,137.000000
AVB,0,VWAP,191.690002
ODC,0,VWAP,99.180000
SHOO,0,VWAP,48.959999
GIL,0,VWAP,58.400002
CG,0,VWAP,49.680000
EMN,0,VWAP,73.809998
YUM,0,VWAP,152.669998
UMH,-3,VWAP,15.460000
IART,3,VWAP,17.600000
TSCO,1,VWAP,33.889999
BCRX,5,VWAP,9.040000
JOE,0,VWAP,65.389999
STC,0,VWAP,69.029999
AKR,0,VWAP,21.580000
NSIT,0,VWAP,142.199997
MOS,0,VWAP,23.000000
GFF,0,VWAP,104.050003
SON,0,VWAP,58.459999
CPRT,2,VWAP,28.870001
USLM,0,VWAP,117.599998
EIX,0,VWAP,69.099998
DAKT,0,VWAP,22.070000
RYN,0,VWAP,22.070000
DCOM,0,VWAP,41.860001
CAH,0,VWAP,244.009995
LMT,0,VWAP,584.309998
CRL,0,VWAP,264.890015
AEO,3,VWAP,17.740000
CWT,0,VWAP,50.099998
MLM,0,VWAP,554.599976
CLDX,0,VWAP,41.119999
CVLT,0,VWAP,132.399994
JBL,0,VWAP,336.579987
NKTR,0,VWAP,72.660004
RMBS,0,VWAP,94.540001
LKFN,0,VWAP,63.400002
SCSC,0,VWAP,56.880001
FMNB,0,VWAP,16.020000
MTB,0,VWAP,254.000000
ALB,0,VWAP,127.730003
HBNC,0,VWAP,20.820000
PB,0,VWAP,75.519997
AXTI,0,VWAP,69.080002
SMTC,0,VWAP,119.739998
EXP,0,VWAP,218.460007
LNG,0,VWAP,267.570007
CCI,0,VWAP,75.029999
BHC,22,VWAP,6.350000
AGCO,0,VWAP,104.279999
OIS,-1,VWAP,8.480000
MPT,37,VWAP,4.690000
SMBC,0,VWAP,77.970001
HIW,0,VWAP,32.730000
RPM,0,VWAP,116.989998
RBCAA,0,VWAP,100.919998
PRK,0,VWAP,210.250000
VET,2,VWAP,10.840000
ISRG,0,VWAP,374.390015
SLF,0,VWAP,82.440002
WABC,0,VWAP,60.500000
UMBF,0,VWAP,147.410004
AKAM,0,VWAP,116.599998
ALG,0,VWAP,169.190002
CALM,0,VWAP,85.800003
ABCB,0,VWAP,89.570000
PENN,2,VWAP,20.010000
GBX,0,VWAP,50.209999
ESS,0,VWAP,290.000000
RS,0,VWAP,422.970001
MATW,-4,VWAP,27.469999
SVC,4,VWAP,7.960000
FR,0,VWAP,64.680000
WSO,0,VWAP,331.630005
ADP,0,VWAP,271.160004
CME,0,VWAP,266.109985
MFA,5,VWAP,9.090000
TSN,0,VWAP,58.650002
COHU,0,VWAP,50.580002
O,0,VWAP,64.339996
NSP,0,VWAP,50.580002
BKNG,0,VWAP,207.449997
CVLG,0,VWAP,35.360001
LGND,0,VWAP,306.079987
JPM,0,VWAP,362.809998
IDCC,0,VWAP,331.570007
AZTA,-2,VWAP,31.820000
HOPE,0,VWAP,14.160000
MCK,0,VWAP,912.190002
SYK,0,VWAP,340.450012
MOV,0,VWAP,39.080002
CRK,0,VWAP,13.280000
LCII,0,VWAP,106.660004
MYRG,0,VWAP,333.549988
HNRG,-3,VWAP,14.750000
NLY,2,VWAP,22.709999
MT,0,VWAP,74.040001
AFG,0,VWAP,146.080002
WLY,0,VWAP,54.240002
LAMR,0,VWAP,158.229996
THG,0,VWAP,230.550003
SENEA,0,VWAP,170.889999
EL,0,VWAP,87.879997
NWPX,0,VWAP,124.239998
AQN,26,VWAP,5.830000
NTAP,0,VWAP,185.539993
CVSA,0,VWAP,127.650002
DHI,0,VWAP,150.429993
CBZ,0,VWAP,54.650002
WAT,0,VWAP,397.940002
BMY,0,VWAP,64.900002
MIDD,0,VWAP,135.339996
TGTX,0,VWAP,49.990002
KAI,0,VWAP,333.970001
CXW,-1,VWAP,28.820000
HIG,0,VWAP,144.500000
BCO,0,VWAP,117.150002
INCY,0,VWAP,119.800003
CORT,0,VWAP,111.000000
MKTX,0,VWAP,162.500000
WINA,0,VWAP,364.089996
IOSP,0,VWAP,92.500000
UTHR,0,VWAP,519.789978
GEF,0,VWAP,90.379997
CAR,0,VWAP,139.960007
IAG,2,VWAP,15.530000
HUBG,-1,VWAP,48.040001
FIS,0,VWAP,42.500000
NBIX,0,VWAP,161.279999
GVA,0,VWAP,124.790001
CNI,0,VWAP,127.800003
ATI,0,VWAP,219.990005
COR,0,VWAP,321.880005
LNT,0,VWAP,71.050003
FICO,0,VWAP,1087.280029
GPK,5,VWAP,11.870000
BRK.A,0,VWAP,783701.000000
BRK.B,0,VWAP,524.109985
STRA,0,VWAP,83.559998
COLM,0,VWAP,57.290001
NYT,0,VWAP,64.750000
VIAV,0,VWAP,38.000000
OCFC,0,VWAP,20.000000
PEGA,1,VWAP,30.950001
BELFB,0,VWAP,291.640015
WTFC,0,VWAP,162.440002
MTZ,0,VWAP,263.660004
PAG,0,VWAP,216.350006
KWR,0,VWAP,171.669998
CNXN,0,VWAP,85.639999
ASTH,0,VWAP,35.820000
MD,-2,VWAP,25.629999
HEI.A,0,VWAP,265.600006
ANF,0,VWAP,109.879997
BJRI,0,VWAP,67.529999
MBWM,0,VWAP,62.090000
HLX,5,VWAP,9.820000
PRU,0,VWAP,121.199997
FSM,4,VWAP,9.350000
PAA,1,VWAP,23.299999
STLD,0,VWAP,266.130005
VSAT,0,VWAP,79.010002
MCY,0,VWAP,109.190002
FSLR,0,VWAP,236.550003
CHH,0,VWAP,110.110001
HLIO,0,VWAP,81.930000
PLUS,0,VWAP,92.989998
ROP,0,VWAP,397.500000
ABG,0,VWAP,221.539993
BLKB,0,VWAP,45.689999
EBAY,0,VWAP,112.000000
KRC,0,VWAP,38.990002
ALL,0,VWAP,273.779999
BLDR,0,VWAP,74.459999
EXPO,0,VWAP,66.889999
GEL,-5,VWAP,15.700000
CLS,0,VWAP,311.000000
UAMY,22,VWAP,6.100000
RSG,0,VWAP,209.470001
BBDC,-2,VWAP,8.510000
DCH,21,VWAP,6.000000
ANIP,-1,VWAP,80.559998
NEO,2,VWAP,15.690000
EEFT,0,VWAP,73.500000
DXPE,0,VWAP,180.000000
FIBK,0,VWAP,38.169998
MTH,0,VWAP,74.790001
CTBI,0,VWAP,79.379997
LEU,0,VWAP,202.000000
VYX,8,VWAP,9.330000
UUUU,2,VWAP,12.000000
DGX,0,VWAP,237.660004
SSB,0,VWAP,109.910004
OFG,0,VWAP,53.320000
TMP,0,VWAP,101.449997
ACIW,0,VWAP,52.900002
COST,0,VWAP,959.549988
ORA,0,VWAP,107.790001
LEVI,1,VWAP,24.620001
EPD,0,VWAP,38.099998
AZZ,0,VWAP,153.740005
CEVA,-1,VWAP,34.029999
PFBC,0,VWAP,106.830002
INSM,0,VWAP,128.220001
UCB,0,VWAP,36.250000
ORRF,0,VWAP,43.509998
AWR,0,VWAP,86.370003
VTR,0,VWAP,93.269997
RL,0,VWAP,375.000000
TTWO,0,VWAP,240.660004
BXP,0,VWAP,70.760002
MS,0,VWAP,219.009995
JBLU,31,VWAP,6.350000
ALV,0,VWAP,123.290001
SLG,0,VWAP,55.290001
MKL,0,VWAP,1893.920044
DNN,74,VWAP,3.080000
ACAD,0,VWAP,28.850000
PBA,0,VWAP,47.810001
CNP,0,VWAP,41.060001
AEHR,0,VWAP,95.010002
PRAA,-1,VWAP,17.240000
FIX,0,VWAP,1721.109985
ORKA,0,VWAP,96.739998
OSIS,0,VWAP,236.259995
AXON,0,VWAP,589.150024
AORT,-1,VWAP,26.559999
FLS,0,VWAP,79.570000
DVA,0,VWAP,186.009995
EPR,0,VWAP,60.599998
CWST,0,VWAP,90.970001
CHRW,0,VWAP,152.580002
TREX,0,VWAP,49.400002
ASM,11,VWAP,6.390000
PSMT,0,VWAP,186.929993
IONS,0,VWAP,54.590000
DAR,0,VWAP,59.400002
RCAT,6,VWAP,8.252000
MTD,0,VWAP,1420.900024
LNN,0,VWAP,114.209999
INVX,-3,VWAP,30.950001
SSD,0,VWAP,195.889999
CSR,-1,VWAP,57.330002
MKSI,0,VWAP,291.019989
SNDA,-1,VWAP,40.160000
IDR,-1,VWAP,33.250000
MRCY,0,VWAP,107.360001
LWLG,14,VWAP,7.070000
SYBT,0,VWAP,85.320000
AYI,0,VWAP,357.410004
RMD,0,VWAP,224.839996
MHK,0,VWAP,133.869995
URI,0,VWAP,1166.680054
INGR,0,VWAP,104.169998
BUSE,0,VWAP,31.450001
RWT,18,VWAP,4.630000
HFWA,0,VWAP,30.219999
NHC,0,VWAP,221.210007
EXC,0,VWAP,46.110001
DSGX,0,VWAP,75.519997
RVTY,0,VWAP,114.239998
RBA,0,VWAP,95.639999
CNO,0,VWAP,56.419998
CRAI,0,VWAP,181.399994
VRSK,0,VWAP,188.750000
HZO,-1,VWAP,35.650002
OTEX,0,VWAP,26.270000
SRE,0,VWAP,84.639999
WSM,0,VWAP,250.190002
CFFN,0,VWAP,9.120000
BSY,0,VWAP,34.020000
RDN,0,VWAP,37.119999
EGBN,-1,VWAP,28.469999
RRC,0,VWAP,38.849998
KFY,0,VWAP,83.559998
ENOV,-1,VWAP,28.860001
GS,0,VWAP,1062.040039
CSQ,0,VWAP,20.730000
ATLC,0,VWAP,110.690002
TGT,0,VWAP,149.600006
CBRE,0,VWAP,150.020004
EVR,0,VWAP,320.619995
UTI,-1,VWAP,31.049999
CCOI,-2,VWAP,13.370000
MORN,0,VWAP,198.050003
MSTR,0,VWAP,96.059998
CNX,0,VWAP,35.220001
LAD,0,VWAP,369.609985
STRL,0,VWAP,531.500000
QXO,12,VWAP,15.500000
EWBC,0,VWAP,134.169998
LKQ,1,VWAP,24.150000
SYNA,0,VWAP,98.519997
ALGN,0,VWAP,173.429993
IVT,0,VWAP,33.709999
TNC,-1,VWAP,80.019997
CRI,-1,VWAP,39.540001
DIOD,0,VWAP,99.629997
WEX,0,VWAP,188.000000
FCN,0,VWAP,151.449997
NPO,0,VWAP,329.070007
JLL,0,VWAP,372.709991
AMPH,-1,VWAP,20.219999
CPK,0,VWAP,135.240005
FFIV,0,VWAP,411.720001
IRM,0,VWAP,127.260002
TFII,0,VWAP,138.869995
KFRC,0,VWAP,58.540001
HSTM,-1,VWAP,27.900000
WCC,0,VWAP,376.149994
FHN,1,VWAP,26.350000
AGM,0,VWAP,237.500000
SBAC,0,VWAP,181.630005
USAS,29,VWAP,4.710000
SWKS,0,VWAP,66.330002
IPAR,0,VWAP,123.910004
ZD,-1,VWAP,52.560001
MGEE,0,VWAP,81.029999
AAP,0,VWAP,59.160000
WT,0,VWAP,22.000000
ONB,0,VWAP,27.190001
PFG,0,VWAP,115.959999
STZ,0,VWAP,132.429993
FLG,4,VWAP,14.410000
RIGL,0,VWAP,39.849998
KMPR,0,VWAP,29.430000
CSGP,0,VWAP,29.889999
BANR,0,VWAP,71.139999
NTCT,-1,VWAP,39.369999
EXEL,0,VWAP,52.919998
ATRC,0,VWAP,39.549999
RUSHB,1,VWAP,80.000000
ARLP,-2,VWAP,25.600000
KTOS,0,VWAP,54.410000
KMX,0,VWAP,56.919998
AIZ,0,VWAP,300.950012
LPTH,4,VWAP,11.670000
SBCF,0,VWAP,35.270000
NRG,0,VWAP,121.269997
SAFE,0,VWAP,16.340000
CROX,0,VWAP,136.770004
UPS,0,VWAP,107.169998
AMSF,-1,VWAP,30.170000
BKD,5,VWAP,14.650000
ET,3,VWAP,20.559999
SBH,0,VWAP,15.750000
ICE,0,VWAP,150.669998
TDY,0,VWAP,690.539978
CRM,0,VWAP,183.440002
REPX,0,VWAP,34.169998
HTGC,2,VWAP,16.790001
NBN,0,VWAP,133.529999
RIOT,4,VWAP,21.030001
PSN,0,VWAP,47.790001
DLB,0,VWAP,60.900002
CMP,-2,VWAP,28.250000
FCEL,0,VWAP,20.500000
TNET,0,VWAP,67.849998
SXT,0,VWAP,130.000000
SNDR,0,VWAP,36.279999
EPC,-1,VWAP,29.900000
EW,0,VWAP,88.980003
INVA,-1,VWAP,21.129999
ILMN,0,VWAP,196.729996
BRKR,0,VWAP,51.380001
NFLX,0,VWAP,75.139999
OMCL,0,VWAP,36.540001
EVC,1,VWAP,11.460000
MFIC,0,VWAP,9.470000
ON,0,VWAP,75.870003
BN,0,VWAP,44.560001
ACLS,0,VWAP,136.699997
THRM,0,VWAP,41.509998
CACI,0,VWAP,552.539978
ENTG,0,VWAP,141.800003
ITGR,0,VWAP,124.970001
HAFC,0,VWAP,32.630001
BLFS,0,VWAP,33.610001
TPR,0,VWAP,160.839996
TTMI,0,VWAP,131.740005
PLPC,0,VWAP,463.769989
SUPN,-1,VWAP,47.820000
HIVE,101,VWAP,2.780000
H,0,VWAP,178.500000
SNX,0,VWAP,264.799988
PDFS,0,VWAP,48.720001
FORM,0,VWAP,112.849998
SVRA,7,VWAP,5.520000
HLI,0,VWAP,133.000000
NTGR,-1,VWAP,23.990000
SHEN,-2,VWAP,13.210000
PGC,0,VWAP,46.560001
AAOI,0,VWAP,121.379997
IPGP,0,VWAP,89.959999
ALRS,0,VWAP,33.990002
CWBC,0,VWAP,26.020000
BWXT,0,VWAP,168.000000
AWI,0,VWAP,185.410004
NVAX,10,VWAP,7.830000
CYTK,0,VWAP,78.940002
SBRA,2,VWAP,21.500000
NNI,0,VWAP,136.899994
FRHC,0,VWAP,149.869995
GPN,0,VWAP,87.519997
ARWR,0,VWAP,86.480003
AG,3,VWAP,17.330000
VSTS,1,VWAP,13.860000
HALO,0,VWAP,84.150002
PIPR,0,VWAP,77.089996
PBH,0,VWAP,55.400002
WMS,0,VWAP,154.199997
SGI,0,VWAP,65.300003
LINC,-1,VWAP,42.400002
HTH,-1,VWAP,39.770000
CPAY,0,VWAP,388.850006
ADAM,3,VWAP,9.470000
MDLZ,0,VWAP,63.259998
CUBE,0,VWAP,42.349998
UCTT,0,VWAP,78.160004
WLK,0,VWAP,79.769997
IDT,0,VWAP,66.269997
RNG,0,VWAP,60.410000
GNW,6,VWAP,9.760000
CVBF,0,VWAP,23.080000
TCBI,0,VWAP,100.449997
DRH,3,VWAP,13.270000
CF,0,VWAP,111.989998
LVS,0,VWAP,45.900002
CE,0,VWAP,43.220001
UAA,33,VWAP,6.780000
MAIN,-1,VWAP,56.400002
ABR,10,VWAP,5.220000
AGX,0,VWAP,589.940002
CVCO,0,VWAP,582.049988
QCRH,0,VWAP,105.870003
XPO,0,VWAP,200.039993
WYNN,0,VWAP,101.150002
DKS,0,VWAP,201.419998
NOG,0,VWAP,20.250000
APLD,1,VWAP,28.299999
AMP,0,VWAP,565.000000
UEC,4,VWAP,10.590000
LMAT,0,VWAP,80.639999
EQIX,0,VWAP,1062.579956
MOH,0,VWAP,195.949997
EPAM,0,VWAP,87.349998
ECPG,0,VWAP,101.190002
WCN,0,VWAP,165.720001
NXST,0,VWAP,183.000000
EFSC,0,VWAP,67.279999
PFS,0,VWAP,25.330000
MA,0,VWAP,573.210022
LEN.B,0,VWAP,85.930000
TMUS,0,VWAP,177.399994
TRS,-1,VWAP,41.299999
NDAQ,0,VWAP,94.860001
ACM,0,VWAP,74.620003
LDOS,0,VWAP,129.630005
HUN,8,VWAP,10.230000
EXLS,0,VWAP,33.680000
RUSHA,0,VWAP,82.660004
TFSL,0,VWAP,18.500000
DXCM,0,VWAP,82.910004
BANC,1,VWAP,19.540001
HBM,2,VWAP,25.900000
DPZ,0,VWAP,366.010010
SAIA,0,VWAP,354.230011
TVTX,0,VWAP,63.689999
ARCC,3,VWAP,19.400000
CYRX,0,VWAP,15.310000
LQDT,-1,VWAP,40.000000
QUBT,9,VWAP,8.520000
MNKD,18,VWAP,3.820000
WTI,35,VWAP,3.460000
WAL,0,VWAP,83.500000
TXRH,0,VWAP,209.559998
EXR,0,VWAP,152.600006
HURN,0,VWAP,149.509995
CGAU,0,VWAP,19.129999
ENS,0,VWAP,189.619995
ITRG,45,VWAP,2.380000
AX,0,VWAP,104.769997
DLR,0,VWAP,196.020004
GM,0,VWAP,89.160004
NWE,0,VWAP,70.080002
MELI,0,VWAP,1825.510010
RF,3,VWAP,32.119999
PSEC,62,VWAP,2.160000
SHO,6,VWAP,11.870000
CVI,-1,VWAP,31.719999
BDC,0,VWAP,126.830002
EIG,0,VWAP,51.139999
KOP,-2,VWAP,48.630001
COLD,5,VWAP,15.320000
OZK,0,VWAP,51.900002
BY,0,VWAP,39.790001
HOMB,0,VWAP,31.459999
FSBC,0,VWAP,46.820000
NIC,0,VWAP,175.550003
CCB,-1,VWAP,44.139999
EQBK,0,VWAP,52.000000
SPFI,0,VWAP,45.310001
TNL,0,VWAP,78.110001
TFIN,0,VWAP,78.919998
MDGL,0,VWAP,513.280029
EYPT,0,VWAP,12.250000
WLDN,0,VWAP,74.089996
LRN,0,VWAP,80.940002
HRI,0,VWAP,168.190002
PTCT,0,VWAP,68.989998
ACHC,0,VWAP,32.169998
LYV,0,VWAP,183.339996
MWA,0,VWAP,27.240000
ALT,48,VWAP,3.030000
RBC,0,VWAP,573.559998
IRWD,38,VWAP,4.160000
KBR,0,VWAP,36.590000
TREE,-1,VWAP,33.700001
CMG,3,VWAP,34.160000
CARS,-2,VWAP,10.825000
EXPE,0,VWAP,325.000000
APPS,3,VWAP,12.950000
AWK,0,VWAP,135.089996
OMER,2,VWAP,12.440000
GSAT,0,VWAP,83.239998
CSIQ,0,VWAP,15.240000
ENSG,0,VWAP,181.000000
AVAV,0,VWAP,166.110001
TDC,0,VWAP,25.580000
DAL,0,VWAP,92.500000
TDG,0,VWAP,1264.079956
CODI,-2,VWAP,10.890000
ALGT,0,VWAP,101.980003
IBKR,0,VWAP,88.139999
EFC,2,VWAP,13.210000
OC,0,VWAP,149.929993
UAL,0,VWAP,131.750000
META,0,VWAP,586.950012
SMCI,1,VWAP,30.000000
TSLA,0,VWAP,317.049988
JBTM,0,VWAP,121.809998
CELH,0,VWAP,25.980000
OCSL,-2,VWAP,12.110000
WU,18,VWAP,7.210000
FET,0,VWAP,77.040001
CIM,0,VWAP,11.850000
IESC,0,VWAP,776.859985
KALU,0,VWAP,176.160004
DEI,3,VWAP,11.980000
BR,0,VWAP,161.809998
ARR,4,VWAP,16.620001
V,0,VWAP,369.570007
CPS,-2,VWAP,29.410000
PODD,0,VWAP,130.899994
SONO,1,VWAP,15.760000
APEI,0,VWAP,53.279999
DAN,0,VWAP,29.559999
PRLB,0,VWAP,90.019997
CNK,0,VWAP,38.060001
GRBK,-1,VWAP,73.459999
PGEN,11,VWAP,6.860000
CQP,-1,VWAP,65.800003
EQX,10,VWAP,9.520000
HROW,-1,VWAP,40.150002
OGG,45,VWAP,2.800000
KDP,2,VWAP,32.500000
LULU,0,VWAP,122.599998
FNV,0,VWAP,224.520004
SARO,1,VWAP,30.860001
PM,0,VWAP,191.149994
SSNC,0,VWAP,79.209999
MDXG,9,VWAP,4.160000
POET,9,VWAP,7.930000
MBIN,0,VWAP,55.959999
MC,0,VWAP,69.930000
MSCI,0,VWAP,570.000000
AROC,0,VWAP,34.139999
EVTC,-1,VWAP,31.170000
EFXT,-2,VWAP,20.700001
QLYS,0,VWAP,180.000000
SDGR,0,VWAP,17.261999
PAGP,0,VWAP,25.549999
BCC,0,VWAP,84.529999
LOPE,0,VWAP,150.690002
ECHO,0,VWAP,86.730003
BFST,0,VWAP,32.200001
AGNC,15,VWAP,10.670000
BTG,73,VWAP,4.060000
WD,-1,VWAP,47.990002
ZG,0,VWAP,31.120001
NX,-1,VWAP,20.799999
FAF,0,VWAP,75.230003
PMT,5,VWAP,9.450000
SLRC,-1,VWAP,12.690000
VRTS,0,VWAP,162.410004
UI,0,VWAP,563.059998
IRDM,0,VWAP,48.470001
WDAY,0,VWAP,163.710007
SLS,7,VWAP,11.620000
HCI,0,VWAP,180.210007
SII,0,VWAP,116.519997
SFBS,0,VWAP,91.000000
CVE,2,VWAP,28.290001
IOVA,17,VWAP,5.950000
QNST,-2,VWAP,15.190000
IVR,19,VWAP,7.440000
PI,0,VWAP,162.089996
ZWS,0,VWAP,52.720001
MTDR,0,VWAP,49.810001
CHTR,0,VWAP,154.399994
MTSI,0,VWAP,270.000000
STWD,3,VWAP,16.070000
NOW,0,VWAP,113.000000
TWO,11,VWAP,12.030000
LOB,-1,VWAP,44.060001
ANET,0,VWAP,192.410004
BE,0,VWAP,223.000000
DOCU,0,VWAP,56.020000
COLL,-3,VWAP,31.674999
ETSY,0,VWAP,81.989998
HUBS,0,VWAP,193.190002
PLTR,0,VWAP,155.869995
ARI,18,VWAP,6.670000
ADUS,0,VWAP,116.919998
DG,0,VWAP,128.139999
LPLA,0,VWAP,363.429993
OPLN,-2,VWAP,38.189999
MGNI,1,VWAP,23.000000
BOX,0,VWAP,31.510000
PEB,1,VWAP,19.080000
GNRC,0,VWAP,214.910004
NUTX,0,VWAP,156.440002
BKU,0,VWAP,47.910000
HR,2,VWAP,20.570000
VPG,0,VWAP,71.400002
PRI,0,VWAP,323.000000
LEA,0,VWAP,124.809998
TRNO,0,VWAP,69.589996
AR,0,VWAP,34.930000
BNL,0,VWAP,21.459999
CALX,0,VWAP,38.259998
GBDC,0,VWAP,12.830000
SPSC,0,VWAP,71.989998
YELP,0,VWAP,25.299999
CRMD,7,VWAP,7.430000
RYZ,-1,VWAP,27.910000
PLOW,0,VWAP,45.990002
PDM,-1,VWAP,9.760000
HPP,-3,VWAP,15.340000
GDOT,-4,VWAP,13.480000
CBOE,0,VWAP,290.230011
ALM,5,VWAP,13.450000
AIP,-1,VWAP,29.865000
GRPN,0,VWAP,26.610001
HQY,0,VWAP,104.470001
ATKR,0,VWAP,93.620003
HCA,0,VWAP,412.000000
AGIO,0,VWAP,31.440001
SXC,1,VWAP,9.690000
GKOS,0,VWAP,171.169998
BAH,0,VWAP,72.379997
SNDX,1,VWAP,19.610001
OXLC,2,VWAP,9.120000
TPB,0,VWAP,84.169998
KNX,0,VWAP,70.309998
NMFC,1,VWAP,7.350000
STAG,0,VWAP,37.650002
PANW,0,VWAP,350.130005
INN,7,VWAP,6.910000
TRGP,0,VWAP,268.380005
AAT,0,VWAP,23.230000
FIVE,0,VWAP,225.740005
VC,0,VWAP,104.900002
CTGO,-1,VWAP,17.910000
DFTX,0,VWAP,44.389999
BAND,0,VWAP,44.540001
XYZ,0,VWAP,83.760002
DBX,2,VWAP,34.540001
MEC,-1,VWAP,25.090000
PHR,3,VWAP,11.320000
KMI,1,VWAP,31.500000
TDOC,10,VWAP,6.800000
TNDM,1,VWAP,19.299999
TCMD,-4,VWAP,29.950001
W,0,VWAP,106.599998
FBIN,0,VWAP,51.139999
PEN,0,VWAP,324.440002
IRTC,0,VWAP,122.820000
VCYT,0,VWAP,45.799999
LZ,16,VWAP,6.130000
GWRE,0,VWAP,153.529999
APPN,0,VWAP,30.209999
UAN,0,VWAP,126.599998
VEEV,0,VWAP,209.000000
FRPT,0,VWAP,68.330002
XYL,0,VWAP,122.699997
AGNT,9,VWAP,4.070000
TSLX,-1,VWAP,18.250000
RLJ,2,VWAP,12.890000
NTRA,0,VWAP,267.709991
OCUL,1,VWAP,8.450000
FBRX,1,VWAP,76.750000
LQDA,0,VWAP,89.250000
ADPT,0,VWAP,24.580000
VAC,0,VWAP,110.769997
SIBN,0,VWAP,18.040001
CTMX,34,VWAP,3.310000
MARA,15,VWAP,10.930000
FDUS,-1,VWAP,20.160000
SFM,0,VWAP,85.379997
ARMK,0,VWAP,56.910000
AMTB,0,VWAP,29.709999
MCB,0,VWAP,94.040001
FIVN,0,VWAP,28.809999
HII,0,VWAP,322.470001
ALSN,0,VWAP,117.730003
BRX,4,VWAP,31.120001
PFLT,6,VWAP,7.120000
APAM,0,VWAP,42.779999
TRIP,8,VWAP,10.940000
CHEF,0,VWAP,109.589996
NTNX,0,VWAP,59.259998
ORC,17,VWAP,6.400000
CDW,0,VWAP,138.789993
MCHB,0,VWAP,17.160000
TDUP,48,VWAP,3.820000
MAMA,0,VWAP,18.370001
AVTX,-1,VWAP,17.870001
PPTA,0,VWAP,22.340000
USAC,-2,VWAP,26.040001
RBLX,1,VWAP,35.599998
ENPH,0,VWAP,38.400002
RARE,0,VWAP,24.990000
ARDX,41,VWAP,4.890000
NET,0,VWAP,283.179993
POST,0,VWAP,90.360001
VRNS,0,VWAP,42.209999
ABNB,0,VWAP,152.139999
FSK,1,VWAP,11.640000
VTOL,-1,VWAP,45.509998
HAPN,0,VWAP,20.219999
OKTA,0,VWAP,141.240005
MUSA,0,VWAP,540.000000
ROKU,0,VWAP,148.320007
FLYW,1,VWAP,18.450001
INSP,0,VWAP,59.599998
LASR,-1,VWAP,74.320000
P,0,VWAP,83.839996
RH,0,VWAP,192.770004
MDB,0,VWAP,358.000000
ENVA,0,VWAP,262.279999
CUBI,0,VWAP,83.209999
CAI,0,VWAP,19.000000
LIF,-2,VWAP,59.900002
PINS,1,VWAP,23.219999
RUN,6,VWAP,9.045000
ABBV,0,VWAP,249.039993
AMBQ,0,VWAP,62.020000
ANAB,0,VWAP,55.279999
ZVRA,3,VWAP,11.305000
XNCR,-1,VWAP,21.959999
HTFL,0,VWAP,27.000000
PCOR,0,VWAP,54.470001
DOCS,0,VWAP,21.209999
SGML,2,VWAP,10.540000
PSNL,6,VWAP,13.220000
PBF,0,VWAP,62.599998
TMQ,17,VWAP,3.510000
PSX,0,VWAP,208.970001
ESAB,0,VWAP,92.000000
BRZE,0,VWAP,24.840000
BL,0,VWAP,29.680000
FRSH,6,VWAP,11.130000
TWLO,0,VWAP,187.100006
UBER,0,VWAP,68.629997
PTGX,0,VWAP,145.009995
UNIT,4,VWAP,9.750000
TRUP,-3,VWAP,27.590000
ROOT,-1,VWAP,47.000000
PGNY,0,VWAP,31.360001
VRDN,0,VWAP,20.934999
ARRY,22,VWAP,6.260000
KNF,-1,VWAP,67.660004
ESRT,22,VWAP,4.900000
ADMA,8,VWAP,9.700000
FANG,0,VWAP,189.550003
TRU,0,VWAP,79.989998
SKWD,0,VWAP,63.029999
IR,0,VWAP,91.779999
GMED,0,VWAP,81.000000
XENE,0,VWAP,64.500000
BLMN,2,VWAP,12.150000
COUR,19,VWAP,5.700000
CHRN,0,VWAP,23.250000
INTA,0,VWAP,35.919998
ZS,0,VWAP,155.750000
IQV,0,VWAP,236.000000
NXE,7,VWAP,9.980000
SUN,0,VWAP,73.779999
NWS,0,VWAP,34.709999
MPLX,0,VWAP,59.680000
BLZE,1,VWAP,18.245001
HUT,0,VWAP,90.250000
ZTS,0,VWAP,78.820000
ESQ,0,VWAP,132.970001
SAIC,0,VWAP,120.900002
PARR,0,VWAP,71.050003
LW,0,VWAP,53.820000
DUOL,0,VWAP,130.110001
NBHC,0,VWAP,42.930000
VVV,0,VWAP,36.590000
GFL,0,VWAP,41.630001
ACRS,6,VWAP,6.340000
BFAM,0,VWAP,74.959999
WES,-1,VWAP,47.029999
RLMD,14,VWAP,5.440000
GLPI,0,VWAP,44.259998
DDOG,0,VWAP,227.449997
AMH,0,VWAP,35.000000
MRNA,0,VWAP,57.540001
TRVI,2,VWAP,18.650000
PRKS,0,VWAP,45.549999
RITM,7,VWAP,10.140000
ZM,0,VWAP,98.809998
PD,3,VWAP,10.760000
CXM,28,VWAP,6.580000
SNAP,51,VWAP,5.200000
HASI,-1,VWAP,38.220001
AMRX,0,VWAP,18.700001
SFIX,23,VWAP,4.120000
FHB,0,VWAP,28.080000
GSBD,0,VWAP,8.840000
SHOP,0,VWAP,143.699997
REAL,4,VWAP,12.440000
DOO,0,VWAP,66.110001
GNL,9,VWAP,8.940000
ESI,0,VWAP,37.919998
VISN,4,VWAP,10.970000
KN,0,VWAP,39.369999
LYFT,5,VWAP,16.270000
REXR,0,VWAP,36.919998
LIND,0,VWAP,34.560001
NAVI,-1,VWAP,9.130000
FSLY,0,VWAP,22.730000
IRT,2,VWAP,17.260000
MIAX,0,VWAP,46.189999
BURL,0,VWAP,371.440002
OUT,0,VWAP,32.139999
FIGS,3,VWAP,10.860000
FOXF,-3,VWAP,19.850000
OGS,0,VWAP,80.470001
OMF,0,VWAP,65.769997
PVLA,0,VWAP,155.399994
LGIH,0,VWAP,61.840000
U,0,VWAP,36.009998
KODK,0,VWAP,9.690000
MTUS,-1,VWAP,21.830000
HLT,0,VWAP,324.660004
KEYS,0,VWAP,333.100006
DNOW,1,VWAP,15.430000
TDAY,5,VWAP,8.050000
AVO,1,VWAP,12.240000
KHC,3,VWAP,25.767000
DASH,0,VWAP,214.669998
NMIH,0,VWAP,45.119999
WRBY,1,VWAP,25.070000
MMI,0,VWAP,32.700001
CC,3,VWAP,14.620000
ALKT,0,VWAP,18.309999
CTRE,0,VWAP,41.570000
SG,18,VWAP,5.880000
AAL,9,VWAP,16.400000
VVX,0,VWAP,79.889999
ONT,-3,VWAP,15.280000
LADR,3,VWAP,9.480000
IBP,0,VWAP,246.360001
OMDA,-1,VWAP,18.780001
RYAM,4,VWAP,9.770000
GOLD,0,VWAP,43.000000
QTWO,0,VWAP,62.509998
ATEN,0,VWAP,27.930000
TTD,8,VWAP,18.520000
SHAK,0,VWAP,71.959999
BLBD,-1,VWAP,70.070000
APLE,4,VWAP,17.030001
PAYC,0,VWAP,212.889999
VIRT,0,VWAP,58.310001
SYF,0,VWAP,79.779999
PCTY,0,VWAP,148.179993
MEDP,0,VWAP,588.000000
SYRE,0,VWAP,102.389999
ARES,0,VWAP,138.899994
PAHC,0,VWAP,36.480000
UE,0,VWAP,21.760000
HRTG,-1,VWAP,34.540001
GH,0,VWAP,160.429993
ENR,-1,VWAP,22.299999
LMB,-2,VWAP,49.730000
CCS,0,VWAP,71.250000
APP,0,VWAP,338.450012
XIFR,2,VWAP,11.580000
CDNA,0,VWAP,46.000000
TWST,0,VWAP,113.760002
OR,0,VWAP,32.060001
VKTX,0,VWAP,33.500000
GDDY,0,VWAP,90.279999
FNF,0,VWAP,52.160000
IBTA,-1,VWAP,35.299999
IRMD,0,VWAP,92.669998
CFG,0,VWAP,74.250000
LNTH,0,VWAP,101.519997
XHR,0,VWAP,20.350000
CSTL,0,VWAP,30.200001
LITE,0,VWAP,808.530029
RIVN,3,VWAP,15.390000
VCTR,0,VWAP,102.500000
CZR,2,VWAP,30.150000
DBVT,-3,VWAP,14.290000
QSR,0,VWAP,73.339996
NXRT,0,VWAP,24.830000
PYPL,0,VWAP,58.290001
HPE,0,VWAP,51.380001
PJT,0,VWAP,174.929993
WK,0,VWAP,60.680000
BOOT,0,VWAP,162.009995
SNOW,0,VWAP,304.390015
COGT,0,VWAP,41.880001
RYTM,0,VWAP,110.029999
MSGS,0,VWAP,393.649994
ALOY,0,VWAP,9.620000
FND,0,VWAP,62.110001
ALRM,0,VWAP,56.090000
BW,6,VWAP,9.350000
NTLA,4,VWAP,10.640000
ULS,0,VWAP,77.970001
CSW,0,VWAP,329.820007
ANNX,13,VWAP,5.370000
DEA,0,VWAP,25.330000
IBRX,8,VWAP,7.240000
QRVO,0,VWAP,94.650002
TXG,0,VWAP,46.830002
VIA,-2,VWAP,20.790001
RGNX,4,VWAP,11.280000
ATEX,0,VWAP,100.669998
RVMD,0,VWAP,197.720001
NXT,0,VWAP,98.349998
SEDG,0,VWAP,34.474998
NRDS,0,VWAP,9.000000
KURA,2,VWAP,9.160000
BSM,-2,VWAP,14.320000
RBRK,0,VWAP,82.010002
NEXT,11,VWAP,6.580000
APPF,0,VWAP,190.830002
CWEN,0,VWAP,32.509998
SHC,2,VWAP,18.549999
WING,0,VWAP,121.180000
HOOD,0,VWAP,90.709999
MNST,1,VWAP,94.000000
DNLI,-1,VWAP,24.480000
JXN,0,VWAP,133.509995
FSV,0,VWAP,144.279999
OLLI,0,VWAP,78.400002
IOT,0,VWAP,37.470001
RPD,2,VWAP,10.404000
UA,16,VWAP,6.670000
TTAN,0,VWAP,82.239998
CRVS,-1,VWAP,13.820000
PLNT,0,VWAP,55.500000
FCPT,0,VWAP,25.400000
AGI,0,VWAP,30.809999
ONDS,22,VWAP,8.620000
PRCT,-1,VWAP,18.879999
ACI,5,VWAP,11.880000
NGVT,0,VWAP,77.790001
Z,0,VWAP,30.809999
PCVX,0,VWAP,55.169998
DFIN,0,VWAP,49.419998
GOOGL,0,VWAP,360.769989
GOOG,0,VWAP,358.791992
SGRY,-1,VWAP,15.350000
SITE,0,VWAP,101.480003
KVYO,2,VWAP,16.200001
PFGC,0,VWAP,113.750000
WSC,2,VWAP,26.459999
LSPD,1,VWAP,10.170000
AA,0,VWAP,47.240002
LAUR,0,VWAP,38.049999
S,2,VWAP,20.200001
AXSM,0,VWAP,212.729996
RRR,0,VWAP,61.750000
YUMC,0,VWAP,47.880001
CRNX,0,VWAP,84.010002
METC,2,VWAP,9.130000
XMTR,0,VWAP,90.279999
ORIC,1,VWAP,13.005000
FTV,0,VWAP,61.500000
CRWD,0,VWAP,203.000000
FIG,0,VWAP,23.230000
LMND,0,VWAP,51.689999
DD,0,VWAP,147.800003
DOW,0,VWAP,30.000000
CTVA,0,VWAP,78.459999
IMNM,-1,VWAP,25.440001
PLSE,-1,VWAP,37.910000
SUPV,-3,VWAP,8.900000
TOST,1,VWAP,34.810001
KOD,-1,VWAP,43.660000
USFD,0,VWAP,105.330002
HGV,0,VWAP,47.000000
ELVN,-1,VWAP,59.340000
IDYA,-1,VWAP,36.070000
ITT,0,VWAP,220.199997
ASIX,-1,VWAP,20.330000
ASH,0,VWAP,73.209999
DBRG,13,VWAP,15.930000
CTKB,9,VWAP,4.370000
GOLF,0,VWAP,108.309998
PR,3,VWAP,20.549999
BVS,-3,VWAP,15.010000
YETI,0,VWAP,52.279999
KNSL,0,VWAP,374.000000
OBDC,4,VWAP,11.170000
AMR,0,VWAP,148.000000
GTLB,0,VWAP,34.250000
TECX,-2,VWAP,29.910000
ARDT,0,VWAP,11.350000
FBK,0,VWAP,62.150002
AMLX,0,VWAP,21.100000
ELF,0,VWAP,89.349998
RCUS,0,VWAP,29.400000
RLAY,0,VWAP,19.709999
DELL,0,VWAP,450.549988
VST,0,VWAP,142.000000
HWM,0,VWAP,299.000000
BHF,0,VWAP,62.090000
IIPR,0,VWAP,58.360001
EVER,-1,VWAP,23.230000
JBGS,0,VWAP,12.300000
DNTH,0,VWAP,111.930000
UPWK,10,VWAP,9.430000
PK,1,VWAP,14.880000
DXC,6,VWAP,10.890000
BJ,0,VWAP,97.980003
INVH,2,VWAP,30.799999
KRP,-1,VWAP,14.720000
SWX,0,VWAP,92.199997
ULTA,0,VWAP,539.609985
HLNE,0,VWAP,100.809998
PUMP,4,VWAP,11.090000
SPRY,9,VWAP,5.380000
DK,0,VWAP,61.740002
AVTR,7,VWAP,13.400000
GOOS,3,VWAP,8.860000
VRRM,20,VWAP,4.785000
WTTR,0,VWAP,21.660000
ACVA,15,VWAP,7.550000
AVAH,9,VWAP,9.290000
SEI,0,VWAP,58.000000
AM,3,VWAP,21.290001
CAVA,0,VWAP,64.989998
BTU,0,VWAP,23.250000
BKR,0,VWAP,62.340000
KNTK,0,VWAP,50.000000
ULCC,5,VWAP,7.830000
CVNA,0,VWAP,68.410004
HCC,0,VWAP,86.559998
LBRT,1,VWAP,19.549999
PATH,10,VWAP,13.200000
PENG,0,VWAP,53.240002
MGY,2,VWAP,25.250000
CGBD,0,VWAP,10.320000
SMPL,3,VWAP,11.110000
ECVT,3,VWAP,11.380000
CNNE,-2,VWAP,14.880000
ETON,0,VWAP,47.360001
VIR,4,VWAP,9.699000
EVRG,0,VWAP,84.750000
ALGM,0,VWAP,40.840000
HNGE,0,VWAP,78.599998
FTDR,0,VWAP,78.379997
TDW,0,VWAP,78.739998
BIOA,1,VWAP,10.902000
CNR,0,VWAP,88.459999
WH,0,VWAP,76.790001
AGL,0,VWAP,100.589996
KRYS,0,VWAP,323.459991
CELC,0,VWAP,92.919998
CTOS,2,VWAP,11.140000
IMMX,2,VWAP,9.520000
CRSR,1,VWAP,11.080000
RDVT,-1,VWAP,63.990002
ERO,-2,VWAP,29.910000
ACMR,0,VWAP,77.665001
CARG,0,VWAP,35.740002
EYE,1,VWAP,22.889999
APG,0,VWAP,41.990002
VICI,2,VWAP,26.610001
CGEM,-2,VWAP,17.670000
REZI,0,VWAP,26.320000
GTX,0,VWAP,31.290001
NMRK,0,VWAP,15.340000
COMP,9,VWAP,12.720000
EQH,0,VWAP,51.500000
MNPR,0,VWAP,119.949997
BCSF,-3,VWAP,12.750000
PTON,22,VWAP,5.900000
ACA,0,VWAP,145.500000
FOXA,0,VWAP,60.090000
FOX,0,VWAP,53.730000
NTR,0,VWAP,64.940002
SLDB,1,VWAP,8.760000
BBNX,0,VWAP,13.720000
CEPU,-2,VWAP,14.200000
STOK,-1,VWAP,31.990000
TALO,1,VWAP,14.460000
BH,0,VWAP,403.959991
WHD,0,VWAP,66.480003
HYMC,0,VWAP,23.600000
BRSP,14,VWAP,5.030000
EWTX,-1,VWAP,44.130001
TH,-1,VWAP,15.760000
ARLO,3,VWAP,15.770000
CART,0,VWAP,44.990002
GSHD,0,VWAP,66.949997
AVGO,0,VWAP,420.549988
AHCO,6,VWAP,6.440000
ROAD,0,VWAP,106.190002
BH.A,0,VWAP,2014.810059
CBLL,-3,VWAP,18.270000
SRRK,0,VWAP,50.209999
BEAM,1,VWAP,26.709999
NWN,0,VWAP,49.869999
CI,0,VWAP,273.369995
EPRT,6,VWAP,30.969999
BV,1,VWAP,10.420000
VZLA,42,VWAP,3.540000
VRT,0,VWAP,271.130005
TLRY,30,VWAP,4.440000
SPHR,0,VWAP,160.199997
TENB,0,VWAP,34.799999
ELAN,2,VWAP,25.350000
ABCL,4,VWAP,5.790000
PFSI,0,VWAP,75.129997
NVST,0,VWAP,28.700001
KTB,0,VWAP,83.370003
ARVN,3,VWAP,8.400000
RVLV,0,VWAP,24.469999
UTZ,16,VWAP,14.140000
GDYN,6,VWAP,7.250000
MIRM,0,VWAP,90.250000
SEZL,0,VWAP,168.539993
BXSL,0,VWAP,23.559999
ERAS,2,VWAP,18.330000
OTF,3,VWAP,10.510000
CADL,3,VWAP,10.470000
SANA,19,VWAP,3.505000
HYLN,34,VWAP,4.110000
VOR,0,VWAP,22.010000
TIGR,17,VWAP,4.760000
FLY,1,VWAP,22.600000
MAZE,-1,VWAP,27.889999
TW,0,VWAP,102.320000
PLMR,0,VWAP,136.169998
PSTL,-1,VWAP,23.330000
DYN,0,VWAP,26.510000
TMDX,0,VWAP,76.370003
CHWY,2,VWAP,23.700001
AAMI,0,VWAP,90.750000
PNTG,0,VWAP,37.849998
GO,10,VWAP,9.850000
PHAT,4,VWAP,8.380000
IMVT,-1,VWAP,37.980000
BBIO,0,VWAP,81.500000
UPST,1,VWAP,29.267000
KRUS,0,VWAP,48.779999
DT,0,VWAP,49.400002
RXRX,52,VWAP,3.130000
ASTS,0,VWAP,65.849998
HIMS,1,VWAP,31.110001
VERA,0,VWAP,30.900000
AVPT,4,VWAP,13.120000
BWIN,0,VWAP,28.950001
CHYM,0,VWAP,28.299999
ARQT,0,VWAP,29.209999
SITM,0,VWAP,684.880005
UROY,17,VWAP,3.550000
PLTK,43,VWAP,3.470000
BKSY,0,VWAP,25.600000
TFPM,-1,VWAP,30.920000
BILL,0,VWAP,46.759998
REYN,0,VWAP,26.760000
PRCH,1,VWAP,15.410000
HESM,-1,VWAP,39.900002
OI,11,VWAP,7.420000
OVV,0,VWAP,59.430000
MSDL,0,VWAP,15.110000
TARS,0,VWAP,57.630001
ADEA,0,VWAP,28.830000
CNXC,0,VWAP,25.400000
TYRA,-1,VWAP,25.690001
HPK,-1,VWAP,6.990000
AEVA,0,VWAP,25.799999
RSI,0,VWAP,25.980000
WMG,1,VWAP,26.490000
CARR,0,VWAP,65.389999
OTIS,0,VWAP,73.379997
VNT,0,VWAP,36.259998
GTM,35,VWAP,3.780000
PPLI,0,VWAP,43.680000
KYMR,0,VWAP,105.000000
NRIX,-1,VWAP,25.174999
OPEN,78,VWAP,3.700000
CLOV,23,VWAP,4.890000
TMC,48,VWAP,4.000000
DSGN,0,VWAP,13.540000
OLMA,0,VWAP,11.510000
TRIN,0,VWAP,17.370001
ALAB,0,VWAP,313.089996
MP,0,VWAP,47.299999
TSHA,5,VWAP,6.390000
BFLY,6,VWAP,8.275000
FOUR,-1,VWAP,47.450001
EOSE,74,VWAP,3.715000
TALK,69,VWAP,5.210000
WBTN,-3,VWAP,9.220000
NUVB,15,VWAP,6.060000
MIR,2,VWAP,15.300000
QS,19,VWAP,5.440000
PRG,0,VWAP,45.430000
MTCH,0,VWAP,37.619999
VERX,1,VWAP,11.500000
ABX,5,VWAP,10.425000
RKT,7,VWAP,13.500000
RXT,25,VWAP,4.550000
EVLV,12,VWAP,5.870000
NTST,0,VWAP,21.250000
LCID,61,VWAP,6.660000
MBX,0,VWAP,66.190002
EBC,0,VWAP,23.309999
PRAX,0,VWAP,350.470001
IRON,0,VWAP,79.660004
HRMY,0,VWAP,38.310001
SPIR,1,VWAP,12.710000
TNGX,0,VWAP,28.280001
JBIO,-1,VWAP,21.750000
CCC,10,VWAP,6.360000
ACT,0,VWAP,48.060001
STEP,0,VWAP,49.209999
ANRO,-1,VWAP,27.990000
ASAN,7,VWAP,8.600000
GLUE,0,VWAP,15.620000
SMMT,4,VWAP,13.630000
ASO,-2,VWAP,47.869999
WGS,0,VWAP,67.940002
CPNG,4,VWAP,15.980000
LBRX,0,VWAP,45.000000
MLTX,-3,VWAP,17.580000
AMAL,0,VWAP,50.680000
ACHR,28,VWAP,5.170000
MAX,1,VWAP,12.120000
OUST,0,VWAP,43.939999
GPGI,0,VWAP,15.600000
OWL,7,VWAP,11.470000
OPFI,-1,VWAP,9.810000
PWP,0,VWAP,17.490000
CIFR,5,VWAP,18.065001
IONQ,0,VWAP,41.369999
CRC,-1,VWAP,52.290001
MRVI,14,VWAP,6.420000
CTO,-1,VWAP,22.000000
GBTG,36,VWAP,9.430000
VTRS,10,VWAP,18.150000
AI,8,VWAP,9.750000
GCMG,2,VWAP,13.510000
CHRD,0,VWAP,130.929993
AFRM,0,VWAP,77.000000
CERT,11,VWAP,8.010000
CARE,-1,VWAP,35.150002
SOFI,3,VWAP,17.940001
ENVX,22,VWAP,4.230000
HLMN,3,VWAP,9.220000
ARKO,-7,VWAP,7.350000
GXO,0,VWAP,47.110001
WOOF,47,VWAP,2.930000
SMR,10,VWAP,9.335000
RDW,4,VWAP,12.240000
CGON,0,VWAP,71.849998
NABL,24,VWAP,4.890000
OSCR,0,VWAP,27.530001
DFH,-2,VWAP,14.620000
DRVN,-1,VWAP,14.300000
BKV,-1,VWAP,23.840000
NVTS,5,VWAP,11.880000
SHLS,7,VWAP,8.410000
PCT,11,VWAP,6.785000
TPL,0,VWAP,394.230011
HIPO,-1,VWAP,32.029999
APA,0,VWAP,36.560001
GRND,3,VWAP,17.360001
NRGV,28,VWAP,3.000000
BCAX,-3,VWAP,26.110001
INDI,35,VWAP,3.350000
DAVE,0,VWAP,385.970001
BBAI,84,VWAP,2.970000
PAYO,38,VWAP,7.120000
RUM,3,VWAP,6.090000
DRUG,0,VWAP,79.720001
EXE,0,VWAP,92.440002
SOC,21,VWAP,4.590000
KBDC,-2,VWAP,13.710000
SYM,0,VWAP,43.610001
RGTI,2,VWAP,16.150000
AUR,18,VWAP,6.630000
HAYW,1,VWAP,15.990000
PL,0,VWAP,22.000000
DOCN,0,VWAP,121.250000
COIN,0,VWAP,146.759995
GROY,38,VWAP,2.890000
JANX,0,VWAP,15.990000
ALHC,5,VWAP,13.650000
LUNR,4,VWAP,13.740000
CLYM,0,VWAP,12.440000
DV,10,VWAP,11.990000
OGN,11,VWAP,13.580000
DRS,0,VWAP,45.240002
STGW,0,VWAP,8.810000
MRVL,0,VWAP,205.570007
MLYS,-2,VWAP,26.910000
PRVA,1,VWAP,20.900000
JBI,11,VWAP,5.660000
ZETA,0,VWAP,26.799999
PAY,0,VWAP,39.599998
VSXY,0,VWAP,89.470001
OKLO,0,VWAP,43.340000
SLDP,53,VWAP,2.120000
DTM,0,VWAP,135.619995
GPOR,0,VWAP,157.220001
MQ,0,VWAP,16.360001
WBD,3,VWAP,26.200001
LFST,4,VWAP,10.990000
CNM,0,VWAP,46.500000
DJT,10,VWAP,9.800000
DNUT,59,VWAP,3.200000
YOU,0,VWAP,56.480000
FA,0,VWAP,22.155001
RYAN,0,VWAP,45.049999
AVBP,0,VWAP,30.610001
ABSI,7,VWAP,8.220000
PECO,0,VWAP,41.869999
CDRE,0,VWAP,34.590000
PRME,20,VWAP,3.060000
CRWV,0,VWAP,86.349998
TSAT,0,VWAP,51.279999
GLXY,3,VWAP,18.924999
DC,8,VWAP,5.320000
SLVM,0,VWAP,39.070000
WULF,4,VWAP,17.299999
BROS,0,VWAP,56.459999
RELY,0,VWAP,25.980000
AMPL,0,VWAP,10.160000
FWRG,0,VWAP,12.740000
LTH,0,VWAP,45.169998
ARIS,0,VWAP,15.400000
RPC,0,VWAP,8.930000
COCO,0,VWAP,64.839996
FLNC,3,VWAP,12.812000
ARHS,-1,VWAP,9.750000
XERS,2,VWAP,7.190000
KD,5,VWAP,13.850000
IE,3,VWAP,10.605000
FBRT,1,VWAP,7.520000
BTSG,0,VWAP,62.240002
DKNG,1,VWAP,21.370001
DINO,0,VWAP,84.570000
SATL,8,VWAP,4.830000
CBL,0,VWAP,57.080002
GEV,0,VWAP,1009.010010
ACDC,3,VWAP,3.590000
SLDE,0,VWAP,21.000000
BRBR,2,VWAP,12.620000
ANGX,17,VWAP,4.250000
CRGY,5,VWAP,11.390000
ASPI,16,VWAP,4.010000
TPG,0,VWAP,48.709999
FCFS,0,VWAP,207.679993
NCNO,2,VWAP,18.700001
EE,-1,VWAP,37.740002
CEG,0,VWAP,277.920013
BLCO,-1,VWAP,16.809999
SEPN,-2,VWAP,39.000000
BBUC,0,VWAP,30.570000
RDDT,0,VWAP,150.940002
RXO,1,VWAP,21.879999
ADTN,11,VWAP,7.910000
CR,0,VWAP,224.460007
CRBG,0,VWAP,33.599998
SOUN,23,VWAP,8.045000
FIP,9,VWAP,3.110000
CXT,0,VWAP,53.450001
QDEL,-1,VWAP,17.170000
NN,0,VWAP,14.650000
SOLV,0,VWAP,89.525002
QBTS,1,VWAP,18.440001
MSGE,0,VWAP,77.790001
J,0,VWAP,142.800003
ASST,4,VWAP,12.130000
AMPX,5,VWAP,11.070000
VLTO,0,VWAP,97.370003
BHRB,0,VWAP,74.690002
MBLY,36,VWAP,8.410000
ZYME,-2,VWAP,23.500000
NATL,0,VWAP,47.040001
BAM,0,VWAP,52.630001
ATMU,0,VWAP,54.689999
UHAL.B,-1,VWAP,61.980000
VTS,-3,VWAP,15.990000
MBC,4,VWAP,8.990000
GEHC,0,VWAP,70.410004
FG,0,VWAP,28.090000
TEAM,0,VWAP,108.730003
KVUE,6,VWAP,19.540001
HSAI,0,VWAP,17.139999
SVV,-3,VWAP,10.710000
PHIN,0,VWAP,76.540001
NNE,1,VWAP,17.965000
RAPP,0,VWAP,42.990002
KGS,0,VWAP,58.680000
TKO,0,VWAP,184.130005
CLB,0,VWAP,11.070000
SBGI,-3,VWAP,14.510000
TIC,4,VWAP,8.110000
TLN,0,VWAP,329.839996
FTRE,0,VWAP,19.049999
APGE,0,VWAP,134.330002
BGC,5,VWAP,10.990000
BATRK,-1,VWAP,50.270000
USAR,3,VWAP,16.540001
FWONA,0,VWAP,86.239998
FWONK,0,VWAP,96.629997
HHH,0,VWAP,68.099998
DBD,0,VWAP,77.230003
ZBIO,0,VWAP,31.510000
AAUC,1,VWAP,19.320000
ALMS,0,VWAP,27.100000
AESI,4,VWAP,10.540000
LAC,81,VWAP,3.045000
GRDN,-1,VWAP,40.490002
WS,0,VWAP,38.290001
WAY,1,VWAP,23.230000
CURB,0,VWAP,29.750000
FUN,0,VWAP,17.520000
TBN,0,VWAP,32.740002
SBET,15,VWAP,6.260000
SIRI,1,VWAP,30.770000
TE,30,VWAP,5.260000
NBBK,0,VWAP,23.200001
CORZ,1,VWAP,21.254999
AHR,0,VWAP,56.000000
PACS,-1,VWAP,47.450001
CTRI,0,VWAP,22.280001
ECG,0,VWAP,142.360001
LOAR,0,VWAP,80.949997
UMAC,1,VWAP,23.680000
BOW,-1,VWAP,33.700001
LH,0,VWAP,316.829987
INBX,0,VWAP,83.830002
TEM,0,VWAP,45.320000
LB,-1,VWAP,78.790001
SOBO,0,VWAP,36.299999
GRAL,-1,VWAP,68.000000
CON,-1,VWAP,30.860001
FIGR,0,VWAP,28.150000
LINE,0,VWAP,41.160000
FERG,0,VWAP,256.320007
CLMT,-1,VWAP,41.240002
AMTM,0,VWAP,23.350000
AVR,2,VWAP,7.960000
BLK,0,VWAP,1135.569946
INGM,-1,VWAP,28.370001
PRMB,3,VWAP,24.020000
PRM,0,VWAP,34.580002
SNDK,0,VWAP,1173.260010
FLOC,-3,VWAP,20.860001
VG,6,VWAP,12.750000
BEPC,0,VWAP,33.349998
BIPC,-1,VWAP,40.279999
RHLD,0,VWAP,136.770004
SFD,0,VWAP,25.530001
MRP,-1,VWAP,29.540001
SAIL,3,VWAP,17.540001
KRMN,0,VWAP,54.290001
MNTN,-1,VWAP,10.320000
NMAX,2,VWAP,8.350000
SMA,0,VWAP,35.250000
CRCL,0,VWAP,61.240002
LION,4,VWAP,12.970000
VOYG,-1,VWAP,34.505001
RAL,0,VWAP,65.809998
JCAP,-1,VWAP,20.440001
RKLB,0,VWAP,72.309998
PSKY,11,VWAP,8.920000
MH,3,VWAP,11.650000
VNOM,0,VWAP,42.189999
GEMI,8,VWAP,4.010000
LGN,0,VWAP,65.550003
EMA,0,VWAP,52.049999
BMNR,2,VWAP,18.020000
CBC,0,VWAP,33.230000
BTQ,13,VWAP,3.950000
BGSI,0,VWAP,102.699997
ALH,0,VWAP,28.000000
BETA,0,VWAP,22.200001
WLTH,3,VWAP,9.510000
NTSK,4,VWAP,13.735000
NAVN,1,VWAP,27.990000
BLLN,0,VWAP,105.160004
STUB,11,VWAP,9.020000
XZO,0,VWAP,16.370001
KDK,8,VWAP,4.230000
MPLT,3,VWAP,12.760000
IMSR,10,VWAP,5.120000
XXI,10,VWAP,4.470000
Q,0,VWAP,134.470001
PTRN,2,VWAP,22.490000
WBI,-2,VWAP,35.020000
NP,0,VWAP,32.810001
FRMI,15,VWAP,5.970000
SOLS,0,VWAP,62.180000
ANDG,0,VWAP,50.000000
WOLF,0,VWAP,25.400000
VSNT,0,VWAP,40.060001
PURR,8,VWAP,6.500000
MDLN,0,VWAP,36.110001
SUNC,0,VWAP,73.790001
DEC,-1,VWAP,13.510000
LMRI,-1,VWAP,11.330000
CDNL,0,VWAP,62.939999
LLYVA,0,VWAP,99.660004
LLYVK,0,VWAP,103.250000
ATAI,29,VWAP,7.200000
PNFP,0,VWAP,108.000000
AKTS,0,VWAP,22.340000
SCZM,-1,VWAP,7.750000
EQPT,0,VWAP,19.840000
BTGO,8,VWAP,4.920000
INDV,0,VWAP,39.040001
LIFE,-1,VWAP,25.750000
YSS,2,VWAP,13.100000
BOBS,3,VWAP,17.040001
MANE,0,VWAP,111.000000
FPS,0,VWAP,37.500000
OFRM,-1,VWAP,17.230000
EIKN,-4,VWAP,9.400000
MWH,1,VWAP,27.570000
SHAZ,0,VWAP,52.840000
INFQ,2,VWAP,10.500000
APC,-1,VWAP,19.850000
GENB,-1,VWAP,14.100000
RNA,-2,VWAP,11.960000
MDA,0,VWAP,34.000000
MMED,0,VWAP,18.559999
SUNB,0,VWAP,79.639999
JAN,0,VWAP,30.490000
XNDU,0,VWAP,10.570000
OGC,0,VWAP,26.110001
TRAX,-1,VWAP,47.250000
KEEL,45,VWAP,3.785000
RMIX,0,VWAP,18.500000
AYA,-1,VWAP,24.240000
AVLN,-1,VWAP,32.200001
XE,0,VWAP,18.920000
HAWK,1,VWAP,23.790001
ALMR,-1,VWAP,28.420000
YSWY,-3,VWAP,21.500000
ODTX,-2,VWAP,21.030001
SPTX,0,VWAP,22.010000
PS,-1,VWAP,35.009998
KLRA,0,VWAP,17.959999
MAIR,1,VWAP,31.160000
AVEX,0,VWAP,19.389999
ARXS,0,VWAP,59.599998
COAG,0,VWAP,50.200001
NHP,-1,VWAP,17.420000
BOT,0,VWAP,26.799999
NVRI,-1,VWAP,23.100000
FAC,1,VWAP,6.130000
EROC,2,VWAP,10.750000
ITG,0,VWAP,12.800000
TRLV,0,VWAP,8.400000
LFTO,-2,VWAP,25.330000
LIME,-2,VWAP,36.369999
PBLS,-1,VWAP,35.099998
IQMX,1,VWAP,9.010000
FRVO,1,VWAP,22.000000
KARD,-1,VWAP,20.330000
FDXF,0,VWAP,142.279999
HONA,0,VWAP,155.000000
BXDC,0,VWAP,20.000000
GMRS,-2,VWAP,12.320000
LCLN,-3,VWAP,22.530001
FRBT,-3,VWAP,19.420000
SPCX,0,VWAP,107.089996
SSMR,-5,VWAP,15.810000
QNT,0,VWAP,55.000000
XOM,0,VWAP,154.220001
SECZ,3,VWAP,7.450000
MFP,0,VWAP,46.660000
BRUN,0,VWAP,19.379999
AADX,0,VWAP,20.990000
MBGL,1,VWAP,21.020000
TGLS,-1,VWAP,46.689999
CBRS,0,VWAP,206.509995
STDN,3,VWAP,8.200000
GFUZ,1,VWAP,9.000000
CSQR,1,VWAP,20.000000
CLBK,10,VWAP,10.820000
FRNM,6,VWAP,11.100000
JMKE,1,VWAP,23.360001
IOND,0,VWAP,53.340000
