infocode,ticker,notional
6347,SCCO,-17385
36100,CSCO,18148
39985,ORCL,-35518
39988,MSFT,8053
40142,C,-3261
42241,BAP,78558
45293,AMZN,-3702
46092,CAT,7865
46113,PFE,28267
46120,KO,-8582
46150,MRSH,-17369
46157,BA,-13203
46169,MRK,21242
46171,XOM,8191
46182,HPQ,-15673
46238,GE,-6981
46243,ITT,4018
46244,IBM,-36621
46415,SLB,1295
46418,NEM,3077
46422,PG,-27390
46588,WMT,6267
46668,MCD,-22168
46669,DIS,-26360
46712,INTC,-395
49155,STZ,-15408
49167,HL,-12558
49187,ERIE,-10872
49211,PLUG,54540
49234,VLO,18427
49256,ICE,-238
49310,BFC,6634
49350,WY,5045
49353,LEN,-3662
49359,RIGL,94823
49381,EXC,21261
49443,EBAY,26334
49459,DOV,-64888
49480,ET,-13399
49497,NHC,-13184
49524,MD,6004
49529,PLPC,10077
49537,ROK,3380
49550,HURN,40755
49560,BELFA,-124934
49574,FAST,7453
49584,OSIS,3564
49588,STC,-51787
49596,DHR,-132221
49670,ARW,-5275
49725,SMG,-11916
49733,BRC,12661
49734,CFR,-7546
49754,ALG,4824
49764,COHU,-23717
49787,ZBRA,11023
49792,COKE,35497
49847,DORM,-11542
49856,APOG,-14196
49860,ALX,-59947
49895,ATI,6149
49903,TEX,-9091
49918,QDEL,-53042
49934,ESE,47746
49941,DAR,15577
49961,ANDE,-6265
49964,KMB,4240
49972,GFF,-2578
49991,PENN,5619
50018,MKC,17424
50049,REGN,29945
50057,LGND,20619
50058,VFC,-32230
50080,DRS,41715
50104,GEO,48227
50106,NTAP,32304
50108,PBI,26632
50111,VLY,39601
50159,CVSA,5644
50161,TDY,-87623
50201,FICO,-12530
50219,FFIV,-15362
50225,SUI,-66731
50252,LSTR,-61155
50301,TKR,34917
50309,UPS,-37749
50311,THG,30776
50334,ACLS,-11557
50338,SLGN,-63627
50346,ONB,30516
50356,PGR,22821
50364,UHAL,-33919
50381,CGNX,6059
50395,AMP,10941
50417,CRUS,5345
50421,AXON,25425
50425,NBIX,15971
50434,L,15385
50511,ASTH,-10783
50523,KALU,4148
50569,CBRL,14235
50586,EXEL,82650
50617,TIGO,49957
50638,MMM,-1606
50659,HXL,-11181
50679,IESC,165979
50684,LIVN,37877
50717,CCO,30793
50750,WTM,-2052
50771,BBT,-15978
50784,SCSC,-25387
50787,VRSN,17944
50791,ARWR,31241
50805,FFIN,26305
50864,ATR,36411
50872,RCL,19654
50893,CCEP,42339
50947,GPK,34937
50990,UNP,-19767
51004,NOG,6966
51032,JCI,2809
51066,USPH,-67698
51077,ACN,-40089
51105,NTES,29653
51134,TDG,-1573
51155,IDCC,17408
51173,MORN,-15024
51185,UTI,44806
51199,JBSS,21287
51205,SEIC,34259
51207,BIDU,-23773
51211,AXP,11731
51295,AX,43230
51296,OLED,-41174
51303,SNX,-9779
51342,MUR,3755
51345,AFG,26150
51379,EGP,6396
51388,WTS,29334
51392,SGI,11356
51400,ADC,17145
51425,VTRS,36281
51429,GLP,-34975
51528,LAZ,22714
51572,GPRE,-40931
51603,SAIA,-30990
51609,LECO,-8423
51612,AGCO,-10221
51627,ALKS,27439
51637,MKL,1243
51650,NDAQ,14584
51657,EME,75974
51672,IT,-972
51683,BCPC,15641
51697,CXW,44180
51700,EWBC,43169
51754,MSM,962
51778,DOC,26028
51781,LKQ,-60056
51789,ALL,45829
51793,ARCB,-51971
51823,NPK,-4568
51843,WST,-4276
51846,DVN,6216
51889,WSM,42351
51906,ALB,-985
51922,CAG,-5526
51936,FHN,-11294
51939,WEX,-112187
51959,TXN,11490
52036,MRCY,17155
52050,SNA,10895
52070,RVTY,7806
52105,FSS,25354
52146,JNJ,-2059
52164,SNDA,-38659
52167,CNO,35232
52175,EXLS,-8095
52236,NKTR,-8408
52243,TTWO,67458
52268,UNFI,-16426
52286,NSSC,22164
52298,SPH,-53928
52318,EVC,8886
52343,REPX,-60727
52363,SNEX,15204
52364,FR,11495
52370,CATY,34030
52373,HWM,27527
52386,TER,37000
52399,PFBC,22753
52400,AB,-5627
52411,AZTA,-29359
52420,CVLT,-43182
52508,AAON,-37941
52516,ABCB,-14664
52577,B,25547
52586,BFH,35131
52590,AEP,22284
52596,AGM,-72134
52603,AMN,7303
52604,AIG,51260
52605,AIN,-10753
52608,AIT,24994
52611,AJG,4251
52759,NDSN,17588
52798,NEO,2672
52825,IDR,-131162
52838,MO,-15215
52840,MOS,12508
52841,MSI,-12434
52853,MS,-15135
52854,MSA,-19327
52862,MTD,25404
52864,MTH,28191
52870,MTX,-13590
52871,MU,43823
52895,NBN,20136
52896,NBR,-39895
52905,NEU,17970
52920,NHI,5996
52935,NNI,-65553
52936,NNN,39288
52940,NOC,11372
52942,NOV,13375
52945,NPO,42318
52987,EZPW,9992
53026,FCEL,-879
53027,FCFS,-77565
53031,FCNCA,49253
53092,SWKS,-36893
53106,SYBT,-35215
53117,GEN,54337
53154,TBBK,39804
53161,TCBI,6974
53162,TCBK,-81158
53172,ICFI,26170
53177,ICLR,8177
53195,ICUI,32899
53406,CENX,34287
53434,CFFN,-13920
53569,PZZA,-10060
53577,QCOM,642
53582,QGEN,39886
53665,VECO,-5943
53686,VICR,26459
53726,CMPR,-23139
53744,VRTX,9116
53748,VSEC,34553
53753,SRPT,-24506
53811,BANR,-32170
53849,BCRX,32299
53876,CWST,-5806
53910,CYTK,7409
53954,DECK,17627
54005,LPTH,207123
54007,LQDT,-801
54008,LRCX,52185
54017,LSCC,18191
54068,MATW,-20729
54159,GRMN,-5963
54171,CRI,-52276
54172,CRK,-31982
54173,CRL,31101
54176,AORT,9254
54178,CSX,24080
54181,LUMN,-10471
54183,CTS,-13521
54192,CVS,33557
54195,CWT,-16310
54202,DAC,23029
54221,DGX,-95044
54223,DHT,99363
54228,DK,24154
54231,DKS,-7378
54233,DLB,-290
54235,DLX,19362
54245,DPZ,-15197
54253,DRH,9282
54254,DRI,12941
54323,SIGI,29802
54332,SIMO,-28943
54338,SIRI,-9114
54344,TAP,1913
54353,TDS,-5522
54355,TDW,13942
54362,TFX,-13967
54370,THO,-2965
54380,TJX,-4567
54395,TOL,70469
54399,TPL,-7347
54401,TR,-18278
54404,TRN,-28953
54405,TRV,42263
54413,TTI,-10013
54420,TREX,-1485
54519,OTTR,-13784
54531,OZK,38470
54532,PAAS,7678
54558,PATK,21734
54562,PAYX,17444
54576,PCAR,9571
54614,PDFS,3667
54648,WRLD,6806
54655,WSBC,14087
54660,WSFS,-4451
54676,WTFC,22242
54710,WYNN,3663
54789,TOWN,263
54829,TRMB,5895
54830,TRMK,2021
54849,TSCO,-306
54851,TSEM,32538
54997,BUSE,-2567
55116,EFSC,8239
55192,JBHT,-2349
55196,VIAV,3436
55206,JKHY,33536
55278,KLIC,7473
55322,COLB,13403
55369,CPRT,-450
55433,MKSI,3726
55438,MKTX,-1181
55444,MLKN,4705
55510,MLCO,60746
55517,MPWR,56489
55538,MRTN,-29261
55539,MRVL,38801
55548,MSEX,3366
55665,THRM,-80850
55672,ARLP,2434
55690,WELL,18641
55696,HE,102623
55698,HEI,31956
55721,HLF,-8750
55722,EHC,31189
55723,HLX,2492
55726,HMN,22305
55727,HNI,-8656
55728,DINO,28953
55729,HOG,-6826
55732,HP,-18105
55736,HRB,17918
55738,LHX,-30357
55743,HST,6712
55744,HSY,-2543
55746,HALO,35831
55749,HRI,-8072
55751,HUN,-31259
55765,IDA,12186
55771,IFF,25229
55789,BANC,-26483
55819,FSLR,15094
55855,FULT,37706
55892,GBCI,-15980
55925,HCSG,5721
55952,HFWA,-25403
55969,HIFS,-55829
55973,HIMX,947
56122,ROCK,-33310
56131,ROST,27173
56141,PRIM,43162
56213,SAFT,-91571
56460,SNPS,-9213
56465,MDGL,-909
56571,PNW,-5714
56574,AVNT,18586
56577,POR,5080
56580,PPG,9548
56581,PPL,33577
56592,PRU,-14714
56603,PAR,-47573
56625,RBA,13030
56626,RRX,45008
56638,REG,17255
56643,RES,-8133
56647,RGA,5292
56660,RLI,8376
56662,RMD,32444
56679,PLXS,4107
56709,PNFP,9085
56737,POOL,-27148
56747,POWL,64181
56754,NTRS,-11677
56766,ORKA,-92644
56768,NVAX,-79917
56803,NWPX,8887
56806,NWBI,20680
56816,NXST,21701
56842,OCFC,9096
56945,ENTG,13904
56976,EQIX,-17528
56992,EA,-1480
57047,TFC,2712
57050,BBY,17292
57051,BCO,20546
57061,BDX,-11857
57064,BF.B,-11077
57075,BHE,10008
57084,BNY,13441
57085,BKD,38285
57093,BLK,753
57094,BALL,18961
57102,BMI,-46347
57109,BOH,3355
57112,ANIP,-18867
57124,BRO,2990
57133,BSX,9249
57140,BHC,-95689
57142,MTRN,-21658
57143,BWA,53252
57151,CAH,25325
57152,CACI,29863
57192,TXRH,46319
57199,QXO,-6367
57204,UAL,12365
57211,UBSI,24096
57220,UCTT,-6514
57231,UFPI,-18759
57251,EW,-11888
57255,EXP,27458
57261,FBP,30150
57263,FCF,2634
57267,FCN,7102
57269,M,30066
57271,FDS,11835
57272,FE,-2893
57281,FIX,82626
57283,FLO,14239
57284,FLS,20653
57285,APLD,15964
57291,FNF,19920
57302,NEE,-7873
57317,FRT,-34708
57324,FUN,-63128
57399,KBH,16586
57400,KBR,-16872
57410,KEX,-22497
57421,KMT,15345
57422,KMX,14659
57465,LII,-59538
57468,LLY,-3840
57475,LNN,-1356
57599,CNMD,-2880
57615,KOPN,-24414
57653,MZTI,3882
57699,LFUS,-9087
57723,LINC,-5205
57734,LKFN,-17260
57774,WABC,15431
57827,WERN,-27608
57832,KTOS,50170
58133,IPGP,-40611
58145,AMRX,43806
58209,ITRI,-115090
58272,APPS,5713
58314,ONTO,25756
58334,NBTB,154
58450,CSIQ,-58554
58466,CELH,-49849
58512,CTSH,25200
58524,CVBF,27123
58527,CVCO,17332
58595,ATEC,11216
58596,BMNR,53152
58675,MCRI,12040
58748,MGRC,-7946
58862,CACC,-4441
58885,CASH,6978
58923,CBSH,20916
58976,CDNS,7145
59026,BIIB,-12862
59030,OPCH,-4440
59041,BJRI,13241
59060,BLDR,-30836
59063,BLKB,-17206
59088,BMRN,16046
59398,GILD,33455
59426,GLNG,10337
59433,WPC,23852
59436,EVRG,28721
59441,WSO,-33527
59442,WTRG,23522
59444,WU,-8487
59445,TKO,217
59446,WWW,30818
59463,XPO,4007
59470,SPB,-19572
59490,LWLG,-76276
59510,YUM,-2797
59530,SBSI,-53985
59559,STRA,-35341
59565,SHOO,6518
59568,WINA,-30825
59581,TMP,-31342
59586,TXNM,5578
59612,BOKF,-29505
59616,PCG,-14700
59621,ENS,39256
59642,ADI,31936
59676,AXGN,54956
59693,SBGI,-8584
59734,AIZ,33233
59748,BKH,9795
59759,KMPR,6127
59804,MCK,2394
59812,UPBD,-26851
59819,ADP,4699
59820,FCX,11073
59880,PSMT,5127
59888,O,2202
59896,SBAC,-17876
59919,NLY,26087
59973,CNP,23568
59998,SYY,-19395
60007,SCHW,-1512
60043,CHCO,-25168
60046,NWE,13151
60057,MATX,-9551
60079,PWR,32329
60107,ON,25202
60129,TEN,44147
60138,STLD,38874
60148,AMG,40485
60151,VTR,16102
60163,RGLD,-11244
60185,COF,12637
60186,EPR,20323
60190,MDLZ,1544
60219,MCY,46886
60227,MMS,18503
60234,TTC,17989
60275,HOPE,-2852
60279,AN,5450
60301,GIII,36528
60328,VMI,-21142
60335,PKG,-13559
60364,REX,1996
60412,IEX,-1203
60413,ABG,-29376
60415,SKY,-19119
60426,RCAT,104454
60434,FNB,-26779
60489,LH,-14188
60520,VYX,-17725
60528,ORI,33450
60529,HD,-10712
60530,RYN,-14755
60542,EMN,32568
60571,AVAV,-6061
60600,SCL,-41281
60602,CPT,3094
60623,EDU,-48166
60628,DLR,-11700
60677,GTY,15764
60702,STX,49122
60710,ALGN,28695
60718,WLDN,24202
60723,CLH,-485
60724,SYK,-9437
60727,COST,-18226
60728,ACGL,17718
60731,RSG,1330
60734,GOOGL,22540
60755,HIW,7515
60801,AFL,-6196
60810,WEC,6147
60819,HNRG,-187
60835,BPOP,35610
60836,URI,47166
60876,CRM,31661
60906,APH,35780
60940,BKE,19895
60943,NSC,-52638
60972,AMSC,4841
60979,ATRO,22601
60997,PIPR,-555
61039,OI,-50914
61049,PEG,26634
61052,CL,-13430
61066,NTCT,12565
61068,POWI,323
61080,LBTYA,-87536
61103,PLAB,15094
61120,IPAR,-14725
61162,GNW,34504
61197,LOW,-26734
61199,CW,42493
61214,INCY,-6007
61229,ASTE,1479
61264,IRM,12116
61268,NWN,-2304
61343,EIG,-748
61349,GBX,46
61387,ALV,6622
61410,WMK,-11528
61416,MNST,37277
61437,ACIW,22819
61457,CI,-15564
61464,ED,13864
61475,OII,-32372
61489,SBCF,-22253
61498,HOMB,22039
61515,TPC,-102645
61516,EFOR,-69013
61527,PII,-55104
61535,CRS,22630
61551,PFS,540
61559,RNST,-3708
61571,COO,31009
61593,ORA,-10449
61597,CLDX,-16830
61606,AROC,25654
61624,OXY,19444
61627,F,38821
61629,RBC,17171
61873,DIOD,-19307
61886,DLTR,40413
61954,FFBC,4187
61979,FISV,-10760
61980,FITB,45500
61993,FLEX,17159
62098,HUBG,4298
62131,PPLI,-7396
62190,SBUX,-19703
62274,NUE,61180
62281,NVR,-89556
62285,NWL,39041
62293,NYT,19179
62296,OC,15424
62300,CDP,21518
62303,OGE,554
62305,OHI,17800
62308,OKE,-39538
62321,PBH,-54929
62340,PEP,-10242
62344,PFG,5582
62366,RNR,40661
62369,PRG,14134
62372,ROP,4295
62376,RPM,-8939
62379,RS,29289
62385,RWT,-13945
62393,SAH,-15080
62394,LDOS,14354
62408,SEB,-132052
62411,SF,24708
62416,SAFE,-66920
62417,SFL,26815
62432,SJM,23760
62433,HTO,-9524
62436,SKT,4884
62439,SM,24686
62441,BH,-331617
62443,SO,11669
62445,SON,318
62448,SPG,15653
62452,SPXC,29723
62465,STT,35747
62472,SXT,-39101
62473,T,32551
62506,SSRM,18318
62548,STRL,40106
62563,SBRA,40459
62603,RDWR,397
62634,RGEN,-23958
62731,HBAN,-23595
62734,HWC,39787
62814,ODFL,6250
62914,PRGO,333
62930,PB,7906
62968,PTEN,39134
63068,SKYW,-2924
63119,SMTC,30132
63136,CBRE,25269
63141,PSKY,-86099
63142,CBT,26467
63143,CBU,-50439
63144,CBZ,11890
63145,CCK,43677
63147,CDE,9033
63155,CF,60533
63164,CHD,-23123
63180,CME,-27610
63181,CMG,19418
63194,CNA,9832
63196,CNC,-22125
63200,CNS,-7855
63203,COP,-12475
63204,CPA,22728
63207,CPK,-24742
63613,ITGR,-89243
63619,GD,7666
63649,GLW,-4877
63650,GME,-105916
63655,GATX,-47834
63661,GPC,-10346
63663,GAP,31139
63675,GT,-16286
63678,GVA,-1191
63685,HAL,-28186
63688,HAS,-31688
63696,ALGT,-6755
63707,ALNY,-65495
63722,AMAT,48496
63732,TVTX,22196
63743,AMKR,-36996
63779,UMBF,40347
63800,URBN,30714
63802,UEC,-18143
63826,USLM,13103
63915,ILMN,32757
63919,IMAX,-59336
63931,IMKTA,-7022
63956,DTE,7724
63961,DUK,862
63962,DVA,30600
63963,LCII,5388
63964,DX,22984
63965,DY,23495
63968,EAT,83500
63971,ECL,-24493
63982,EFX,21049
63988,EL,9313
63990,ELS,9447
63991,CALY,4610
63995,EMR,6153
64003,EPC,-18723
64010,EQR,3137
64012,EQT,26849
64024,ETN,14332
64048,WKC,-59062
64058,TT,-22990
64065,ITW,-8110
64074,J,17687
64084,JPM,-1906
64099,KAI,4167
64100,FRHC,-18132
64105,UAA,937
64106,PAG,-76167
64111,UDR,12090
64118,UGI,18846
64119,UHS,28302
64122,UNM,14592
64127,USB,20211
64128,AD,42484
64130,LEU,-16419
64132,UTL,4587
64133,RTX,-4963
64135,UVV,23969
64150,VNO,6475
64158,VSH,7812
64162,VZ,39600
64166,WDC,72234
64169,WFC,19039
64173,WGO,-7958
64176,WHR,-32756
64185,WM,-20971
64195,JEF,-8705
64197,LUV,-15655
64200,LVS,-9737
64203,LYV,-58879
64205,LZB,3160
64206,MAA,2648
64208,MAC,16572
64214,MCO,-6548
64222,MDT,40745
64223,MDU,7672
64237,MGM,16926
64239,TGTX,144640
64242,SPGI,-8091
64253,MLI,39130
64262,ALK,-23099
64265,PLD,-23700
64269,AMT,-2242
64271,ANF,28647
64280,AOS,-1229
64286,HTH,-14956
64305,AWI,-40658
64306,AWR,23089
64308,DCH,13298
64309,AYI,20731
64322,RAMP,56224
64327,ADBE,-2322
64397,DJCO,-6636
64421,INDB,11914
64453,OFG,31882
64462,PRK,-65276
64488,UMH,-30428
64542,AES,33509
64546,PRGS,-378
64561,SCHL,-31258
64615,ECPG,-3708
64644,MFA,-2071
64660,IOSP,-9752
64738,CNX,29422
64758,BB,67489
64766,UNH,16544
64779,WAFD,3657
64810,STAA,-109984
64814,OPK,172428
64823,BLDP,-1358
64826,AEIS,9100
64839,OTEX,43220
64877,PEGA,-60886
64894,VCEL,20908
64895,CIEN,34612
64907,NAT,65469
64962,SBET,50075
64972,RMBS,12901
65012,SLG,-18276
65033,NJR,-1792
65037,AVA,-11005
65038,OLN,-53107
65039,ROG,-36713
65042,TNC,-17219
65043,PSA,-13512
65044,VMC,44225
65046,CMI,6938
65048,NI,41699
65049,DE,-386
65050,HON,5345
65051,TMO,1187
65053,PNR,-71964
65056,TSN,7316
65057,JOE,-5953
65062,CLF,-13761
65067,DXC,11867
65068,CLX,-24155
65071,SWX,17391
65073,HUM,-18842
65079,SWK,11680
65087,APA,15187
65088,WMB,9278
65089,AON,-78523
65093,RHI,-4807
65095,CHE,21206
65100,BXMT,2702
65103,GEF,31947
65123,MUX,-29040
65128,D,29072
65129,WOR,-13880
65130,UNF,-17587
65141,MTB,-5220
65152,ASB,54416
65170,NKE,-11058
65171,GL,-15226
65197,DXCM,26412
65270,LXP,-137006
65300,EXPE,45975
65305,AMSF,-21450
65333,CLMT,-7763
65359,AUB,15326
65418,SANM,10872
65597,FBNC,-27216
65613,ATO,40262
65726,AKAM,22071
65765,CMP,-2893
65802,TCOM,-2327
65849,ACAD,19658
65896,ABR,-69707
65923,EXR,-21589
65943,INVA,23275
66050,CE,8942
66063,BRKR,25555
66080,AVB,9884
66086,SSD,-14017
66088,ESS,3713
66151,WTW,23275
66158,FIS,30167
66265,JBLU,-66338
66281,UCB,12382
66353,TRI,12710
66443,TPR,57776
66550,MITK,39217
66623,FRME,-7661
66658,MAN,-55411
66664,MTG,-34644
66667,FIZZ,-6761
66678,KIM,19931
66714,INGR,9691
66726,PRDO,6182
66761,CRAI,18041
66771,AXTI,-19718
66806,PAA,-8755
66821,NVDA,440
66837,NOVT,10167
66846,GS,-3059
66980,LAD,-6611
66982,HLIO,39261
66988,KRC,5749
67009,RHP,8258
67024,GPI,-32356
67055,PLUS,-21506
67060,GEL,2402
67070,EEFT,-16611
67091,ARE,-55108
67102,RL,63386
67118,JLL,30302
67129,BN,-16911
67131,AEHR,-90074
67140,ETR,22197
67141,CXT,4576
67144,CVX,16894
67147,PH,11882
67153,GHM,32229
67155,KWR,-23557
67157,WRB,36851
67164,CUZ,12917
67166,LNC,9949
67171,PHM,34799
67176,MAT,25570
67186,FUL,-8851
67191,TXT,-31675
67193,AME,15239
67194,CMC,12446
67195,GHC,-27969
67206,BAC,20327
67215,OMC,108
67223,ALNT,48825
67228,EPAC,-2248
67235,AMGN,-8538
67241,CTAS,5382
67254,CINF,8402
67306,WBD,15939
67370,CAKE,51518
67396,BDC,4739
67415,KSS,-5933
67443,RDN,-38454
67470,MCHP,18791
67477,JBL,41408
67489,KGC,48431
67501,INOD,19313
67527,UFPT,24721
67534,EVR,-19220
67563,BKR,37105
67574,PTC,-9855
67624,WULF,5760
67640,WBS,39469
67681,THC,20124
67744,KRG,26265
67756,ZD,-30616
67773,INTU,4866
67815,SLAB,34257
67855,CCI,-9890
67890,FORM,20996
67975,ADTN,-15080
67980,PNC,1033
67981,EXTR,14866
67986,XEL,27114
68009,CCOI,-38905
68011,BAX,-6446
68019,NSP,-22800
68027,MWA,29758
68049,MPT,1856
68055,HSTM,-1439
68056,WAB,-24206
68067,NSIT,-21743
68148,IDT,13931
68204,ES,4320
68208,WLY,3630
68212,FHI,15541
68214,CORT,61055
68220,A,16441
68229,CSGP,-7913
68230,OMCL,-63828
68246,MOG.A,6773
68262,CAR,-44944
68404,UAMY,206178
68447,CHH,-8671
68461,RJF,22931
68473,CSR,-30748
68475,TTMI,26292
68509,AZZ,4157
68513,CUBE,10278
68519,MIDD,16271
68522,GGG,11551
68526,WT,20238
68567,DEI,9415
68578,IART,-17340
68606,AER,9816
68629,EOG,6623
68644,XRAY,10970
68650,AGX,23414
68669,CHDN,-53730
68768,ADEA,959
68826,AGO,31920
68904,MNKD,-13732
68958,INSM,-601
68990,SHO,15533
69030,QUBT,103475
69073,ATRC,35966
69189,AAP,-17371
69204,SYNA,2260
69333,RIOT,-28124
69444,AXS,36056
69527,CHKP,4785
69543,SSB,-3166
69564,CHRW,-32937
69570,LAMR,4973
69583,WLFC,22069
69598,VSAT,-9493
69660,EIX,-12755
69661,AVT,33775
69663,CPB,13994
69664,BMY,2116
69665,FMC,-24704
69670,ASH,-4490
69671,SHW,297
69672,GWW,-7391
69676,LEG,-1889
69680,EXPD,-9369
69686,KEY,36815
69689,ABT,34848
69690,MTZ,872
69692,ABM,25072
69695,ADM,14919
69698,SXI,7289
69708,TGT,6403
69710,DDS,2327
69711,LPX,-8314
69718,CECO,6038
69724,BBWI,9727
69732,BEN,19899
69735,WWD,1626
69738,SBR,-27168
69740,TILE,23083
69744,SLM,38284
69750,CASY,58296
69755,CMCSA,11778
69763,HWKN,-5980
69769,BIO,-4738
69772,KLAC,23490
69859,COHR,43974
69869,TECH,46904
69882,RRC,14486
69887,EXPO,-7920
69897,RDNT,-6422
69901,AZO,-52101
69904,HAE,32583
69907,CRVL,-2398
69957,AEE,2494
69980,MAR,-44680
69990,MANH,43597
69999,MSTR,-48159
70064,BKNG,7772
70074,WCC,31601
70087,ADSK,24938
70120,HSIC,-4985
70122,WAT,12775
70159,WAL,8069
70252,MA,-26488
70269,STE,18291
70270,DHI,7075
70273,PRMB,170358
70285,HOV,-33860
70294,TX,175
70304,BANF,3548
70307,ORLY,3857
70312,AKR,2155
70317,BYD,14657
70338,LMAT,21418
70356,DAKT,6383
70369,TNL,21441
70451,JJSF,-6383
70459,IEP,-110944
70469,CALM,10941
70485,MOH,-49484
70569,BGC,17099
70617,NRG,18573
70699,WTI,-10640
70848,MLM,8097
70925,ZBH,23643
70960,ELV,-33019
71049,LMT,10718
71055,COR,20311
71287,NEOG,-41018
71288,DGII,29872
71290,BLFS,-66580
71301,MMSI,29961
71316,IONS,-69066
71322,IDXX,14163
71332,TTEK,1628
71386,COLM,-15722
71388,LNG,-15592
71412,DOX,20349
71454,EPD,-44091
71461,KFY,21808
71484,UTHR,5120
71490,OSK,-31782
71492,TROW,24119
71508,CCL,36931
71532,SAM,-14514
71540,HIG,9796
71590,DXPE,15018
71596,MTN,8215
71617,DMC,2605
71618,GERN,299681
71623,EG,39444
71659,CROX,22272
71672,RIG,588
71685,MHK,-4332
71693,CENT,12245
71700,LTC,-4180
71734,CB,-5851
71735,GILT,10874
71775,FRO,56838
71789,FLG,-58177
71822,XPEL,-93406
71833,GSAT,-8688
71836,SBH,5766
71932,GNTX,19845
71939,IBOC,22153
71981,STBA,18795
71986,SFNC,-67620
72001,DCOM,4460
72004,NTGR,-81501
72168,MET,2924
72195,WLK,-46585
72234,ISRG,-86773
72316,EYPT,-30961
72380,AEO,-5601
72412,GPN,10146
72457,BG,-39293
72548,HLIT,-2101
72558,NFLX,-21169
72573,OVV,11784
72600,FLR,5866
72629,RUSHA,11712
72671,CEVA,-11328
72846,BXP,-29161
72872,CMS,17349
72874,SRE,-11810
72877,NFG,5457
72878,IP,51671
72881,APD,25469
72882,CSL,9022
72883,MAS,-6658
72884,ROL,-56172
72885,DCI,26997
72886,DCO,-2659
72888,GIS,25756
72890,HUBB,-8527
72891,FELE,14909
72893,R,-8298
72900,MGEE,7241
72902,LNT,9464
72903,AGYS,-5832
72908,KR,15433
72910,LXU,-13184
72915,SCI,-19599
72918,SR,68058
72919,HRL,21407
72920,AVY,-8530
72922,PVH,-1491
72928,BC,-27393
72937,WEN,1171
72940,TYL,-24938
72943,AIR,11332
72951,WDFC,-24086
72952,AMD,30321
72973,RF,41293
72976,ZION,34325
72977,FDX,7289
72979,MHO,19125
72981,AEM,10400
72983,BRK.A,1072670
72988,MOD,23450
72990,AAPL,-71000
73061,CQP,-69698
73113,BR,30204
73264,SMCI,-2813
74139,TMUS,14127
74209,CNK,-14643
74213,TFSL,-21315
74240,HROW,-24398
74302,DAL,13606
74442,IBKR,38328
74538,ACM,-19711
74604,TRS,-4976
74660,PODD,4912
136431,JAZZ,45761
136643,LULU,11603
136743,ENSG,10131
136748,MAIN,-4818
137115,TEL,-55519
137341,BX,-26289
137411,GRBK,25537
137887,PSIX,13918
138373,G,69391
138494,MELI,18970
139032,TDC,35283
139836,CVI,2396
139857,ULTA,6118
140095,APEI,27709
140169,NMM,-21259
140201,MSCI,-40851
140224,CIM,-36319
147424,SBLK,22260
147427,ARR,15491
147429,IVZ,9461
147746,FOR,-27891
147750,TWO,-49841
147786,TNK,30146
147787,LRN,3679
148533,ECHO,-30543
148710,BIP,-95509
149055,DAN,16741
149659,SLS,34100
149690,PM,7609
149752,V,14483
149782,IRDM,64113
150187,AWK,10105
150254,SW,23439
151431,KDP,43446
151798,ENOV,944
151923,AGNC,11306
152751,ERII,-12521
153004,JBTM,-7626
153451,MYRG,28219
153452,TREE,-106545
153495,GSL,24637
169130,SIG,18070
169204,HCI,37218
170478,LOPE,8570
170967,VRTS,-22663
174045,IVR,6701
182723,IOVA,-8787
196789,AVGO,5900
209869,OMER,-85794
213845,PMT,-20120
213945,STWD,-2277
214872,ARI,-910
215062,VRSK,43866
215556,ADUS,19388
216044,H,-26415
216197,LEA,-7288
216209,DG,22824
216562,FTNT,44650
217232,CHTR,-1460
217737,PEB,-10090
217855,OPLN,20378
218471,PPC,16274
228976,TRNO,12203
228982,PDM,-11551
229000,GNRC,-55756
229001,QNST,14289
229496,ST,25001
230039,MXL,-16356
230040,CALX,-12531
230074,FIBK,20435
230093,HTHT,-25730
230189,SSNC,42108
230233,PRI,27812
230289,STNG,-1825
230574,GBDC,-53592
230821,SPSC,3502
230971,LYB,28168
231025,AOSL,-43872
231323,CRMD,98672
231337,JKS,-98628
232337,FAF,29294
234475,CBOE,6951
234659,VPG,-13394
234679,FN,38046
234767,TSLA,-24265
235005,BWXT,16609
235089,KKR,-22239
241195,AMRC,-67201
241473,NXPI,2403
241600,MMYT,26219
242608,VC,22072
242627,DQ,-118431
242655,EFC,10918
242870,TAL,-113602
243193,CMRE,10769
243265,HHH,-35101
243505,BAH,16558
243526,GM,30156
243544,LPLA,27587
244033,TRGP,5132
244403,CPAY,-13797
244407,WD,-124678
247036,AAT,7901
248046,BKU,-33394
248049,AGRO,14828
248823,PCRX,5581
249020,KMI,1835
249420,TROX,-3780
249641,HCA,-4277
249919,HII,32044
250122,APO,-26117
250329,UAN,-24490
250625,ARCO,77772
250664,STAG,-4713
250829,VNET,-40852
251185,KOS,19799
251186,RLJ,13239
251534,NBIS,17814
252173,MPC,14155
254268,ZG,-6332
254453,CHEF,-82477
255406,FBIN,-6033
255914,XYL,-18697
255979,UI,-19570
257167,ACHC,-43376
257955,GRPN,-15923
257991,VAC,-5899
258464,APTV,3649
258717,TRIP,8289
258877,CPRI,-21107
259401,GWRE,43491
259430,POST,-5928
259497,MTDR,-36013
259581,EPAM,-135460
259632,MARA,-41677
259851,CUBI,22823
259974,PRLB,-5859
260110,YELP,36365
260365,ALSN,20368
260398,MTSI,36102
260534,VIPS,26221
260635,ZWS,2377
260654,ENPH,-42633
260801,PSX,21667
261113,SUPN,4610
261151,CG,-11820
261267,TGLS,52718
261387,META,-5236
261481,PDI,11085
261708,HR,20788
262026,NOW,12642
262331,CLSK,-44432
262346,FIVE,30589
262368,PANW,50135
262597,GMED,17827
262649,BLMN,-20060
262670,MANU,-11080
262945,PARR,51058
263154,SUN,-38471
263157,NBHC,-71306
263280,QLYS,2580
263844,AMBA,-1385
263875,WDAY,-64361
263886,FANG,-12800
264126,MPLX,-26079
264211,RH,-18671
264410,JOYY,15646
264639,WES,3428
264656,ABBV,-13860
264705,PBF,31416
265027,FWONA,-74367
265079,USAC,-16106
265148,NCLH,18642
265337,BFAM,-6270
265414,ZTS,20673
265458,BCC,10253
265592,ORC,-9785
265899,APAM,25335
266302,FUBO,-55018
266330,NUTX,-10097
266394,EVTC,7364
266459,HASI,-12668
266490,PRKS,-19364
266563,DSL,3637
266655,VOYA,25917
266666,RITM,9850
266769,PFSI,-144194
266770,IQV,-40340
266919,NIC,25544
267035,CSTM,24141
267316,COTY,11111
267386,PTCT,10840
267403,NWSA,34300
267416,GOGO,-13262
267521,CDW,-10025
267619,LIND,11984
267837,REXR,-7429
267906,AGIO,-826
268002,SFM,53223
268003,AMH,-3026
268066,FOXF,-28682
268068,PGEN,-6244
268082,XPRO,-51083
268120,IRT,5478
268153,SPNT,30120
268179,MUSA,5298
268479,SAIC,11633
268592,AAOI,-21548
268606,RNG,-36037
268629,CNH,73214
268677,ESRT,-35781
268681,BURL,6362
268900,AR,4000
268936,GLPI,12119
269012,PAGP,12357
269017,VEEV,2869
269020,OMF,34505
269023,ADMA,28317
269086,ESI,36097
269201,VISN,-10280
269353,VCYT,-54931
269355,BRX,41871
269356,CRTO,-48230
269379,ESNT,-63506
269420,MMI,-15444
269481,WIX,-17492
269508,LGIH,-67323
269541,NMIH,-106434
269638,TNDM,-33732
269685,ALLE,-19299
269706,AGNT,-34333
269904,XNCR,-42213
269980,AAL,43470
270034,ATHM,-39754
270061,ARMK,33619
270062,HLT,-24792
270171,AMC,-36360
270662,AUGO,-21090
270767,AUPH,39385
270878,CRH,76754
271295,GLXY,20721
272269,POET,-51
272789,NB,-38927
273566,OGS,22763
273772,ALLY,1144
273831,RARE,-354
273879,QURE,-11681
273892,LADR,-45723
274008,IBP,14484
274033,KN,-7616
274120,IVT,42902
274211,VRNS,29036
274681,GOLD,-48981
274736,PCTY,19922
274778,QTWO,-5346
274779,BLBD,8826
274808,ATEN,14447
274898,TNET,8353
274924,OUT,30131
274996,MGNI,23708
275041,FIVN,-332375
275185,PAHC,25109
275224,PAYC,11699
275245,MC,-4477
275280,NAVI,-14679
275281,WB,-6165
275485,ARES,-42611
275595,LPG,41473
275908,SFBS,12370
276039,DNOW,-30721
276083,JD,-7397
276215,CTRE,44423
276380,ANET,5770
276566,VRDN,-5456
276567,VNOM,14916
276573,CCS,11238
276609,ARDX,10150
276709,AMPH,-22002
276766,DBRG,-31271
276767,XIFR,-60947
277212,CDNA,-16326
277225,GLOB,-28437
277226,TRUP,-6153
277331,WMS,-17164
277335,OCUL,-51342
277423,SYF,30371
277431,HQY,-12777
277585,LMB,33523
278145,VVX,-154700
278176,NOMD,11490
278225,BABA,1523
278243,CZR,-14524
278295,CFG,16051
278431,W,9417
278567,AAMI,27394
278571,HUBS,24200
278788,KEYS,10252
279021,ENVA,76346
279022,BOOT,-13908
279107,LBRDA,-22675
279126,XENE,35558
279180,FRPT,-15293
279182,TFIN,-31528
279267,AXTA,36659
279836,QSR,6114
279859,MOMO,37589
279862,HAPN,45087
279902,WK,2159
280197,INDV,-36700
280248,QRVO,-3931
280249,PVLA,-1218
280257,UE,31380
280550,BOX,30871
280623,ASND,24369
280665,SHAK,27393
280684,ATEX,-496
280696,XHR,-22223
280752,DEA,972
281262,SMMT,6177
281545,NXRT,-34841
281669,SEDG,-69786
281809,GDDY,11322
281861,BRSL,-7252
282039,VIRT,29764
282040,ETSY,35801
282041,ZVRA,-2926
282101,UNIT,-17716
282300,VKTX,2658
282343,BSM,-59577
282449,COLL,35521
282602,FTAI,-53797
282606,CWEN,12231
282629,APLE,17919
282712,SHOP,-72733
283365,GNL,29850
283427,NEXT,-57274
283583,WING,-25335
283589,ENR,-713
283661,BW,-44027
283713,CC,28607
283851,GKOS,35589
283856,TRU,19391
283857,LNTH,5555
283887,APPF,4934
283890,ALRM,-9271
284029,TDOC,-112565
284106,KHC,9015
284109,PYPL,-11082
284411,OLLI,15200
284500,LOB,-12333
284524,LITE,55177
284546,NTRA,37803
284584,IBRX,-49015
284799,RUN,-24320
284815,PLNT,-19842
284902,HLI,-13479
285293,KURA,-20822
285308,MSGS,-5268
285325,PEN,-850
285376,PJT,13287
285509,CSW,1649
285534,SGRY,-40728
285536,PFGC,9393
285557,NVCR,-53295
285614,P,11510
285632,CTMX,16934
285790,HPE,23981
285828,RACE,1925
285982,FCPT,3479
286133,WSC,-3442
286253,WVE,-28287
286315,AVTX,-26811
286451,MTCH,52358
286452,AXSM,27064
286465,XYZ,11182
286883,TEAM,-13081
287143,GSM,-2987
288606,SNDX,-44154
289030,CRVS,10048
289138,SYRE,17819
289247,PR,52495
289530,RRR,24160
289745,NGVT,-15608
289873,NTLA,-9958
289972,TPB,-751
290022,SITE,-96452
290278,USFD,16134
290557,ATKR,-44228
290589,FTV,-20482
290899,TWLO,45879
291621,PI,-28268
291757,KNSL,-68018
291872,FHB,6845
292017,PTGX,62318
292018,MEDP,2335
292097,DELL,70490
292443,AMR,-39480
292620,FBK,-95154
292621,NTB,13928
292693,TTD,39231
292713,ELF,32183
292741,VVV,19104
292862,NTNX,39342
292885,DFIN,-5084
292895,VST,26708
292971,CWH,-48526
293141,ADNT,24486
293142,YUMC,17947
293228,CRSP,-54477
293261,IRTC,5337
293384,ZTO,-13106
293433,GOLF,3443
293436,BL,-20180
293452,AA,-14908
293499,LW,-143449
293733,DFTX,67192
293756,INSW,40928
294014,IIPR,-9741
294227,PK,3801
294251,ICHR,13183
294252,HGV,-23692
294908,FTI,147806
295151,ANAB,741
295239,LAUR,27922
295240,INVH,2026
295272,KRP,-19315
295277,METC,-41509
295748,HLNE,10761
295761,SNAP,6385
296076,PUMP,-16550
296242,VRRM,8904
296497,BTU,-35256
296509,HESM,27567
296542,SNDR,31547
296581,OKTA,23400
296684,HCC,41731
296823,WTTR,13708
296918,FND,-16041
296935,CVNA,-24354
296936,ZYME,9807
296977,KNTK,3213
297018,URGN,14865
297021,AM,10413
297220,IR,-89
297221,SEI,-246
297324,CARS,-30819
297580,PENG,-6363
297582,APPN,9032
297733,NESR,24383
298339,MGY,-129909
298509,JBGS,236
298592,SMPL,-29792
298778,BHF,-24058
299592,DD,8689
299724,KNX,13965
300198,CELC,-18524
300199,KRYS,-83383
300200,ZLAB,28455
300460,ROKU,103119
300477,ECVT,57192
300674,RYTM,27643
300827,APG,-11766
300938,CARG,43798
301143,VICI,17774
301222,SE,-20597
301251,MDB,31498
301383,EYE,10210
301416,MBIN,-73394
301600,ACMR,26432
301813,FINV,31086
301816,BAND,-27100
301890,CNR,-17982
301999,OSW,1364
302018,CNNE,-48436
302549,DNLI,-8937
302550,FLNG,19674
302961,NMRK,210
303340,LILA,9970
303526,LBRT,-122593
303838,COLD,-15360
303840,ADT,12992
303930,PAGS,32329
303958,GTES,22555
304230,VCTR,20044
304236,WHD,228
304724,TH,-1434
304768,HYMC,-61129
304839,RCUS,-25244
304874,ZS,35334
304963,BTBT,300482
305109,DBX,87116
305229,BILI,32910
305265,IQ,211847
305272,COGT,-8672
305321,SPOT,12665
305737,NVT,35985
305959,DOCU,19447
305960,GSHD,-4662
305965,LASR,44818
306021,INSP,-39361
306055,ROAD,-58311
306200,TALO,-34632
306206,EQH,11146
306417,WH,8989
306450,BORR,101331
306507,AHCO,16099
306508,SRRK,-7682
306510,KNSA,15360
307092,XERS,49262
307093,DNTH,37212
307095,IIIV,-8416
307096,EPRT,43439
307225,CBC,25858
307264,EVER,25777
307266,BV,-4599
307273,BJ,28732
307386,SGML,-21230
307733,CCB,-40932
307735,CRNX,54789
307782,ESTA,25270
307784,TLRY,-105218
307899,BE,24914
307923,TENB,38922
307925,PDD,-18946
307931,LQDA,64665
307978,VRT,21528
308012,OPRA,22992
308040,SONO,-48698
308055,CWK,26878
308068,ARLO,13377
308617,NIO,15938
308686,FTDR,22203
308747,GTX,-25244
308822,ELAN,29495
308945,ARVN,-28251
309036,UPWK,-10259
309061,KOD,13761
309066,GH,48354
309093,ESTC,22959
309183,ALLO,144642
312270,REZI,26737
312434,ONDS,-44429
312437,YETI,3815
312438,STNE,34206
312486,CLVT,48302
312511,ACA,822
312514,GDYN,-5343
312525,LIN,-1126
312538,TWST,44766
313647,UTZ,-222130
313919,MRNA,-14398
314005,TME,12873
314059,QFIN,7118
315465,FUTU,43113
315531,FOXA,40794
315715,DOW,14067
315716,TIGR,-25590
315739,LEVI,38611
315894,LYFT,-6337
316011,TW,-63219
316146,PD,24012
316171,JMIA,-61816
316243,PLMR,59388
316273,ZM,42156
316279,PINS,70254
316297,HYLN,-14695
316524,TMDX,14442
316636,TRVI,76194
316677,PSN,-33770
316708,KTB,20722
316725,UBER,-6662
316880,AVTR,-37538
316881,FSLY,65273
316988,IDYA,-7665
317025,CTVA,-41507
317296,RVLV,-7103
317354,AMCR,14613
317383,CRWD,63184
317431,CHWY,1086
317546,STOK,-51640
317576,GO,-35945
317619,PSNL,-42546
317624,IMVT,-11737
317738,BSTZ,14946
317756,BBIO,-7690
317764,ADPT,38150
317806,REAL,8229
318283,MIRM,35948
318285,PHR,-38121
318322,AFYA,-33965
318490,DKNG,50688
318491,CSTL,-29749
318634,KRUS,-21210
318639,DT,27065
318749,INMD,30260
319245,TXG,71434
319263,HIMS,-12925
319272,NET,69162
319338,NVST,69270
319362,DDOG,30705
319614,PTON,12528
319809,INDI,31541
319883,BNTX,-72167
319898,VIR,-24544
320043,BRBR,36973
320171,BWIN,-31330
320203,PHAT,-62113
320204,PGNY,12713
320320,AVPT,111475
320357,ASTS,20714
320816,SITM,1470
321294,XP,11316
321378,BILL,-17584
321600,BKSY,-15948
321601,JBI,158721
321623,WFRD,-125431
321925,TE,36651
321953,PRCH,-45037
322747,REYN,35054
322748,ARQT,35625
322908,SDGR,-43094
322910,BEAM,-25021
323127,RVMD,-12959
323456,AEVA,-27405
324138,ELVN,-8983
324434,OTIS,-31835
324435,CARR,-25001
324609,UWMC,99390
324772,BIPC,-67327
324941,SPHR,-51303
325214,RSI,33404
325251,ORIC,14440
325566,KC,42763
326321,WMG,147649
326322,EOSE,-46096
326420,GTM,22020
326472,FOUR,-7164
326480,LEGN,-86993
326618,PCVX,-12294
326752,RPRX,106455
326845,CLOV,137139
326909,OPEN,-74219
326923,MP,-32132
327035,TMC,-9055
327038,ACI,-116821
327193,LMND,-6696
327455,BFLY,60952
327498,PCT,24892
327499,NCNO,40171
327574,RLAY,44469
327814,ONT,39443
327959,NRIX,-46
327960,ANNX,-16522
327968,BEPC,-107164
328318,VERX,90180
328520,RKT,-81476
328899,IRON,-88074
328948,NTST,-19048
328971,BEKE,1823
328989,QS,106833
329074,HRMY,22447
329088,MIR,-87571
329184,KYMR,-44945
329236,NUVB,155473
329402,TNGX,29292
329700,STEP,-32364
329703,FROG,-43688
329706,SNOW,-103195
329744,DYN,-297256
329750,BNL,-52616
329822,U,-7085
329823,LCID,75316
329825,CMPS,50762
329911,EVLV,43429
329944,CRSR,53880
329951,GDRX,269726
329954,BSY,-19721
329999,TSHA,-12752
330011,VNT,16904
330162,AMBP,-67555
330201,PLTR,-194794
330202,ASAN,140696
330258,AVO,52203
330328,IMNM,460
330341,ASO,-73019
330366,GENI,59148
330367,CCC,86447
330512,OUST,61985
330705,ARRY,55699
330706,MNSO,15203
330711,EBC,-40954
330733,PRAX,10532
330736,TARS,-29647
330737,PAYO,-4920
330814,MLTX,128884
331154,ROOT,-27663
331157,CRC,-119051
331212,ALGM,-30600
331258,LU,174257
331316,NN,-127
331372,SPIR,-29338
331412,WGS,-1126
331479,CLBT,9630
331525,JOBY,-26502
331834,OLMA,-8636
331836,GPGI,-44247
331885,PWP,-8906
331887,CHRD,-97078
331888,SHC,30212
331889,OPFI,128992
331890,EVGO,131773
331926,GBTG,135671
331927,SGHC,67976
331979,RKLB,66592
331996,CNXC,-31154
332157,SOFI,90573
332227,GRAB,166520
332335,HLMN,110255
332372,SPRY,-38657
332424,CIFR,-26011
332513,ROIV,29039
332573,SMR,46626
332579,AI,46933
332580,DASH,-48005
332643,ABNB,-106732
332697,CERT,1136
332702,QBTS,-27778
332707,ABCL,202703
332857,OWL,80164
332999,UPST,28653
333125,ACHR,66672
333614,IONQ,27708
333683,ENVX,85882
333943,CGEM,102631
334098,AFRM,22094
334153,RDW,-6701
334154,GRND,103609
334163,WOOF,132845
334218,PLTK,138100
334219,DRVN,-28012
334503,DFH,-23219
334534,RLX,117075
334590,NVTS,55836
334750,SHLS,46167
334784,PAX,12150
334815,ZIM,69718
334872,TRIN,118908
335123,SANA,76829
335199,IMCR,-76511
335266,NAMS,48085
335377,EXE,-21483
335446,LDI,569860
336272,OSCR,-11160
336621,SYM,-1558
336622,GROY,52804
336684,RBLX,-142368
336737,CPNG,-7462
336813,HAYW,69569
337152,TUYA,157861
337372,ACVA,175470
337375,DOCN,-51063
337512,SATL,-34413
337513,ALHC,-528
337515,EWTX,-30021
337517,TDUP,34501
337579,NRGV,-52927
337733,COUR,24120
337804,COMP,111194
337830,ULCC,37043
337852,BBAI,24770
338306,COIN,-184316
338318,RUM,-9572
338320,ALKT,-3426
338363,AGL,-112376
338364,APP,-234006
338416,RXRX,-11741
338481,SOC,76763
338649,PGY,-63538
338651,PATH,-370568
338653,DV,-53709
338708,RGTI,-22194
338812,DAVE,110640
338818,PL,-6759
338982,AVAH,58251
338985,PRVA,-19717
339106,VAL,-82889
339463,AUR,115613
339573,GLBE,-63365
339677,VERA,-60595
339762,PSNY,-203787
339767,SLDP,271646
339786,GPOR,-96417
339898,PCOR,-313719
340085,FLYW,-19248
340097,PAY,-51069
340199,FIGS,-43758
340432,OGN,66726
340460,DLO,-18497
340640,NE,-102937
340644,MQ,18228
340696,ZETA,28648
340698,MNDY,-123856
340699,LFST,135231
340752,TASK,-542682
340754,JANX,32992
340757,BZ,-150807
341208,ATAI,-174188
341326,YMM,-16862
341384,CXM,109643
341387,FA,45880
341431,DOCS,-9272
341434,GLUE,-99598
341568,DTM,-320264
341660,XMTR,-245041
341661,YOU,-37920
341662,S,-18845
341663,INTA,105746
341664,JBIO,-7102
341692,LZ,58419
341740,DNUT,225668
341783,HTZ,324877
341999,OKLO,50101
342309,PECO,2191
342349,ERAS,-49455
342359,STVN,-21535
342467,NABL,45857
342520,VTEX,131152
342566,RYAN,-27052
342573,ABSI,-9076
342630,CNM,-143711
342723,CADL,85362
342770,BTDR,224167
342772,DUOL,-277334
342820,HOOD,43243
342877,DOLE,-146351
342915,GXO,-240112
342937,VSXY,-71994
343833,JXN,-304792
344199,SRAD,-192718
344245,TYRA,-26395
344246,ONON,14465
344247,BROS,45188
344249,PRCT,-69593
344320,ACT,-399891
344507,TOST,1418
344512,FRSH,84047
344567,RELY,55340
344713,AMPL,-21116
344770,WRBY,-18480
344842,DJT,-108812
344915,SLVM,-149525
344920,FWRG,150651
345187,LTH,-107469
345366,IHS,-122527
345369,GTLB,97868
345615,COCO,64476
345800,AIP,2852
345824,KD,-21164
345849,GFS,15411
345850,FLNC,231758
345951,FBRT,132788
346113,ARHS,65554
346115,NRDS,-43841
346158,CDRE,6615
346373,PRM,-142464
346408,RIVN,-168701
346421,RZLV,-17347
346493,BLZE,3182
347764,LUNR,189366
347771,BRZE,-24187
347773,IREN,49545
347878,SG,79152
348774,CRGY,214128
348839,NU,-431709
349257,IOT,36497
349540,ZGN,54266
349778,SHAZ,90167
350129,AMLX,14330
350311,TPG,12097
350459,CEG,-155282
350719,CRDO,-46829
352061,CRML,79267
352733,LION,180591
353719,ESAB,-338455
353971,EE,-15485
354493,SOUN,125966
354518,BLTE,-88466
354767,ACDC,196598
355698,INTR,225294
355809,IE,-77700
357118,BULL,120125
357126,GCT,4192
357766,CRBG,29348
357770,AMPX,-13173
358205,BHVN,74317
358708,PRME,177952
358837,MBLY,-66835
358930,RXO,84801
359120,ASPI,74605
359145,ATAT,-196838
359692,FG,-105812
359752,BAM,-305126
360035,MBC,70854
360151,GEHC,24641
360681,SKWD,-71310
360739,VTS,-38933
361071,ASST,74853
361072,GPCR,-56066
361194,HSAI,29996
361195,NXT,6780
361212,MLYS,-78361
361732,AESI,-4394
363049,CR,-174345
363621,MSGE,-161677
363882,KVUE,15389
364326,LAES,92176
364383,ATMU,-93374
364488,KNF,-90727
364519,TLN,-209290
364783,CAVA,-55733
364985,FTRE,-67192
365179,SVV,111613
365180,PLGO,-125885
365181,KGS,36116
365304,PHIN,-181318
365577,APGE,-114966
365644,USAR,55834
365930,SN,-144926
366217,DBD,-172098
366529,SEZL,-510962
366834,ARM,-56057
366971,CART,-3347
367002,KVYO,38335
367252,VSTS,148209
367253,VLTO,-208944
367496,BIRK,-25029
367599,NATL,36297
368279,HG,27619
369200,WS,-59421
369880,TIC,-23723
370353,MSDL,281631
370363,CORZ,-38326
370390,CGON,11533
370423,BTSG,5141
370522,AS,7300
370643,AHR,-13716
370690,TBBB,60632
371064,UMAC,39504
371480,ALAB,-171317
371512,RDDT,-276894
371731,SOLV,-175938
371776,GEV,-272106
371969,PACS,-172217
371995,ULS,-88445
372117,CTRI,-81048
372293,MRX,-20476
372302,RBRK,-246575
372303,LOAR,-56750
372423,VIK,-97379
372583,NNE,-39482
372909,BOW,-126214
373124,INBX,-79255
373282,LIF,26212
373314,WAY,-30768
373317,RAPP,-74758
373454,TEM,-89519
373667,GRAL,-51702
373821,ALMS,99178
373835,LB,-184599
374561,CON,5486
374571,LINE,-102209
375687,MBX,-198783
375697,ZBIO,-55944
376033,BKV,76914
376036,GRDN,48438
376130,AMTM,-97717
376149,CURB,3340
376205,SARO,-152034
376415,IMSR,190565
376716,INGM,29645
376760,WRD,80770
376909,ECG,-155499
377605,PONY,132691
378032,TTAN,-80515
378473,BRUN,157131
378825,FLOC,79733
378859,MRP,11486
379038,VG,69322
379074,SFD,34271
379200,MAZE,-26066
379423,TTAM,-9535
379425,SION,-5513
379598,KRMN,-152594
379631,SAIL,101332
379905,SNDK,-277680
380064,RHLD,-88884
380955,CRWV,-8790
380996,NMAX,52773
381058,SMA,82900
381468,CHA,142882
382748,HNGE,-213317
382749,MNTN,-90367
383210,CRCL,-267717
383248,OMDA,1433
383363,VOYG,-32053
383407,OTF,256643
383421,CHYM,-8740
383443,JBS,-45706
383602,CAI,-159683
383605,SLDE,3525
383854,AMRZ,-98207
384028,RAL,-166119
384367,INFQ,226738
384969,NIQ,-81282
385014,ARX,-373951
385159,AMBQ,-5002
385213,FIG,-65226
385445,FLY,77403
385448,WYFI,135145
385482,HTFL,-104617
385602,BLSH,44905
385635,MIAX,-70273
386603,KLAR,-97593
386669,FIGR,159241
386700,LGN,-46212
386701,VIA,44963
386711,GEMI,214882
386899,STUB,-105628
386900,WBI,113887
386955,NTSK,56187
387014,PTRN,32195
387533,NP,9235
387563,FRMI,215245
387887,WOLF,148324
387915,ALH,25661
388587,MPLT,-177006
388715,NAVN,20362
388717,SOLS,-97850
388803,Q,-6955
388873,BETA,29921
389013,BLLN,-177521
390033,PURR,48443
390348,CDNL,-83006
390510,WLTH,19391
390650,LLYVA,48119
390681,MDLN,120871
390686,ANDG,37970
391245,VSNT,70176
392065,EQPT,49471
392199,YSS,76750
392428,MANE,-65052
392465,BOBS,88994
392466,FPS,92622
392529,OFRM,45769
392726,MWH,85435
