symbol,quantity,market_price
6347,-22447.282834597181,1
36100,12873.386662357768,1
39985,-20475.785034192525,1
39988,51938.2580799813115,1
40142,-3123.94278424702612,1
42241,71385.015697577332,1
45293,353.466397559223,1
46092,7623.96980598435354,1
46113,31044.5405090948345,1
46120,-10398.7202123345383,1
46150,-22298.263903366378,1
46157,-11548.0001903431377,1
46169,27535.763964301262,1
46171,2293.1206851576185,1
46182,-41467.537021329446,1
46238,-10453.860782569817,1
46243,-1611.5396389470602,1
46244,-30867.9976547317155,1
46415,-10404.7739639177718,1
46418,9795.683476918867,1
46422,-26176.3410684239947,1
46588,2869.5533356745164,1
46668,-22719.229092820260,1
46669,-40985.725516425798,1
46712,8224.6440245101455,1
49155,-4504.538822696193,1
49167,-7055.817115862306,1
49187,-2991.575907036356,1
49211,66120.545516400425,1
49234,30431.713358244286,1
49256,-7728.53738379256384,1
49310,1643.991710196196,1
49350,10227.367898455447,1
49353,-12689.265796610021,1
49359,86949.784782412714,1
49381,23006.7223068432191,1
49443,27577.8961239945453,1
49459,-61582.8782861570652,1
49480,-16523.651762575255,1
49497,-15415.028792043025,1
49524,4242.2169834749392,1
49529,32806.412958632583,1
49537,4323.702056177880,1
49550,48557.887436776595,1
49560,-108773.494052326675,1
49574,13509.322233613598,1
49584,4900.508764450288,1
49588,-54683.357896934708,1
49596,-91582.57520119627,1
49670,-3227.5503505589824,1
49725,-10672.1845287034636,1
49733,18305.817845852754,1
49734,-5737.0716587621698,1
49754,7227.485310994743,1
49764,-8819.517438374014,1
49787,16071.194924908803,1
49792,39699.801833267406,1
49847,-22572.032880655825,1
49856,-17422.670748168283,1
49860,-62767.3846339199522,1
49895,11895.8994213147265,1
49903,-13794.470757248036,1
49918,-45642.703326734053,1
49934,41939.385317583599,1
49941,24066.904114246655,1
49961,-4675.8302231546748,1
49964,-12.782755314205,1
49972,-8496.798954329234,1
49991,10524.968190932726,1
50018,22808.593520249194,1
50049,37018.718234345362,1
50057,19224.306532821764,1
50058,30869.624988346576,1
50080,35831.013120909544,1
50104,52604.576634188754,1
50106,31999.6877087809141,1
50108,31047.459770681437,1
50111,39292.09744802233303,1
50159,7514.0900698440807,1
50161,-86494.956438707689,1
50201,-38189.216031297643,1
50219,-67300.233500514337,1
50225,-67619.761960954627,1
50252,-131349.73755075670,1
50301,35964.1422575351317,1
50309,-32059.436699655165,1
50311,37690.876902075433,1
50334,-7492.589198134264,1
50338,-70935.854588034799,1
50346,27512.157439344919,1
50356,21245.4792325934842,1
50364,-35212.0696782571204,1
50381,11655.121912143828,1
50395,14379.6159623535473,1
50417,-4702.430123172637,1
50421,18963.151076413113,1
50425,-507.145555641174,1
50434,12724.2481889515104,1
50511,-2333.140663389071,1
50523,7207.184540836441,1
50569,23794.560987566674,1
50586,87301.239205585761,1
50617,47247.69071728576,1
50638,-4422.3270128112912,1
50659,-18130.723807671280,1
50679,190828.25144561291,1
50684,29280.653256497958,1
50717,20298.823960711407,1
50750,-212.9731201931636,1
50771,-7983.429021695286,1
50784,-30557.569652377036,1
50787,28183.986911066203,1
50791,36573.90940096363,1
50805,27242.6576203916637,1
50864,44845.542851293363,1
50872,21833.347117920143,1
50893,35128.922680409093,1
50947,36934.0790769767573,1
50990,-20734.6583235310925,1
51004,4696.142679486429,1
51032,5692.6699873734646,1
51066,-131500.329451567595,1
51077,-38859.3687282374676,1
51105,31489.4531330083353,1
51134,2462.427966832698,1
51155,25903.241360202299,1
51173,-38126.620459645062,1
51185,46270.5843485551639,1
51199,25033.7449561711323,1
51205,37087.420554717835,1
51207,-28897.580469985650,1
51211,11368.561397912197,1
51295,44125.3652573733002,1
51296,-35496.792803358075,1
51303,-3364.370124771306,1
51342,5486.6495501629666,1
51345,29284.184286943225,1
51379,5925.45546670156264,1
51388,27653.1043931202673,1
51392,-2862.579156299757,1
51400,12900.031194428139,1
51425,30812.558021706887,1
51429,-29621.485658404663,1
51528,24163.538638958031,1
51572,-31429.46964445458,1
51603,-30948.7261181489413,1
51609,-42282.219836044533,1
51612,-25437.085058012925,1
51627,30161.8883538695743,1
51637,-6816.8068856083836,1
51650,8894.604789963063,1
51657,88473.365223502707,1
51672,1338.6848468465987,1
51683,-1868.486348077866,1
51697,49367.738374638745,1
51700,44306.8337551771194,1
51754,8103.6717853502332,1
51778,27175.7151614217933,1
51781,-74400.047356819006,1
51789,45780.39527219217405,1
51793,-45691.609494926708,1
51823,4100.9161907758695,1
51843,3317.6604613857835,1
51846,1920.101967900503,1
51889,34397.946835298851,1
51906,2669.2088713899056,1
51922,-6272.5732912181742,1
51936,-4960.125666731800,1
51939,-114906.1481986232816,1
51959,7394.0619511928185,1
52036,16844.2426274358609,1
52050,15638.408158698207,1
52070,9710.1255828837432,1
52105,37528.067304639863,1
52146,1507.771551764245,1
52164,-46204.891874265437,1
52167,41927.344406060256,1
52175,-9127.5932874508782,1
52236,-10705.116187508354,1
52243,59941.597546568307,1
52268,-7991.897675063245,1
52286,25952.5368733736158,1
52298,-51321.6206772885442,1
52318,14646.644393908089,1
52343,-57303.5252587803854,1
52363,20069.793051084405,1
52364,10865.4417992783309,1
52370,32868.1524054494554,1
52373,19922.968045312522,1
52386,47057.809916508380,1
52399,23127.3065258782397,1
52400,-419.596645376883,1
52411,-26161.016193309065,1
52420,-122384.585058608845,1
52508,-35579.966623795182,1
52516,-14624.96973561902327,1
52577,27035.118993328928,1
52586,39444.177665726392,1
52590,18429.580224527040,1
52596,-66436.678902395966,1
52603,11524.002255569546,1
52604,56357.15894718575,1
52605,-15334.178380194260,1
52608,29908.834182102822,1
52611,-18925.211554428770,1
52759,5255.400862984087,1
52798,13817.9073551522758,1
52825,-134073.4732989107985,1
52838,-21207.211132979662,1
52840,7504.247831824652,1
52841,-13962.4057488553525,1
52853,-11930.8386414041105,1
52854,-10604.189345101098,1
52862,28276.358169253804,1
52864,25952.609853342878,1
52870,4169.797255938726,1
52871,26071.392153036447,1
52895,23167.6384996764294,1
52896,-48848.059397329482,1
52905,29037.174152464114,1
52920,12187.595485879352,1
52935,-61854.6823521757067,1
52936,32088.504007235067,1
52940,27552.251952707018,1
52942,4424.234463321762,1
52945,43647.0735278431158,1
52987,4393.460058366839,1
53026,6177.8482756202308,1
53027,-79444.9649663838863,1
53031,46330.1088501990488,1
53092,-41812.864274879615,1
53106,-38320.1054042078444,1
53117,49043.15836968621,1
53154,38245.7081110962232,1
53161,4896.1945509744373,1
53162,-73789.565833133795,1
53172,12565.402522254894,1
53177,32220.475741097569,1
53195,33852.8508848616388,1
53406,31432.4765043055005,1
53434,-11163.141942159682,1
53569,-10829.0092862153544,1
53577,12882.3649244844522,1
53582,49560.815816323744,1
53665,-994.032901172005,1
53686,43913.742207905727,1
53726,-10394.375079317331,1
53744,15453.259841970786,1
53748,19720.015958348296,1
53753,-24990.99097030814575,1
53811,-31602.7477299954354,1
53849,33178.9747311401159,1
53876,7577.552469514534,1
53910,2926.945782861659,1
53954,3616.063779972735,1
54005,201126.021044547066,1
54007,4287.0787802600817,1
54008,56085.2151621376937,1
54017,15875.1313687538594,1
54068,-23200.7219134756814,1
54159,-12606.053797717360,1
54171,-62928.917419533313,1
54172,-25611.055052582544,1
54173,36802.280482850732,1
54176,-772.586347447458,1
54178,24879.1166222345371,1
54181,-13490.0505932117174,1
54183,-31634.969982504094,1
54192,39251.4439518960175,1
54195,-20377.0190517822713,1
54202,23122.45436754726519,1
54221,-96931.0856524601271,1
54223,98095.3912084204447,1
54228,29058.3858588165505,1
54231,-16740.193155124356,1
54233,12066.019685157481,1
54235,22281.1972019845625,1
54245,-8197.420503007408,1
54253,8641.1543019564207,1
54254,17749.738895688406,1
54323,36931.782690872065,1
54332,-18317.88388521004,1
54338,-15209.666409506788,1
54344,-890.0707257573696,1
54353,363.432538743561,1
54355,-1837.524721740602,1
54362,-6271.0689978212175,1
54370,-6571.7516834439916,1
54380,-8523.5693425189847,1
54395,63958.965530080299,1
54399,-9945.5526003034915,1
54401,-13085.797232915877,1
54404,-46294.734492178872,1
54405,37837.825388372926,1
54413,-542.347790766453,1
54420,7269.953181686801,1
54519,-21139.739218262873,1
54531,41126.0940546190404,1
54532,10537.658798255056,1
54558,20881.4843330564128,1
54562,12964.363264579415,1
54576,17893.981785824462,1
54614,7747.933846865529,1
54648,10374.754928757007,1
54655,4590.071927758147,1
54660,-6654.5805759473832,1
54676,29628.268521377661,1
54710,8257.035700361461,1
54789,-4505.0079945786265,1
54829,-6713.623540852355,1
54830,4851.4053054801061,1
54849,702.2031055109152,1
54851,25673.529039402165,1
54997,-16237.4152840855175,1
55116,8263.316788802092504,1
55192,5166.3271621902767,1
55196,17463.399772719930,1
55206,35173.4720335692248,1
55278,3076.421255119242,1
55322,12274.3137983786818,1
55369,-3314.694674115461,1
55433,4564.1992726264421,1
55438,3677.5127219055458,1
55444,-3320.298105965368,1
55510,67477.299922634631,1
55517,45772.875443996809,1
55538,-22004.791488420798,1
55539,47332.894388847966,1
55548,8277.0227264538625,1
55665,-77559.724469522145,1
55672,5754.5528046727696,1
55690,13657.005824416947,1
55696,98803.166360913204,1
55698,23145.184388748883,1
55721,-5797.658688482835,1
55722,31151.98287435788627,1
55723,-6270.9188485848774,1
55726,30205.9344140406655,1
55727,-4461.113644571112,1
55728,24059.047554913189,1
55729,205.572632488446,1
55732,-24590.804797082792,1
55736,22527.478352848889,1
55738,-31763.3537449548636,1
55743,6939.3211585130278,1
55744,-7273.351666218617,1
55746,36490.5406735986188,1
55749,-653.0634773984895,1
55751,-55670.203298531937,1
55765,9686.582413809391,1
55771,26788.376122121258,1
55789,81904.157510514433,1
55819,22291.4368037749995,1
55855,34495.074162962427,1
55892,-17094.5128939018398,1
55925,6558.2610460808427,1
55952,-31679.314148633102,1
55969,-55439.6184426356062,1
55973,4160.1941226056933,1
56122,-44139.673547037267,1
56131,23695.6424945129493,1
56141,50262.169968989996,1
56213,-100457.024939487311,1
56460,-12607.4020295422423,1
56465,-3575.6478412632863,1
56571,-8275.0252796453762,1
56574,9223.143799238683,1
56577,5658.0556986648039,1
56580,5139.300297399119,1
56581,30156.341332364003,1
56592,-9039.066720475960,1
56603,-50723.8127026941523,1
56625,1348.170087448434,1
56626,44700.0649877602068,1
56638,22522.633483516199,1
56643,-10188.343418968302,1
56647,8628.002056282338,1
56660,3927.490896308750,1
56662,35275.785473966464,1
56679,-9277.231787636367,1
56709,2643.730901737695,1
56737,-19861.0138529497435,1
56747,71355.944775181915,1
56754,-3177.782357188347,1
56766,-281161.32089431734,1
56768,-81852.2961086601044,1
56803,5848.821980867555,1
56806,20209.6881382605634,1
56816,27885.130623412586,1
56842,402.295953932565,1
56945,13441.74633302137806,1
56976,-17453.04177123906112,1
56992,-13571.5387781224125,1
57047,4040.9972796828741,1
57050,19965.9819207718675,1
57051,20052.72633074989424,1
57061,-55851.330552265841,1
57064,-15170.442150430581,1
57075,16033.890435345277,1
57084,22791.019881837221,1
57085,39726.0103531783576,1
57093,2239.3633067009921,1
57094,27887.512344668348,1
57102,-40365.0009208813855,1
57109,7754.0406576287984,1
57112,-18378.73941449552653,1
57124,-5032.312646973192,1
57133,13437.296688524668,1
57140,-62608.61911276404,1
57142,-16872.990115810974,1
57143,61086.986052207934,1
57151,29295.4093493789553,1
57152,35300.766636877799,1
57192,48156.6822436110958,1
57199,-10527.895217127195,1
57204,13506.8690220817085,1
57211,21990.237465928946,1
57220,-9877.089405185046,1
57231,-17592.1883791170862,1
57251,-4465.205811761835,1
57255,-5744.578787781292,1
57261,28956.227599047386,1
57263,5406.9218215615779,1
57267,4708.8164582923222,1
57269,37573.779601987564,1
57271,6507.239189803157,1
57272,-4001.743284186644,1
57281,82098.3114663281124,1
57283,17312.5066501546603,1
57284,2085.586523715995,1
57285,11497.897876078061,1
57291,15434.844878968597,1
57302,-9992.3167806549615,1
57317,-42247.471617589674,1
57324,-69478.088170068924,1
57399,11013.548793908427,1
57400,-19098.7559089445998,1
57410,-32133.710526751996,1
57421,14997.6076447814611,1
57422,22142.746653918876,1
57465,-86639.928057751058,1
57468,-11654.9042770668575,1
57475,1936.5003815361670,1
57599,7328.240662877692,1
57615,-34925.071307909849,1
57653,5113.6998259555635,1
57699,-44602.18014608645,1
57723,-4088.6488688948108,1
57734,-9348.623630484905,1
57774,15305.19250383153066,1
57827,-14206.017835164902,1
57832,45968.951710372411,1
58133,-26866.421309428602,1
58145,41066.2147493841925,1
58209,-297306.01521632451,1
58272,-3926.918565160333,1
58314,20825.9091046890085,1
58334,-5881.82854159979503,1
58450,-39370.811861332398,1
58466,-56804.367711620284,1
58512,28222.1509091377578,1
58524,23340.031071058456,1
58527,1141.157423168948,1
58595,16649.222496506306,1
58596,59056.171878768506,1
58675,21367.222402445046,1
58748,16975.352129515148,1
58862,1964.285228491131,1
58885,11528.831885141660,1
58923,24456.0268018665766,1
58976,-290.2190887300285,1
59026,-4049.954741526584,1
59030,47289.1488188832635,1
59041,12873.8773225535286,1
59060,-36851.067833767699,1
59063,-16541.2469192488085,1
59088,18480.2037977474064,1
59398,35834.7242865764667,1
59426,2505.123505577083,1
59433,23909.65313906909192,1
59436,25103.893520664678,1
59441,-33697.3948406846747,1
59442,23700.88007045970944,1
59444,-59668.97675292030,1
59445,-5260.89616959925008,1
59446,13115.536409628123,1
59463,-949.7867798662487,1
59470,-19855.4897142766538,1
59490,-61081.0561269439,1
59510,6738.474511123333,1
59530,-51655.1224924728665,1
59559,-91170.23608156818,1
59565,58273.665601474095,1
59568,-21909.975627933092,1
59581,-34491.952153723683,1
59586,3657.553049569331,1
59612,-26320.157997958377,1
59616,-1173.444797068045,1
59621,48500.497852921044,1
59642,35601.383806836618,1
59676,62880.055617082163,1
59693,-6893.207406073541,1
59734,30693.0413892163466,1
59748,4993.397701399361,1
59759,7962.0629289583047,1
59804,-13704.832240695670,1
59812,-30573.4687556988834,1
59819,5098.06923209083584,1
59820,10510.971302856338,1
59880,-32371.995523283991,1
59888,-22.9026812348948,1
59896,-32134.785296253633,1
59919,25502.6429220888637,1
59973,21843.3048156390698,1
59998,-12930.792271101957,1
60007,979.0262506585097,1
60043,-23019.6075224653762,1
60046,14664.8241604614655,1
60057,-3745.68865296012,1
60079,42335.013112608083,1
60107,21293.138698521315,1
60129,41086.977991691878,1
60138,38266.5855555846305,1
60148,56753.697349357802,1
60151,13219.7448312523955,1
60163,-22015.071810954281,1
60185,13415.1989675599333,1
60186,12639.5970489767025,1
60190,11045.3039518279073,1
60219,45613.8508927123146,1
60227,11930.553654986584,1
60234,22891.850887703068,1
60275,-5458.6903447431067,1
60279,126532.573533029268,1
60301,36544.6581720470711,1
60328,-10553.947934899432,1
60335,-11612.8017496650088,1
60364,-949.9036131789222,1
60412,7041.9402482301216,1
60413,-86648.305587108866,1
60415,-21267.4542298725803,1
60426,97800.026889721166,1
60434,-22616.981423318966,1
60489,-13307.8036370883232,1
60520,-36271.143862100503,1
60528,29907.609093209026,1
60529,-10901.47791332288448,1
60530,-13362.1378790957464,1
60542,40912.943917747237,1
60571,-13329.068120403348,1
60600,-28151.753608950065,1
60602,-2584.5951305620145,1
60623,-28544.484794861355,1
60628,-10338.7786737747872,1
60677,16058.4024584152892,1
60702,56362.262576026795,1
60710,14409.681209575732,1
60718,15684.429096755301,1
60723,-24.3731486831629,1
60724,-17581.873346927740,1
60727,-24228.818348681965,1
60728,11542.686485131387,1
60731,1706.89751302493236,1
60734,15269.5494244444805,1
60755,6061.3523820865123,1
60801,-5366.5202891622982,1
60810,6869.3598487126916,1
60819,-3438.68169504186783,1
60835,36365.0852330074043,1
60836,55968.374084147083,1
60876,32278.9270247958849,1
60906,48896.713241207315,1
60940,16981.5888927009645,1
60943,-53375.1707566385949,1
60972,10861.817101283269,1
60979,26029.678366589604,1
60997,467.6393110887766,1
61039,-43631.410436081231,1
61049,28607.865232526471,1
61052,-14116.5397112374542,1
61066,20556.4127706218645,1
61068,11075.76907650642913,1
61080,-90861.276796716866,1
61103,20864.942636893004,1
61120,-15540.4631315616893,1
61162,36459.244462036943,1
61197,-29532.9886201640405,1
61199,37057.8195884195595,1
61214,-6811.3841559659707,1
61229,-1529.0256488956431,1
61264,5874.008776273408,1
61268,-8394.425471096590,1
61343,6702.8870648008442,1
61349,798.82893708012644,1
61387,13292.365012927678,1
61410,-6583.4371789144555,1
61416,30864.052621757545,1
61437,15135.549286492315,1
61457,-15170.51476743690013,1
61464,15100.0069708279807,1
61475,-49179.29112021766,1
61489,-22402.26415981906457,1
61498,24594.199548277078,1
61515,-104084.279319485791,1
61516,-64497.256376073282,1
61527,-60982.576128435713,1
61535,10778.183935652431,1
61551,-1839.3040607749477,1
61559,-5702.205533766871,1
61571,37521.925320607476,1
61593,-3424.973830614180,1
61597,-8873.944231036067,1
61606,27880.3589825921234,1
61624,16612.199410594117,1
61627,36886.4630929125365,1
61629,8132.172276957937,1
61873,-16390.2917094186524,1
61886,50170.85245530927,1
61954,12851.213984474383,1
61979,-29699.199535087558,1
61980,39480.355747045564,1
61993,-21292.82838863339,1
62098,6952.0032297096350,1
62131,-12669.143095467318,1
62190,-18480.531798865185,1
62274,56418.0438725035905,1
62281,-71130.031426684017,1
62285,42164.9341466396326,1
62293,18045.0343576844804,1
62296,19952.700850348632,1
62300,27611.096283541779,1
62303,564.636560275390518,1
62305,20558.0602257690038,1
62308,-45972.378794363365,1
62321,-87925.76129325878,1
62340,-10493.36753510407167,1
62344,9958.141394551711,1
62366,45889.9520414762965,1
62369,16780.6564267049183,1
62372,4960.1326131597252,1
62376,-9302.8231502901311,1
62379,33292.7939760922086,1
62385,-13049.0668112339827,1
62393,-32569.563064911957,1
62394,11066.1308909791026,1
62408,-143875.313722956213,1
62411,24062.2325233774065,1
62416,-64361.83914634090,1
62417,20283.812746331590,1
62432,29250.040763932784,1
62433,-3598.386077973391,1
62436,2692.777300778404,1
62439,26125.68010290582,1
62441,-325440.333407420054,1
62443,12309.6600486293509,1
62445,-1516.4748873102703,1
62448,8940.864906485289,1
62452,39615.978578153943,1
62465,39826.729969002386,1
62472,-35800.8834971720605,1
62473,31016.9725271022106,1
62506,26395.649908915768,1
62548,35799.809789953393,1
62563,42159.234223721086,1
62603,9889.0625178307943,1
62634,-17181.201693579454,1
62731,-23606.57028729196379,1
62734,38789.3833242199978,1
62814,8858.515898022406,1
62914,9954.9373820561555,1
62930,12382.7359750679215,1
62968,40928.5647336950984,1
63068,-2163.3480484275254,1
63119,34455.481690123438,1
63136,28017.139026845071,1
63141,-77130.512631307228,1
63142,29394.0852269094034,1
63143,-50280.9984299613762,1
63144,-2285.653716168988,1
63145,58475.820391579701,1
63147,4864.878956482434,1
63155,69531.527450873652,1
63164,-20931.4084413830195,1
63180,-20714.865039190952,1
63181,36601.477517366345,1
63194,6803.402800922924,1
63196,-4193.681206264534,1
63200,-6321.3250770809833,1
63203,-13811.3912616813562,1
63204,24741.83280597864,1
63207,-25726.1148818365825,1
63613,-68337.35148463972,1
63619,12727.595625407572,1
63649,-47597.479634642167,1
63650,-104566.7466315414522,1
63655,-46008.6077701216033,1
63661,-13208.2322940818403,1
63663,35948.456669617705,1
63675,-11047.104142268279,1
63678,7606.5592700959985,1
63685,-28203.983436187284404,1
63688,-36108.2996526030365,1
63696,-5322.6952394631456,1
63707,-34573.493133438078,1
63722,46313.257328125605,1
63732,26816.125484361353,1
63743,-105211.814756329535,1
63779,39989.290814410534,1
63800,34288.5762761832713,1
63802,-32911.101217634206,1
63826,17887.841242078551,1
63915,85123.63869123539,1
63919,-66578.721967115653,1
63931,-2765.397339498362,1
63956,8584.419017303702,1
63961,3136.7544463859425,1
63962,31876.6668799654677,1
63963,8247.0649647316985,1
63964,21750.509751499064,1
63965,46977.888153197211,1
63968,98814.15565474200,1
63971,-29004.233674200797,1
63982,24800.2773822128637,1
63988,8614.5883274713122,1
63990,11823.937949431568,1
63991,5567.1380490906095,1
63995,3369.6707498330168,1
64003,-19799.469812973127,1
64010,-3296.1877902301474,1
64012,27246.464574593247,1
64024,17887.7815826674785,1
64048,-136887.56784915789,1
64058,-30550.171433664432,1
64065,-4188.641797923557,1
64074,11208.7749979262355,1
64084,-9693.6804841028653,1
64099,-2602.839702000466,1
64100,-14016.265971736820,1
64105,-12005.508624119913,1
64106,-80145.2210354187556,1
64111,72311.054453628654,1
64118,25952.082844743563,1
64119,33129.863517122701,1
64122,-361.754489980567,1
64127,12734.510300030913,1
64128,41047.070830852031,1
64130,-9871.208773536818,1
64132,3871.6842030092218,1
64133,-5471.6511371182935,1
64135,22897.127397831817,1
64150,9844.2538467416486,1
64158,5100.321225706853,1
64162,38538.4363116006071,1
64166,88249.542418348346,1
64169,17439.1356922653995,1
64173,-10934.134972312794,1
64176,-39875.091041701294,1
64185,-21561.6400781860457,1
64195,-13579.402401687938,1
64197,-39182.40732854482,1
64200,-6181.3214416276524,1
64203,-50688.014578711004,1
64205,-1138.539751624274,1
64206,811.609776895800,1
64208,8956.543270779182,1
64214,1082.593140841891,1
64222,46823.557200290383,1
64223,8778.8531863153145,1
64237,19463.128588136691,1
64239,145187.338654639054,1
64242,-30960.084262066782,1
64253,42289.6000314203335,1
64262,-21398.0889935726047,1
64265,-25376.777485908013,1
64269,4635.7467650883537,1
64271,41527.52400519792,1
64280,23362.6755288007492,1
64286,-12088.774673134321,1
64305,-143145.838095489956,1
64306,22477.6075915482345,1
64308,16922.5590210513883,1
64309,17771.8980743969814,1
64322,62774.671086793012,1
64327,880.2229883990349,1
64397,-13551.701326136032,1
64421,8858.5809512621783,1
64453,35546.7328940528404,1
64462,-142163.09000171341,1
64488,-37010.788890688392,1
64542,37377.5195908683136,1
64546,8539.27152624237614,1
64561,-55873.588594107608,1
64615,-4088.1193502495110,1
64644,4199.3318615988313,1
64660,-5098.267796808490,1
64738,45623.724593719860,1
64758,77376.672173227867,1
64766,26144.461741632998,1
64779,8213.2829136067067,1
64810,-83162.089608867555,1
64814,134216.485457166544,1
64823,6375.3021866447473,1
64826,17631.830717253747,1
64839,39158.2678852213175,1
64877,-46865.964915164362,1
64894,21791.5322123111905,1
64895,36933.191946337268,1
64907,65991.8717263452108,1
64962,36516.71763329470,1
64972,16073.296126843940,1
65012,-14090.558954931950,1
65033,1762.3969608424342,1
65037,-10045.4869723643525,1
65038,-78364.576962284525,1
65039,-23362.212573710474,1
65042,-12908.699539528975,1
65043,-13355.46678222933684,1
65044,49732.95713811423,1
65046,4744.6060968718766,1
65048,40942.3657261356778,1
65049,-3303.6846173539113,1
65050,9479.182866278810,1
65051,9909.734829200146,1
65053,-63246.647859442119,1
65056,-1568.892975285151,1
65057,3541.372325001453,1
65062,-21031.907680750538,1
65067,18353.320387200651,1
65068,-26899.9842494390796,1
65071,19510.943481583971,1
65073,-15211.844992297865,1
65079,748.203489486636,1
65087,-9963.151145045711,1
65088,11633.3459058235994,1
65089,-85835.057933102809,1
65093,-5844.70211539522,1
65095,31408.746331879443,1
65100,-15563.15674973106,1
65103,36386.46244520453,1
65123,-34528.375624795776,1
65128,26554.3920036702837,1
65129,-11702.351043591329,1
65130,-16104.9102055013252,1
65141,-7643.7434885418785,1
65152,51956.8441637539522,1
65170,-17220.295188753913,1
65171,-10921.638533352267,1
65197,36931.305468738063,1
65270,-127180.66171155215,1
65300,49858.9750765752724,1
65305,-17392.6276444663646,1
65333,-8969.451021482607,1
65359,13211.684410880175,1
65418,25446.173522899295,1
65597,-30276.1887002136724,1
65613,33847.004570892802,1
65726,31836.115723092841,1
65765,874.5131007969181,1
65802,4736.9472626913480,1
65849,30970.232808996432,1
65896,-68709.1388634870709,1
65923,-30177.024621007073,1
65943,23628.1575978600539,1
66050,21479.773141383210,1
66063,25799.22226692496617,1
66080,8251.6994621658568,1
66086,-17485.7528420666956,1
66088,2809.6188236152542,1
66151,28738.258535038872,1
66158,35589.873952642858,1
66265,-70639.815046662296,1
66281,7945.653315676329,1
66353,9614.7772941026304,1
66443,52869.963814184602,1
66550,33246.299950274921,1
66623,-8293.7205132570693,1
66658,-50455.804274664564,1
66664,-34712.18262687558561,1
66667,492.590292712094,1
66678,15390.198943644920,1
66714,15369.907472718307,1
66726,6301.55912856433807,1
66761,8634.240848956242,1
66771,-18235.9005454841995,1
66806,-5225.315587963537,1
66821,-9713.69088620732516,1
66837,13136.867938042644,1
66846,-4460.9537595685800,1
66980,-22319.706098528153,1
66982,38702.6873927140372,1
66988,13562.3533485860375,1
67009,4649.0661295281375,1
67024,-48255.736225472361,1
67055,-19838.4151414309527,1
67060,5916.8255812349584,1
67070,-61414.304474219622,1
67091,-51471.459996063573,1
67102,59347.9976818501854,1
67118,32179.313942448541,1
67129,-23540.569993769403,1
67131,-77773.538863257129,1
67140,20473.5793269192472,1
67141,-551.8465548774945,1
67144,15492.6514001993973,1
67147,7114.769108762991,1
67153,34365.9946832178207,1
67155,-19747.8613044959344,1
67157,36147.8463957631253,1
67164,17792.385760509783,1
67166,8966.8659309118498,1
67171,35139.5495407322181,1
67176,11872.523562211922,1
67186,-7578.9611016541898,1
67191,31590.35354108933,1
67193,21513.869111217503,1
67194,14291.0261247744786,1
67195,-25915.31468375429,1
67206,14165.314983804886,1
67215,-2183.13121733659937,1
67223,55995.547825731991,1
67228,-6051.5639065273249,1
67235,-24611.115709080266,1
67241,7770.4973641181243,1
67254,9415.8034681400782,1
67306,29625.386492038391,1
67370,50437.2547898276015,1
67396,16565.372728156222,1
67415,-2995.805018121640,1
67443,-34996.104668777109,1
67470,19894.530871508674,1
67477,48111.812815729769,1
67489,52076.113938328933,1
67501,30928.698747286884,1
67527,17153.064294521227,1
67534,-33521.453411563549,1
67563,29334.457381300147,1
67574,1071.104884277796,1
67624,1590.894295798862,1
67640,34566.738793211989,1
67681,17928.2770249353652,1
67744,30743.309625801995,1
67756,-34613.2616004436263,1
67773,11676.816412691781,1
67815,39894.733875613036,1
67855,-2023.299753772808,1
67890,31949.537533366118,1
67975,-12281.397395103222,1
67980,-28.0221929284330,1
67981,11136.9302317512285,1
67986,26050.5178444533176,1
68009,-33121.364654777731,1
68011,-3676.5277835421708,1
68019,-23650.4525715615203,1
68027,27003.526517926625,1
68049,2839.5030792151602,1
68055,-5195.0893111694859,1
68056,-27555.9017074411103,1
68067,-26914.310099205184,1
68148,6319.699489546977,1
68204,178.1008560415275,1
68208,5563.190757105335,1
68212,-4963.784079468853,1
68214,64228.7690624560293,1
68220,13961.867117657149,1
68229,765.714370351709,1
68230,-82443.867089540026,1
68246,-6639.560592893453,1
68262,-81724.35960045817,1
68404,201909.889835757587,1
68447,-8950.7637651946424,1
68461,21460.2742298817136,1
68473,-38370.706836931063,1
68475,25456.2312896787399,1
68509,-560.318204615305,1
68513,2791.727017494011,1
68519,13721.8425871884484,1
68522,10484.8157712332867,1
68526,15893.027322083768,1
68567,12007.4935531135956,1
68578,-26938.820519829164,1
68606,8614.1217670544396,1
68629,6190.08498716068893,1
68644,16062.704022892667,1
68650,34813.54476122947,1
68669,-55946.7015746575283,1
68768,15522.9105239104021,1
68826,36190.872886598581,1
68904,-9763.8579776800382,1
68958,-2970.6438431542334,1
68990,16204.8573812918385,1
69030,105292.566977843782,1
69073,26946.889831850433,1
69189,-14458.7499580713046,1
69204,-4254.7684795329755,1
69333,-46962.341579387259,1
69444,85304.74536159533,1
69527,-1666.952929561632,1
69543,-3813.2782609660760,1
69564,-19397.457723013016,1
69570,-8880.396291105855,1
69583,16256.241334944297,1
69598,-11097.9304181488745,1
69660,-16800.588310801680,1
69661,37827.117419633296,1
69663,14453.1829454256429,1
69664,9338.498158160003,1
69665,-24708.170825524899811,1
69670,9128.983134445208,1
69671,-4682.2065321795929,1
69672,-2265.413884415300,1
69676,-3601.9920687293948,1
69680,-4744.395874837193,1
69686,29889.413808807586,1
69689,33994.9106523494838,1
69690,-5480.8762533270483,1
69692,22066.3962097169285,1
69695,17753.8661848073714,1
69698,10275.4069189704125,1
69708,11194.95133784514,1
69710,-9415.668393988046,1
69711,-12665.647109060294,1
69718,15632.025587804506,1
69724,19237.107815430997,1
69732,22557.290281439061,1
69735,-10235.1007211647215,1
69738,-29531.2137462873725,1
69740,19453.063247381677,1
69744,49306.87057625266,1
69750,62971.976724150065,1
69755,17841.228499791882,1
69763,-8564.0789170620286,1
69769,3589.466855638491,1
69772,14041.108892012622,1
69859,48314.568827229262,1
69869,53296.542509249442,1
69882,15836.3773631205376,1
69887,-7311.0051295057446,1
69897,-8125.4251906736514,1
69901,-49927.5370545620797,1
69904,44676.297475822134,1
69907,3051.831278858694,1
69957,-1094.2382885940973,1
69980,-105618.82666338890,1
69990,51010.925342933012,1
69999,-59028.625199844683,1
70064,8159.7136729550983,1
70074,38878.234103066590,1
70087,21176.2606389887916,1
70120,106.729969731067,1
70122,10550.2175831305674,1
70159,3361.113886629032,1
70252,-26817.6647189121461,1
70269,20891.7597632517615,1
70270,4769.940848151211,1
70273,167956.4814958673753,1
70285,-53106.618747623503,1
70294,-3922.74258571962316,1
70304,2108.872423966970,1
70307,6306.966856061729,1
70312,-573.2631325809616,1
70317,13261.8332650102818,1
70338,20311.9932935249753,1
70356,1601.3619951877095,1
70369,21650.43677274525156,1
70451,-11666.796299892458,1
70459,-97879.035288854754,1
70469,-88.348099686225,1
70485,-18238.194971376874,1
70569,12883.6336905972675,1
70617,20519.3207676852107,1
70699,-10932.873731451897,1
70848,12200.8288145971265,1
70925,22582.8239540105338,1
70960,-22762.280631246719,1
71049,18612.0349928415435,1
71055,27403.982457316212,1
71287,-20051.424309720980,1
71288,30385.416934580098,1
71290,-79345.76053788361,1
71301,31001.9788665136242,1
71316,-58889.448319510943,1
71322,5195.829650975440,1
71332,-2177.863279194306,1
71386,11340.851110580952,1
71388,-8702.599203987463,1
71412,18865.917310125315,1
71454,-53584.610606414502,1
71461,9486.449657512929,1
71484,7105.7087878391347,1
71490,-26239.099002138271,1
71492,27056.191243045870,1
71508,56184.622419177198,1
71532,-4768.800533721289,1
71540,10297.08153876935565,1
71590,21957.993899674830,1
71596,14072.3334639206305,1
71617,16442.2947051987053,1
71618,298706.5247849769437,1
71623,40789.1524477611757,1
71659,12775.97584327931,1
71672,-13390.8219773891431,1
71685,9726.043877366661,1
71693,8533.803953014223,1
71700,-2954.9937871119616,1
71734,-4254.4673823249988,1
71735,19684.105955776572,1
71775,50311.5078007519975,1
71789,-57348.7533032795633,1
71822,-94913.0160162341539,1
71833,-12536.1000661009925,1
71836,3525.630092320276,1
71932,23963.827916631039,1
71939,20022.598695419013,1
71981,15862.1761789629795,1
71986,-66468.342482522037,1
72001,3028.8137772113368,1
72004,-83950.415836021981,1
72168,5140.7914372892033,1
72195,-44131.791193459034,1
72234,-80297.965559017259,1
72316,-27001.095766584925,1
72380,-8910.2080961033087,1
72412,-1815.354355166055,1
72457,-22236.696018281731,1
72548,3192.3268795622684,1
72558,-18717.325023313215,1
72573,6896.786196515277,1
72600,13019.149874487493,1
72629,14432.698482623874,1
72671,-16861.906211861938,1
72846,-25929.3199458981425,1
72872,19617.1514478197065,1
72874,-10921.1842361001643,1
72877,5217.65037800622433,1
72878,45351.602139823335,1
72881,27115.3933613408448,1
72882,11762.005187430107,1
72883,-26947.479230024122,1
72884,-53682.123222843244,1
72885,22432.485642197536,1
72886,-3182.1829061434139,1
72888,28090.3027797403983,1
72890,-55249.929082193189,1
72891,13070.653311667597,1
72893,-1892.750968864432,1
72900,11085.5844253709015,1
72902,7351.587193501009,1
72903,-11009.0945439551085,1
72908,23592.284265801387,1
72910,-8002.716371602835,1
72915,-9896.152269826096,1
72918,70448.292048591289,1
72919,27779.058747211346,1
72920,-33864.995837833412,1
72922,-4592.1146453730595,1
72928,-34510.2683337114775,1
72937,-751.4339591973465,1
72940,-63730.077387178378,1
72943,10165.5732534875543,1
72951,-11357.81898292321,1
72952,24835.476381279339,1
72973,36087.834971182542,1
72976,36886.3132720860224,1
72977,7555.12593808003153,1
72979,17280.857335509423,1
72981,15691.386920334063,1
72983,1061181.293019441923,1
72988,34742.837115963523,1
72990,-84477.440848526356,1
73061,-63065.480999967352,1
73113,19209.404691253109,1
73264,202.4985270184484,1
74139,14382.88947247063675,1
74209,-13791.9963379033051,1
74213,-21932.070299595850,1
74240,-27630.9465437086818,1
74302,13476.0973151520302,1
74442,30353.425805040118,1
74538,-53206.909300095854,1
74604,39962.398373866135,1
74660,7480.007342076976,1
136431,45485.75724077549116,1
136643,7836.870270796711,1
136743,22543.473589321333,1
136748,289.880074190762,1
137115,-60385.5670796387125,1
137341,-30694.137748368968,1
137411,21258.362225655069,1
137887,26320.562950565961,1
138373,57178.720229838846,1
138494,18452.0171126791907,1
139032,43704.263132503167,1
139836,9098.132722762864,1
139857,15775.992387347562,1
140095,30226.453447041974,1
140169,-20285.0472318571073,1
140201,-14848.306336152657,1
140224,-33672.479975151898,1
147424,17626.869342535921,1
147427,15721.01129349469576,1
147429,10014.3880345873971,1
147746,-27363.9533840335316,1
147750,-49421.55540785519223,1
147786,35923.218385332452,1
147787,-30024.858823763812,1
148533,-32148.0975974309618,1
148710,-96706.1068956212793,1
149055,5430.492733851374,1
149659,32251.7495726371587,1
149690,6758.5449973430081,1
149752,13749.7181323686678,1
149782,74612.158869024298,1
150187,7137.700318301079,1
150254,21664.123584485731,1
151431,42657.2610893203145,1
151798,586.86365815755064,1
151923,5215.218826518174,1
152751,-5317.150481841287,1
153004,-15083.1854612745925,1
153451,35239.696593326217,1
153452,-105947.9620594107029,1
153495,25601.2548146814451,1
169130,11602.875865342828,1
169204,33334.455982471224,1
170478,6973.2533720870675,1
170967,-21398.535434413315,1
174045,9993.8349800753067,1
182723,-23456.747436032241,1
196789,4457.0440874685886,1
209869,-111206.948690205937,1
213845,-12796.566657426874,1
213945,-1781.6180174154437,1
214872,7291.40862480691,1
215062,37932.566089456888,1
215556,19508.19821904686777,1
216044,-47167.999672149901,1
216197,-53260.4104435151615,1
216209,30021.354402330629,1
216562,52600.625229776238,1
217232,6282.5528466080476,1
217737,-5405.8678822013665,1
217855,20931.047678617022,1
218471,12081.769387027419,1
228976,7255.0066537834495,1
228982,-14281.507874959507,1
229000,-136042.86438728934,1
229001,2856.044991518965,1
229496,20967.8681726418816,1
230039,-9579.963361889451,1
230040,3420.479691025787,1
230074,17874.724816577518,1
230093,-26475.4167770579983,1
230189,31884.069569099503,1
230233,31917.2710670345585,1
230289,-3633.6092181832612,1
230574,-51854.3820681932472,1
230821,15278.5126566342497,1
230971,44398.000778937072,1
231025,-32693.322319455657,1
231323,102902.330597967822,1
231337,-88761.599397269136,1
232337,26809.7228560673597,1
234475,5620.7484926983837,1
234659,-13163.89931882472626,1
234679,31362.859217446568,1
234767,-20508.4251727900933,1
235005,20302.347155336186,1
235089,-23843.3848890372865,1
241195,-61992.230393131026,1
241473,-12241.337120888106,1
241600,26793.2352708106536,1
242608,29395.522507277343,1
242627,-112506.144480043248,1
242655,2610.159728589125,1
242870,-98941.670335441305,1
243193,12031.4897388503787,1
243265,-34394.5702576144144,1
243505,13313.726126960297,1
243526,35013.517543479087,1
243544,30522.0452112155266,1
244033,3711.8228084108226,1
244403,-21583.699580722058,1
244407,-120399.358313110401,1
247036,4758.814655859533,1
248046,-35497.2102853874217,1
248049,20570.361746414518,1
248823,25897.163481957743,1
249020,5823.8143235107411,1
249420,-10865.7167070631565,1
249641,-5476.8801731095418,1
249919,101641.351420217353,1
250122,-23215.545970054857,1
250329,-18108.978295374092,1
250625,69947.6174348304055,1
250664,-9960.344240922006,1
250829,-55324.223633037604,1
251185,23310.2742469892163,1
251186,13226.316262694237735,1
251534,16323.743470027199,1
252173,10357.3839750384825,1
254268,-561.708728674711,1
254453,-106328.477460060268,1
255406,-5110.3337544915762,1
255914,-17441.1036611325995,1
255979,-6479.970238027059,1
257167,-39267.941313354504,1
257955,-20949.475196909798,1
257991,-1421.776471093679,1
258464,2903.4008302266268,1
258717,5648.0056516683764,1
258877,-24577.649100199715,1
259401,41683.9157297159427,1
259430,-14217.124623226618,1
259497,-32921.425181307963,1
259581,-129701.809833212682,1
259632,-51496.177397134754,1
259851,28127.294171076522,1
259974,-2560.6713711771296,1
260110,29982.054919997568,1
260365,18869.6017913595456,1
260398,34903.2568753568304,1
260534,26037.5731840617793,1
260635,4174.0648043707402,1
260654,-25313.284797167394,1
260801,20967.2508604694519,1
261113,4619.81121920174674,1
261151,-15833.1629480690142,1
261267,34013.237426308058,1
261387,-25838.316361656329,1
261481,10919.15602121383796,1
261708,14946.7065336930355,1
262026,21126.797831381138,1
262331,-42132.6636580811715,1
262346,35465.075287445177,1
262368,54817.436806569509,1
262597,11642.032472353247,1
262649,-17330.977506648503,1
262670,-20239.530146175424,1
262945,61021.638353547451,1
263154,-34391.227009709127,1
263157,-69838.624081856296,1
263280,18833.065402449833,1
263844,-10433.9103905692806,1
263875,-232799.45107964155,1
263886,-20369.313240164584,1
264126,-32318.094568320657,1
264211,-17004.8835951740744,1
264410,-2127.695454354336,1
264639,6391.1913188302370,1
264656,-9417.390926279670,1
264705,35284.119629713372,1
265027,-74590.69006470562967,1
265079,-14636.7267616665657,1
265148,12129.305994227334,1
265337,-9728.0471126123545,1
265414,31100.584910172795,1
265458,15980.1235034248285,1
265592,-4901.2971308986475,1
265899,27141.1786139767548,1
266302,-61217.206477907425,1
266330,-19783.503458320264,1
266394,64.522928439003,1
266459,-18970.674242741755,1
266490,-21398.7835251250497,1
266563,5488.8671315994082,1
266655,30153.475844862087,1
266666,13803.8164244165734,1
266769,-155945.07170551246,1
266770,-154600.501254930014,1
266919,26342.3810284939127,1
267035,22134.5965429985332,1
267316,17998.142066047184,1
267386,-15817.901776943188,1
267403,31008.383564659603,1
267416,-13908.3889423852956,1
267521,-5663.6089593555615,1
267619,22540.999063894693,1
267837,-12803.3694834727045,1
267906,-9687.8765915507322,1
268002,73038.68182616188,1
268003,841.523740220823,1
268066,-29919.3953225409887,1
268068,-2166.496373347902,1
268082,-61443.202291905126,1
268120,2548.902574450769,1
268153,14122.342409947718,1
268179,14138.492172337579,1
268479,13721.319046720896,1
268592,-27522.947737645448,1
268606,-41661.959902977294,1
268629,61348.600470362043,1
268677,-49013.478163655426,1
268681,9074.9353036467975,1
268900,9274.1170781504797,1
268936,14379.031331420547,1
269012,16686.069424945169,1
269017,30620.129593694617,1
269020,42180.8968184182975,1
269023,21267.342682258847,1
269086,44062.540071283505,1
269201,-10881.6537000936627,1
269353,-83958.995056331503,1
269355,42803.672184826536,1
269356,-42490.1893798357615,1
269379,-64205.4399071368286,1
269420,-20706.075747053315,1
269481,-62532.52485584891,1
269508,-89629.19094453325,1
269541,-108537.802131935378,1
269638,-25166.119257836174,1
269685,-20700.4306234229845,1
269706,-20623.167280487374,1
269904,-47956.752493179378,1
269980,50493.934362671343,1
270034,-46240.640692858399,1
270061,33459.12715522534633,1
270062,-23706.1715095474438,1
270171,-42439.814857680402,1
270662,-22141.4493510840736,1
270767,49081.232305946947,1
270878,71077.449307810615,1
271295,20586.12085662333157,1
272269,1685.29291179935008,1
272789,-28134.961996175986,1
273566,22959.71581045886563,1
273772,8781.168435019251,1
273831,-3892.4352836609986,1
273879,12061.931696936430,1
273892,-45308.8257479928015,1
274008,5766.937954049928,1
274033,-573.962417743415,1
274120,45804.5832864678223,1
274211,20944.031681953146,1
274681,-57421.42012463985,1
274736,32236.91288658831,1
274778,-492.777810884789,1
274779,11011.0956193215382,1
274808,11371.4834701224605,1
274898,3519.336656994922,1
274924,28854.351423203421,1
274996,24584.2976767637797,1
275041,-361006.76116859902,1
275185,21128.399318136622,1
275224,7946.7838951704184,1
275245,-5413.3889308900337,1
275280,-10358.328800312025,1
275281,-11842.426254865332,1
275485,-47517.761159792324,1
275595,41321.77334741643577,1
275908,13529.0320152693448,1
276039,-17850.079303603152,1
276083,-9781.1280059991524,1
276215,42086.7194908590373,1
276380,3657.553438006826,1
276566,-2199.036210629164,1
276567,7322.991233473367,1
276573,1502.982059363589,1
276609,9436.5450559532375,1
276709,-16850.570560304656,1
276766,-22582.989648293209,1
276767,-57316.907610202693,1
277212,-16221.26966279975576,1
277225,-32513.0441103740706,1
277226,-10869.931691646524,1
277331,-25648.704841239082,1
277335,-54775.755634398811,1
277423,34084.255336559138,1
277431,-516.076235241726,1
277585,25894.888941232072,1
278145,-173448.461270594048,1
278176,11802.77537497802683,1
278225,985.2125653973707,1
278243,-4125.375393198939,1
278295,16133.90920278124284,1
278431,-5153.136696709908,1
278567,29787.556940750625,1
278571,26676.954756835315,1
278788,13177.891387441384,1
279021,78332.592822938434,1
279022,-5954.655209834859,1
279107,-11088.139183787200,1
279126,34047.6870650460005,1
279180,-20789.253507624258,1
279182,-21598.606377852492,1
279267,35060.1563886650963,1
279836,8795.8039412014172,1
279859,30632.642650220984,1
279862,44776.09589572770826,1
279902,-4941.5609498829372,1
280197,-122914.827393636265,1
280248,-21266.1829845300797,1
280249,-8330.9290289759155,1
280257,29398.772314236788,1
280550,27143.456041335411,1
280623,22887.9702616787772,1
280665,28004.4407557256437,1
280684,5042.92884634284833,1
280696,-27453.1136639194625,1
280752,-4132.9038680371519,1
281262,14107.134801210998,1
281545,-42609.867877847734,1
281669,-49169.563690674526,1
281809,151825.29058889322,1
281861,-5462.9304917429893,1
282039,36122.253001314779,1
282040,38662.0738628516846,1
282041,11202.9553778360273,1
282101,-19289.3577738527753,1
282300,-1550.1145730918127,1
282343,-53817.897749240650,1
282449,36242.1377817396502,1
282602,-53772.534031925859324,1
282606,15059.7510805190827,1
282629,17266.1104937254686,1
282712,-89189.248006942954,1
283365,32394.314789604882,1
283427,-46016.275821789316,1
283583,-21509.1280792792256,1
283589,-2642.2460430901218,1
283661,-40674.757719131696,1
283713,36277.750215336481,1
283851,30651.624502841299,1
283856,10901.077231825741,1
283857,-8381.4929091070805,1
283887,11106.943139840421,1
283890,-31214.875927082028,1
284029,-137758.76896899661,1
284106,6703.7221372528947,1
284109,-11740.711002742901,1
284411,30686.985518132747,1
284500,-17329.310316239365,1
284524,53150.627997793340,1
284546,43163.182116616950,1
284584,-38406.469635915951,1
284799,-10209.684466695438,1
284815,-13321.766458939865,1
284902,-24271.780942595577,1
285293,-16935.3249773468553,1
285308,584.360908313220,1
285325,350.1929052595356,1
285376,16885.724806906136,1
285509,4778.2774054595906,1
285534,-43269.417144360691,1
285536,9053.7827532627441,1
285557,-67575.892791188822,1
285614,13257.9788076481392,1
285632,18937.8424477255218,1
285790,28882.910823104892,1
285828,-9943.538384426176,1
285982,5057.0926987934657,1
286133,-3874.47690654494075,1
286253,-41955.528623017783,1
286315,-31748.194779566994,1
286451,50501.0214706277754,1
286452,19404.354064479083,1
286465,4154.404022749909,1
286883,-14430.4707519299526,1
287143,-1653.7219701188897,1
288606,-42594.0698281403149,1
289030,11632.5232736385628,1
289138,14178.355645185012,1
289247,43589.21751996783,1
289530,55198.90096729654,1
289745,-9792.891469296269,1
289873,-9594.6772765270942,1
289972,-10546.4625127293434,1
290022,-103130.9465741764065,1
290278,18058.0218534463218,1
290557,-42137.1395310156755,1
290589,-85374.799365447965,1
290899,47996.6286155318054,1
291621,-23711.820218599569,1
291757,-60843.075132599059,1
291872,15176.78777525249,1
292017,68884.591228613439,1
292018,-36471.04074122634,1
292097,75092.32428941826,1
292443,-44751.5306065381685,1
292620,-90974.929775479709,1
292621,17979.6005302413974,1
292693,36557.1891995597035,1
292713,24095.3946587389025,1
292741,19984.8515670606015,1
292862,31589.768009571038,1
292885,-13459.667414618358,1
292895,22336.774631710936,1
292971,-40336.630133885042,1
293141,24491.0346097066098615,1
293142,20042.912044945813,1
293228,-45885.757200985202,1
293261,1834.0300761818824,1
293384,49421.98076155262,1
293433,675.1885123242625,1
293436,-19240.66481961296,1
293452,-11930.7805748709147,1
293499,-147499.8213955540307,1
293733,70706.2680114937065,1
293756,41378.5023830466951,1
294014,-3894.915904351824,1
294227,4067.90463281930467,1
294251,15711.000093945929,1
294252,-34745.250471610892,1
294908,154266.75749477791,1
295151,18032.7457089346588,1
295239,30290.701678887378,1
295240,11296.2455613239876,1
295272,-24986.139745395811,1
295277,-40254.0425545226113,1
295748,3635.631925592040,1
295761,1355.723083928223,1
296076,-25482.269433002101,1
296242,32167.212463626281,1
296497,-50482.916191465672,1
296509,30265.7186688679202,1
296542,42748.306612635420,1
296581,26002.520203392230,1
296684,42667.050539778811,1
296823,21499.993139749491,1
296918,-12996.490065553893,1
296935,-28243.076316978440,1
296936,12860.670239578076,1
296977,3725.9577169585387,1
297018,8479.891178657704,1
297021,15269.966680577053,1
297220,-2851.93644964275378,1
297221,7819.34754587266916,1
297324,-63149.31819341984,1
297580,5527.225276838552,1
297582,12647.8764270041306,1
297733,21936.246797923983,1
298339,-89298.25136313562,1
298509,-940.00710139343114,1
298592,-22758.221283552498,1
298778,-13929.822295746994,1
299592,2545.650793677106,1
299724,24647.209070160375,1
300198,-7225.250891171314,1
300199,-84938.2159832796115,1
300200,30859.5846347545427,1
300460,116360.350571671102,1
300477,59737.4651042034593,1
300674,23761.3984051237255,1
300827,-6475.031915573278,1
300938,36024.688750569506,1
301143,17549.59392672987012,1
301222,-77343.357113094815,1
301251,28516.3699907233207,1
301383,16749.965533211519,1
301416,-33940.127357426745,1
301600,31179.038722678977,1
301813,29012.416301013804,1
301816,-9330.735888178904,1
301890,-19982.0639708731925,1
301999,-8866.2082384467687,1
302018,-55736.508528922454,1
302549,-11716.6999106944286,1
302550,13776.862012561322,1
302961,-5727.4549028098285,1
303340,11455.7203131284944,1
303526,-233108.64581016930,1
303838,-13356.7199868607416,1
303840,23637.108248478104,1
303930,29989.5804709976596,1
303958,31515.143229613663,1
304230,11983.039337818656,1
304236,3821.3798674407171,1
304724,12923.6196719713822,1
304768,-66295.855307931676,1
304839,-14962.503343546634,1
304874,36637.0389192219093,1
304963,300483.1222976217953786,1
305109,82611.631149087394,1
305229,28054.986019230285,1
305265,193560.454913696832,1
305272,-16416.751648569570,1
305321,-5768.996287843988,1
305737,41585.067866134226,1
305959,17247.074909704046,1
305960,-5743.9424482038638,1
305965,53993.873347396479,1
306021,-29556.903475671241,1
306055,-53551.565608838262,1
306200,-35633.0580603749215,1
306206,-5827.530498751452,1
306417,12373.3189664496398,1
306450,84031.96911403408,1
306507,21295.562249328819,1
306508,-11913.404454167919,1
306510,19799.081556980349,1
307092,47728.1215628152278,1
307093,41777.565820677702,1
307095,-15727.614690584232,1
307096,38014.559643685699,1
307225,31037.68036603789,1
307264,24079.2383087811185,1
307266,-7354.430443852364,1
307273,32312.2255224015654,1
307386,-21202.592234014352757,1
307733,-42974.3012660406312,1
307735,64243.441872994115,1
307782,26034.2839492883798,1
307784,-98426.103185137448,1
307899,41485.698683184602,1
307923,55473.496946224066,1
307925,-22669.288930753795,1
307931,53053.784075423966,1
307978,1991.26035766138,1
308012,12761.498319773082,1
308040,-73487.29038175796,1
308055,25087.6341309391625,1
308068,20481.867736122766,1
308617,20198.021887726134,1
308686,20739.6499994644076,1
308747,-8920.197970297673,1
308822,29592.23023979769983,1
308945,-29461.0184968736362,1
309036,-22509.785206376447,1
309061,8552.887003101475,1
309066,61497.312598257029,1
309093,49379.009630333855,1
309183,165320.10282510900,1
312270,18619.638233437288,1
312434,-40797.9895002541117,1
312437,-5586.7617049950993,1
312438,37693.6594457783076,1
312486,41464.625457783209,1
312511,10865.5496337865902,1
312514,-7689.4216243870925,1
312525,2918.8825485834904,1
312538,56356.835024103716,1
313647,-226143.957923702738,1
313919,-9410.067520658619,1
314005,12103.6293754016281,1
314059,7120.0449364277227327,1
315465,40369.6115977751564,1
315531,45861.192839379675,1
315715,26991.028995069790,1
315716,-28254.892681742500,1
315739,30449.644295970860,1
315894,-14009.115582656085,1
316011,-75212.021890786627,1
316146,24264.4159500150352,1
316171,-66336.833771919031,1
316243,54029.835280129538,1
316273,40942.1381696104328,1
316279,66288.9978000963536,1
316297,-1415.371067470931,1
316524,11468.126627897665,1
316636,104255.161409551196,1
316677,241763.25751619422,1
316708,7655.653240429314,1
316725,-14151.6123081343575,1
316880,-36161.4353820415347,1
316881,63538.2730643257911,1
316988,-4357.5365847482405,1
317025,-59173.75896584962,1
317296,-9320.953732972057,1
317354,3389.268886746475,1
317383,53243.519536887985,1
317431,7594.3589173250317,1
317546,-60110.668887060133,1
317576,-29436.639570404108,1
317619,-26252.552072262410,1
317624,-6730.286322652719,1
317738,13490.9612307159066,1
317756,-5346.7259815676315,1
317764,38047.6204673928769,1
317806,9307.043712307969,1
318283,27482.621524442224,1
318285,-39684.4978204509722,1
318322,-25584.975436137518,1
318490,55550.226841795689,1
318491,-5372.931165331989,1
318634,-20952.418355514434,1
318639,28620.0369062142884,1
318749,28429.6597850380786,1
319245,76065.077576200975,1
319263,-8488.083140018793,1
319272,61930.081722391673,1
319338,66185.4626038659082,1
319362,31566.8479876700231,1
319614,-767.222150886142,1
319809,29416.3716269137014,1
319883,-69954.9196689178325,1
319898,-15304.737584468710,1
320043,36873.25697756345436,1
320171,-31822.9054923277278,1
320203,-97306.05560512025,1
320204,21884.821950632135,1
320320,105868.864059858438,1
320357,18897.7202544046145,1
320816,5916.6260071511134,1
321294,17591.3204204720605,1
321378,-29521.841775246056,1
321600,-11417.121626414456,1
321601,154165.37999988939,1
321623,-131902.847207815711,1
321925,20061.117935564104,1
321953,-37889.837056162265,1
322747,33039.7275342428337,1
322748,40136.081004377587,1
322908,-45072.303876418739,1
322910,-21948.7146436732653,1
323127,-8586.988346553986,1
323456,-3631.749198874819,1
324138,-5196.6941730099543,1
324434,-22250.485189852714,1
324435,-28958.807753833364,1
324609,96202.619720509526,1
324772,-76115.830259144249,1
324941,-52659.390076171949,1
325214,29399.6039445008005,1
325251,5095.798140575005,1
325566,42446.0197524983148,1
326321,140947.142598556481,1
326322,-39274.112076947826,1
326420,12833.967320724469,1
326472,-23188.718548043927,1
326480,-73374.08336856562,1
326618,-11783.2327913975227,1
326752,118294.252851529818,1
326845,146136.547570717779,1
326909,-70392.16355861277,1
326923,-30172.201284953669,1
327035,-8849.5661602845007,1
327038,-110406.280760152529,1
327193,-7823.9411169091571,1
327455,50519.631446583872,1
327498,32705.499449830174,1
327499,35722.851419789088,1
327574,50009.357564997791,1
327814,45099.865907252652,1
327959,-1421.105247322508156,1
327960,428.959030688616,1
327968,-104373.2998755197167,1
328318,92003.2532639644293,1
328520,-89130.960428815209,1
328899,-88866.8030434816935,1
328948,11251.593331079039,1
328971,-4498.6650343914216,1
328989,116896.757777890502,1
329074,29278.458213793916,1
329088,-96981.81269258574,1
329184,-40788.954513783009,1
329236,143272.7808202583,1
329402,40620.374093413115,1
329700,-40090.201358601013,1
329703,-27739.383944899206,1
329706,-102703.7110906537378,1
329744,-317249.678959656656,1
329750,-62898.749509362385,1
329822,98560.6568080717905,1
329823,72161.619840823586,1
329825,55733.340181691413,1
329911,44027.618388760323,1
329944,57964.385402632175,1
329951,259808.608065660653,1
329954,-20159.80452833679114,1
329999,1008.411807763674,1
330011,21727.110762143190,1
330162,-65087.0289909037304,1
330201,-202949.639992047747,1
330202,135354.335601324067,1
330258,49422.3184213002723,1
330328,-5586.0455551413923,1
330341,-73961.7036825362982,1
330366,41695.92873222504,1
330367,94189.374698001156,1
330512,77967.166979648397,1
330705,56120.02010370283754,1
330706,20392.030770574815,1
330711,-49272.040693805211,1
330733,22992.206688359182,1
330736,-19153.982893669827,1
330737,-15438.529608652940,1
330814,135500.364698762742,1
331154,-12336.211040833247,1
331157,-124722.090887685455,1
331212,-70710.627572233075,1
331258,163561.397173250381,1
331316,-6825.28250677094044,1
331372,-23588.973822845975,1
331412,26369.96568068523,1
331479,168.95701496508,1
331525,-16290.317432348631,1
331834,-6653.9408899358104,1
331836,-48759.853594323269,1
331885,-11619.0336987173517,1
331887,-102315.500261649031,1
331888,32594.1209013039817,1
331889,115848.169789643295,1
331890,104348.245186336154,1
331926,126857.098400859457,1
331927,63235.350717629026,1
331979,70909.022566426449,1
331996,-35912.246257033386,1
332157,88105.1148737900604,1
332227,157150.098210866573,1
332335,102062.390332523945,1
332372,-30400.939160887418,1
332424,-21353.844747980144,1
332513,29471.63747998466425,1
332573,56151.542213065225,1
332579,44140.829310200781,1
332580,-41699.986412663506,1
332643,-104351.176320132193,1
332697,764.6126683322626,1
332702,-36767.464854158347,1
332707,227518.46858852726,1
332857,67998.787555792543,1
332999,29699.784424437507,1
333125,56226.4237661108,1
333614,36097.950551887982,1
333683,93612.592570886736,1
333943,109161.376083876346,1
334098,17531.670913505975,1
334153,-4473.1996058928495,1
334154,90067.549226966048,1
334163,139488.464171130238,1
334218,147524.675829563436,1
334219,-15946.964602947225,1
334503,-46857.306374039545,1
334534,121530.477122766936,1
334590,51737.722612176579,1
334750,57537.297441982619,1
334784,6798.482823297977,1
334815,65807.0975403448353,1
334872,112106.464292944259,1
335123,72631.238253278217,1
335199,-63722.847077065306,1
335266,51550.6658835829876,1
335377,-13055.40405498811,1
335446,553079.309641840384,1
336272,-67995.942728128926,1
336621,9515.3319383174052,1
336622,47605.370944107544,1
336684,-166081.748220876296,1
336737,1295.042306642655,1
336813,67527.7335022566923,1
337152,158522.0333597126442,1
337372,156572.01395593439,1
337375,-43631.739961536374,1
337512,-31003.7041298975005,1
337513,-10487.1696021828565,1
337515,-33989.639628868627,1
337517,43261.056013609108,1
337579,-52711.8660341067803,1
337733,8522.009924217966,1
337804,96456.770765863976,1
337830,42044.914255770833,1
337852,20046.084065210347,1
338306,-198334.73574599762,1
338318,-9800.8624106164758,1
338320,68855.935656533282,1
338363,-229590.76255414272,1
338364,-234601.3795109063023,1
338416,-31487.029001213613,1
338481,90819.704319766618,1
338649,-50481.781880146563,1
338651,-277829.60856144224,1
338653,-43484.855514013253,1
338708,-18791.767949890444,1
338812,96240.113434356848,1
338818,-11438.208116115797,1
338982,58665.14422850464725,1
338985,-14779.240459066623,1
339106,-88074.2778485694075,1
339463,119864.221280317893,1
339573,-58363.725900719336,1
339677,-34755.096201983622,1
339762,-204732.6582687188712,1
339767,278462.666195525412,1
339786,-92208.741315594351,1
339898,-302298.794044162028,1
340085,82913.365081595145,1
340097,-46784.383040736003,1
340199,-48685.668538608207,1
340432,61313.471274298677,1
340460,-33060.099007581867,1
340640,139168.21262421694,1
340644,29156.848245282293,1
340696,31471.623910384651,1
340698,-134374.316959416466,1
340699,131718.354542907464,1
340752,-575540.584931403595,1
340754,42114.131521653312,1
340757,-150250.4376896375621,1
341208,-144992.968736945585,1
341326,-22436.337979100107,1
341384,102253.55573504243,1
341387,26681.380966667427,1
341431,-22575.833859912165,1
341434,-148037.975411281256,1
341568,-328040.444827640706,1
341660,-234197.706893914364,1
341661,-36132.8163826144245,1
341662,-20410.3027707217231,1
341663,111105.832260059908,1
341664,-4044.5691426707407,1
341692,40317.813804515470,1
341740,237214.49434555455,1
341783,332566.246720194209,1
341999,45281.555998894535,1
342309,11143.1644467017392,1
342349,-50834.0089061848756,1
342359,-59987.797049956393,1
342467,62935.092455869756,1
342520,127146.8403365905055,1
342566,-23658.4195507367356,1
342573,12656.972324103131,1
342630,-133237.941880672254,1
342723,84456.7295899400529,1
342770,212349.420033951523,1
342772,-282665.5200260578825,1
342820,43544.7661946037201,1
342877,-168141.870761914054,1
342915,-245125.839897036196,1
342937,-74844.2279964343374,1
343833,-293570.638410452931,1
344199,-203204.898638890925,1
344245,5246.818976807758,1
344246,6658.935791530709,1
344247,45843.9804841337727,1
344249,-47127.08644736851,1
344320,-365209.653945168405,1
344507,8128.6093560842495,1
344512,79083.321213505476,1
344567,60660.106276196653,1
344713,-14367.616673033920,1
344770,-14938.2357839121215,1
344842,-101619.04640271060,1
344915,-144132.952059350673,1
344920,158882.096920675999,1
345187,-104363.3607622799433,1
345366,-144817.77236775247,1
345369,110491.911168273084,1
345615,71765.540794073923,1
345800,8161.0269447255534,1
345824,-5011.493414638037,1
345849,23522.157421382364,1
345850,260325.961845591226,1
345951,139126.670131255179,1
346113,56140.494348491248,1
346115,-43505.94506212289915,1
346158,-4319.861027751093,1
346373,-195635.517962356496,1
346408,-163636.90421208211,1
346421,-15548.989165042364,1
346493,819.9725637440002,1
347764,189928.6293836690037,1
347771,-24835.8523076364636,1
347773,51209.539030931965,1
347878,84168.007424137422,1
348774,203448.704623831945,1
348839,-390523.41624136029,1
349257,30153.4508678521095,1
349540,45924.932999839502,1
349778,89268.5134944436982,1
350129,-1681.134459332858,1
350311,111852.804942000094,1
350459,-158200.583675427744,1
350719,-36677.900568188838,1
352061,67298.648078659316,1
352733,184971.310103107353,1
353719,-348929.839602664993,1
353971,-6887.819400804322,1
354493,108854.226509315828,1
354518,-82392.42391023451,1
354767,186697.02461379386,1
355698,216689.978766878005,1
355809,-79213.442731955295,1
357118,121949.2710345110592,1
357126,3814.1326002946434,1
357766,34286.493044290741,1
357770,-1539.078351749966,1
358205,58788.234676257206,1
358708,182985.399723230817,1
358837,-64985.0346718176514,1
358930,88392.8444530956823,1
359120,67594.272543729382,1
359145,-196309.7907193232443,1
359692,-98220.407370235068,1
359752,-321837.417755899393,1
360035,61493.241669159113,1
360151,15155.287502962297,1
360681,-70028.5206198875437,1
360739,-40649.2564967376808,1
361071,53700.951594071126,1
361072,-45762.95023560023,1
361194,32475.0696731003222,1
361195,2149.506262779811,1
361212,-85374.9977659821205,1
361732,1584.057660238616,1
363049,-167603.004461400236,1
363621,-141732.56130318418,1
363882,12280.641760749941,1
364326,82707.58383583693,1
364383,-106063.748385925194,1
364488,-83796.829153734219,1
364519,-203031.459537778598,1
364783,-117810.775020047414,1
364985,-61583.428398789016,1
365179,101056.264642434552,1
365180,-115375.648051221975,1
365181,65826.30853621494,1
365304,-212847.58889886198,1
365577,-118653.4879839758487,1
365644,66504.461393456299,1
365930,-163800.581377522475,1
366217,-165364.722744151368,1
366529,-505833.447454117302,1
366834,-56852.0400323759618,1
366971,-51519.6945422978243,1
367002,37038.2357534481278,1
367252,149536.6627803990917,1
367253,-215055.983189227384,1
367496,-40934.851524203221,1
367599,40664.674269599848,1
368279,16729.009834538895,1
369200,-41507.255351481966,1
369880,-41330.121947022965,1
370353,273480.685618107585,1
370363,-42556.997906073573,1
370390,11372.78818112416797,1
370423,-20498.3417592287895,1
370522,256187.255623733752,1
370643,-24711.176796526406,1
370690,58865.0704731237645,1
371064,36294.7295432711507,1
371480,-132334.07736440471,1
371512,-209521.38366594518,1
371731,-172732.976913193892,1
371776,-259924.306126502274,1
371969,-174405.9752562679495,1
371995,-92405.553252386539,1
372117,-55241.695429952154,1
372293,-10538.997034924446,1
372302,-238630.273850959975,1
372303,-61134.600600099216,1
372423,-97104.265453630039,1
372583,-39646.96202677112733,1
372909,-125532.0011008138818,1
373124,-67550.266258190926,1
373282,7601.224120983614,1
373314,-39115.311633217673,1
373317,-74745.038920121349355,1
373454,-78189.60710344592,1
373667,-87337.76418312783,1
373821,108154.790028484328,1
373835,-187437.2066473311196,1
374561,25777.789515823224,1
374571,-96847.713193461156,1
375687,-209894.439327200753,1
375697,-47985.166665291392,1
376033,73665.870233917967,1
376036,51971.653730337327,1
376130,-89228.34357146705,1
376149,4356.0542688949768,1
376205,-151845.41488917587228,1
376415,183832.238370451212,1
376716,38709.032826661893,1
376760,88314.908546807925,1
376909,-136229.483788983954,1
377605,117118.635825669583,1
378032,-68821.230107879989,1
378473,155796.501396235439,1
378825,81773.496454567758,1
378859,16918.295976910824,1
379038,76931.736824826087,1
379074,38014.7440009590975,1
379200,-22074.3603810125535,1
379423,-22188.837661840315,1
379425,24485.146586357112,1
379598,-153054.5203848392483,1
379631,106528.791123119579,1
379905,-287459.58582652751,1
380064,-92097.301579333386,1
380955,-1563.498227470465,1
380996,57833.3677607502205,1
381058,83237.6045520228511,1
381468,147732.000012404898,1
382748,-200185.042333331421,1
382749,-89910.07992039460425,1
383210,-263173.993757088133,1
383248,13029.0898151618911,1
383363,-34437.431477025584,1
383407,244062.958031387972,1
383421,-1815.983028145712,1
383443,-134148.78998323875,1
383602,-164704.22257868477,1
383605,24340.789616182758,1
383854,-211788.58893003038,1
384028,-145128.546412464165,1
384367,223958.974971715522,1
384969,-79294.2720993049015,1
385014,1150296.5529269925,1
385159,-683.1904066038165,1
385213,-127998.236322820150,1
385445,72089.351114969885,1
385448,132747.4499826084544,1
385482,-103592.3546443561102,1
385602,48121.7038073078586,1
385635,-63005.8361359412875,1
386603,-109431.36020089877,1
386669,163311.617388323355,1
386700,-28643.447499377908,1
386701,43499.197287683695,1
386711,209927.586488859666,1
386899,-103273.077082434219,1
386900,119559.351581922831,1
386955,49966.110653159396,1
387014,22077.432237681271,1
387533,5871.0255673907415,1
387563,215085.89813819315166,1
387887,160773.904024877695,1
387915,28373.2530687288357,1
388587,-184415.081853985551,1
388715,19152.4166760866082,1
388717,-72101.30963220781,1
388803,7792.881068676746,1
388873,31385.3233510845177,1
389013,-180432.1662251522566,1
390033,41624.470489534584,1
390348,-81252.7652355507356,1
390510,19780.49296328214426,1
390650,36282.236037830224,1
390681,113989.372662843757,1
390686,35634.8015769189796,1
391245,66160.2229093925285,1
392065,47703.4975011133325,1
392199,75620.9185320471078,1
392428,-74557.355775069349,1
392465,84736.256041261752,1
392466,91192.4555599599444,1
392529,42211.6693277906067,1
392726,84651.9553070997004,1
