symbol,quantity,algo,open_px,notional
MCHPP,1.0,VWAP,68.66500091552734,68.66500091552734
LBTYA,4.0,VWAP,10.380000114440918,41.52000045776367
LBTYK,5.0,VWAP,10.130000114440918,50.65000057220459
MPC,0.0,VWAP,345.3999938964844,0.0
AAPL,0.0,VWAP,304.2099914550781,0.0
ABM,0.0,VWAP,48.779998779296875,0.0
ABT,0.0,VWAP,112.47000122070312,0.0
B,1.0,VWAP,40.79999923706055,40.79999923706055
AB,0.0,VWAP,36.63999938964844,0.0
IEP,-2.0,VWAP,7.559999942779541,-15.119999885559082
RAMP,1.0,VWAP,37.849998474121094,37.849998474121094
ADBE,0.0,VWAP,261.6099853515625,0.0
ADI,0.0,VWAP,387.44000244140625,0.0
ADM,0.0,VWAP,79.91000366210938,0.0
AEE,0.0,VWAP,109.41999816894531,0.0
AEP,0.0,VWAP,124.73999786376953,0.0
AFL,0.0,VWAP,121.29000091552734,0.0
AIG,0.0,VWAP,76.73999786376953,0.0
AIR,0.0,VWAP,148.63999938964844,0.0
AIT,0.0,VWAP,365.95001220703125,0.0
AJG,0.0,VWAP,256.3500061035156,0.0
MATX,0.0,VWAP,217.0,0.0
ALK,0.0,VWAP,48.25,0.0
ALX,0.0,VWAP,275.0,0.0
AMAT,0.0,VWAP,548.8099975585938,0.0
PLD,0.0,VWAP,140.47000122070312,0.0
AMD,0.0,VWAP,483.0,0.0
AME,0.0,VWAP,260.30999755859375,0.0
AMGN,0.0,VWAP,419.9200134277344,0.0
FRME,0.0,VWAP,43.41999816894531,0.0
AMT,0.0,VWAP,171.35000610351562,0.0
AN,0.0,VWAP,209.72000122070312,0.0
AOS,0.0,VWAP,62.95000076293945,0.0
APD,0.0,VWAP,303.7900085449219,0.0
APH,0.0,VWAP,169.82000732421875,0.0
APOG,0.0,VWAP,43.150001525878906,0.0
ARW,0.0,VWAP,211.02000427246094,0.0
ASB,0.0,VWAP,32.31999969482422,0.0
ASTE,-1.0,VWAP,43.43000030517578,-43.43000030517578
ATRO,0.0,VWAP,86.56999969482422,0.0
EPAC,-1.0,VWAP,37.439998626708984,-37.439998626708984
AVA,0.0,VWAP,38.869998931884766,0.0
AVT,0.0,VWAP,97.4000015258789,0.0
AVY,0.0,VWAP,182.16000366210938,0.0
AXP,0.0,VWAP,345.3900146484375,0.0
BA,0.0,VWAP,232.27000427246094,0.0
BAC,0.0,VWAP,65.19999694824219,0.0
BAX,0.0,VWAP,27.020000457763672,0.0
BBY,0.0,VWAP,83.91000366210938,0.0
BC,0.0,VWAP,80.45999908447266,0.0
BCE,0.0,VWAP,23.149999618530273,0.0
BCPC,0.0,VWAP,182.07000732421875,0.0
BDX,0.0,VWAP,184.75,0.0
BEN,0.0,VWAP,33.68000030517578,0.0
WRB,0.0,VWAP,70.12000274658203,0.0
BF.A,13.0,VWAP,28.489999771118164,370.36999702453613
BF.B,0.0,VWAP,28.270000457763672,0.0
BNY,0.0,VWAP,162.92999267578125,0.0
BKE,0.0,VWAP,45.720001220703125,0.0
BKH,0.0,VWAP,73.62999725341797,0.0
BALL,0.0,VWAP,62.66999816894531,0.0
BMI,0.0,VWAP,135.58999633789062,0.0
BPOP,0.0,VWAP,177.9499969482422,0.0
BRC,0.0,VWAP,95.87999725341797,0.0
MTRN,0.0,VWAP,281.54998779296875,0.0
CAC,0.0,VWAP,58.88999938964844,0.0
CAG,4.0,VWAP,15.100000381469727,60.400001525878906
CAT,0.0,VWAP,858.5,0.0
CBRL,0.0,VWAP,59.22999954223633,0.0
CBSH,0.0,VWAP,59.970001220703125,0.0
CBT,0.0,VWAP,85.38999938964844,0.0
CBU,0.0,VWAP,65.66000366210938,0.0
CCK,0.0,VWAP,121.98999786376953,0.0
FIZZ,0.0,VWAP,31.239999771118164,0.0
CDE,5.0,VWAP,18.399999618530273,91.99999809265137
AMZN,0.0,VWAP,267.239990234375,0.0
CHCO,0.0,VWAP,148.14999389648438,0.0
CHD,0.0,VWAP,102.01000213623047,0.0
BBT,0.0,VWAP,32.150001525878906,0.0
PPC,2.0,VWAP,26.950000762939453,53.900001525878906
CINF,0.0,VWAP,174.13999938964844,0.0
GE,0.0,VWAP,367.0,0.0
CL,0.0,VWAP,93.1500015258789,0.0
CLF,4.0,VWAP,12.180000305175781,48.720001220703125
CLH,0.0,VWAP,317.3500061035156,0.0
CLX,0.0,VWAP,106.12999725341797,0.0
CMC,0.0,VWAP,72.97000122070312,0.0
CMCSA,9.0,VWAP,25.6299991607666,230.6699924468994
CMS,0.0,VWAP,70.22000122070312,0.0
CNA,0.0,VWAP,51.0,0.0
CNMD,0.0,VWAP,49.810001373291016,0.0
CNS,0.0,VWAP,85.37000274658203,0.0
COKE,0.0,VWAP,189.1300048828125,0.0
COO,0.0,VWAP,77.26000213623047,0.0
CPB,1.0,VWAP,22.700000762939453,22.700000762939453
CPF,0.0,VWAP,39.0,0.0
EHC,0.0,VWAP,125.9000015258789,0.0
CRS,0.0,VWAP,531.77001953125,0.0
CSL,0.0,VWAP,385.9200134277344,0.0
CPT,0.0,VWAP,109.05000305175781,0.0
FLR,0.0,VWAP,52.13999938964844,0.0
CSWC,0.0,VWAP,25.110000610351562,0.0
CSX,0.0,VWAP,50.439998626708984,0.0
BXMT,4.0,VWAP,14.3100004196167,57.2400016784668
LUMN,15.0,VWAP,6.28000020980835,94.20000314712524
CTS,0.0,VWAP,64.25,0.0
CMI,0.0,VWAP,640.260009765625,0.0
CVS,0.0,VWAP,95.44000244140625,0.0
CW,0.0,VWAP,723.8800048828125,0.0
UVE,0.0,VWAP,42.810001373291016,0.0
D,0.0,VWAP,67.94000244140625,0.0
DCI,0.0,VWAP,96.62999725341797,0.0
DCO,0.0,VWAP,202.36000061035156,0.0
DE,0.0,VWAP,619.5499877929688,0.0
GEN,1.0,VWAP,28.8799991607666,28.8799991607666
DHR,0.0,VWAP,207.05999755859375,0.0
DIS,0.0,VWAP,103.80000305175781,0.0
DJCO,0.0,VWAP,560.6199951171875,0.0
DLX,-1.0,VWAP,23.950000762939453,-23.950000762939453
DOV,0.0,VWAP,208.77000427246094,0.0
DRI,0.0,VWAP,228.19000244140625,0.0
DTE,0.0,VWAP,139.27999877929688,0.0
DUK,0.0,VWAP,123.7699966430664,0.0
ECL,0.0,VWAP,278.95001220703125,0.0
ED,0.0,VWAP,108.0,0.0
EFX,0.0,VWAP,181.22999572753906,0.0
EGP,0.0,VWAP,207.97000122070312,0.0
EME,0.0,VWAP,832.8400268554688,0.0
EMR,0.0,VWAP,164.25999450683594,0.0
EQT,0.0,VWAP,53.619998931884766,0.0
ERIE,0.0,VWAP,259.5,0.0
EXPD,0.0,VWAP,185.0,0.0
NEU,0.0,VWAP,936.780029296875,0.0
DX,7.0,VWAP,13.050000190734863,91.35000133514404
KGC,1.0,VWAP,27.170000076293945,27.170000076293945
TRV,0.0,VWAP,371.4599914550781,0.0
FAST,0.0,VWAP,52.380001068115234,0.0
FNB,2.0,VWAP,19.40999984741211,38.81999969482422
FBNC,0.0,VWAP,66.13999938964844,0.0
FCNCA,0.0,VWAP,2288.43994140625,0.0
FCX,0.0,VWAP,68.1500015258789,0.0
FDX,0.0,VWAP,326.989990234375,0.0
FE,0.0,VWAP,47.13999938964844,0.0
FEIM,0.0,VWAP,78.29000091552734,0.0
FELE,0.0,VWAP,108.52999877929688,0.0
FFBC,2.0,VWAP,34.33000183105469,68.66000366210938
FITB,0.0,VWAP,58.279998779296875,0.0
FLO,19.0,VWAP,7.25,137.75
FMC,2.0,VWAP,10.199999809265137,20.399999618530273
FOR,-7.0,VWAP,29.520000457763672,-206.6400032043457
NEE,0.0,VWAP,85.75,0.0
FRT,0.0,VWAP,118.02999877929688,0.0
SNEX,0.0,VWAP,69.70999908447266,0.0
FSS,0.0,VWAP,127.22000122070312,0.0
FUL,0.0,VWAP,60.70000076293945,0.0
FULT,0.0,VWAP,24.450000762939453,0.0
EAT,0.0,VWAP,248.75999450683594,0.0
GD,0.0,VWAP,396.0,0.0
GGG,0.0,VWAP,82.7300033569336,0.0
GHM,0.0,VWAP,113.33000183105469,0.0
GIS,0.0,VWAP,38.34000015258789,0.0
STT,0.0,VWAP,190.0,0.0
GLW,0.0,VWAP,166.0,0.0
ALLY,0.0,VWAP,44.56999969482422,0.0
GME,3.0,VWAP,18.530000686645508,55.59000205993652
GATX,0.0,VWAP,180.8800048828125,0.0
GNTX,1.0,VWAP,23.350000381469727,23.350000381469727
GPC,0.0,VWAP,135.30999755859375,0.0
GPI,0.0,VWAP,267.6499938964844,0.0
GAP,3.0,VWAP,20.3799991607666,61.139997482299805
GRC,0.0,VWAP,82.08000183105469,0.0
GT,23.0,VWAP,6.039999961853027,138.91999912261963
GTY,0.0,VWAP,33.56999969482422,0.0
GWW,0.0,VWAP,1311.739990234375,0.0
HAL,0.0,VWAP,32.88999938964844,0.0
HAS,0.0,VWAP,95.75,0.0
ALNT,0.0,VWAP,114.27999877929688,0.0
HBAN,6.0,VWAP,17.969999313354492,107.81999588012695
WELL,0.0,VWAP,231.5,0.0
DOC,3.0,VWAP,20.8799991607666,62.639997482299805
HCSG,0.0,VWAP,21.059999465942383,0.0
HD,0.0,VWAP,347.0,0.0
HOG,1.0,VWAP,26.020000457763672,26.020000457763672
HE,4.0,VWAP,11.960000038146973,47.84000015258789
HEI,0.0,VWAP,375.510009765625,0.0
LSTR,0.0,VWAP,186.75,0.0
HL,7.0,VWAP,17.719999313354492,124.03999519348145
HMN,0.0,VWAP,52.220001220703125,0.0
HST,4.0,VWAP,23.040000915527344,92.16000366210938
HOV,0.0,VWAP,138.0399932861328,0.0
HP,-1.0,VWAP,42.209999084472656,-42.209999084472656
HRB,0.0,VWAP,54.220001220703125,0.0
HRL,1.0,VWAP,24.510000228881836,24.510000228881836
LHX,0.0,VWAP,291.07000732421875,0.0
HSY,0.0,VWAP,185.08999633789062,0.0
HTLD,2.0,VWAP,12.260000228881836,24.520000457763672
HUBB,0.0,VWAP,511.9200134277344,0.0
HUM,0.0,VWAP,390.2699890136719,0.0
HWKN,0.0,VWAP,130.27999877929688,0.0
HXL,0.0,VWAP,102.68000030517578,0.0
IBCP,0.0,VWAP,38.5,0.0
IBM,0.0,VWAP,238.9199981689453,0.0
IDA,0.0,VWAP,142.72000122070312,0.0
IDXX,0.0,VWAP,576.3300170898438,0.0
IFF,0.0,VWAP,84.19999694824219,0.0
TILE,0.0,VWAP,38.77000045776367,0.0
COHR,0.0,VWAP,344.8800048828125,0.0
INDB,0.0,VWAP,85.95999908447266,0.0
DORM,0.0,VWAP,134.64999389648438,0.0
WKC,0.0,VWAP,36.939998626708984,0.0
IP,0.0,VWAP,41.5,0.0
ADSK,0.0,VWAP,250.0,0.0
IT,0.0,VWAP,180.8000030517578,0.0
ITW,0.0,VWAP,294.79998779296875,0.0
INTC,0.0,VWAP,101.51000213623047,0.0
JBHT,0.0,VWAP,277.82000732421875,0.0
JJSF,0.0,VWAP,90.22000122070312,0.0
JKHY,0.0,VWAP,152.49000549316406,0.0
JNJ,0.0,VWAP,261.7300109863281,0.0
ORCL,0.0,VWAP,151.97999572753906,0.0
KBH,0.0,VWAP,56.61000061035156,0.0
KEX,0.0,VWAP,135.8699951171875,0.0
KEY,3.0,VWAP,23.010000228881836,69.03000068664551
KLAC,0.0,VWAP,208.52000427246094,0.0
KLIC,0.0,VWAP,94.87999725341797,0.0
KMB,0.0,VWAP,109.86000061035156,0.0
KMT,-1.0,VWAP,31.030000686645508,-31.030000686645508
KO,5.0,VWAP,87.13999938964844,435.6999969482422
KR,0.0,VWAP,56.52000045776367,0.0
MZTI,0.0,VWAP,116.33000183105469,0.0
AXGN,0.0,VWAP,49.20000076293945,0.0
LEG,6.0,VWAP,9.510000228881836,57.060001373291016
LEN,0.0,VWAP,86.76000213623047,0.0
SR,0.0,VWAP,82.36000061035156,0.0
LII,0.0,VWAP,425.67999267578125,0.0
LLY,0.0,VWAP,1238.300048828125,0.0
CTSH,0.0,VWAP,58.599998474121094,0.0
LNC,0.0,VWAP,44.5,0.0
LOW,0.0,VWAP,218.2899932861328,0.0
LPX,0.0,VWAP,74.44000244140625,0.0
LRCX,0.0,VWAP,327.6199951171875,0.0
BBWI,3.0,VWAP,18.31999969482422,54.959999084472656
JEF,0.0,VWAP,55.279998779296875,0.0
LUV,0.0,VWAP,45.84000015258789,0.0
LYTS,0.0,VWAP,24.469999313354492,0.0
LZB,0.0,VWAP,41.540000915527344,0.0
MGA,0.0,VWAP,69.8499984741211,0.0
SANM,0.0,VWAP,208.88999938964844,0.0
MAN,0.0,VWAP,56.66999816894531,0.0
MAS,0.0,VWAP,75.76000213623047,0.0
MAT,3.0,VWAP,14.680000305175781,44.040000915527344
TRMB,0.0,VWAP,56.90999984741211,0.0
MPB,0.0,VWAP,38.380001068115234,0.0
MCD,0.0,VWAP,277.3800048828125,0.0
IMO,0.0,VWAP,128.9600067138672,0.0
MDU,0.0,VWAP,20.59000015258789,0.0
MET,0.0,VWAP,97.0199966430664,0.0
MGRC,0.0,VWAP,121.2300033569336,0.0
ELS,0.0,VWAP,64.23999786376953,0.0
SPGI,0.0,VWAP,414.0,0.0
MITK,-2.0,VWAP,18.850000381469727,-37.70000076293945
MLKN,-1.0,VWAP,23.75,-23.75
MRSH,0.0,VWAP,189.88999938964844,0.0
MMM,0.0,VWAP,184.17999267578125,0.0
MO,0.0,VWAP,65.0,0.0
MOD,0.0,VWAP,200.35000610351562,0.0
MOG.A,0.0,VWAP,433.7900085449219,0.0
MSI,0.0,VWAP,469.80999755859375,0.0
CGNX,0.0,VWAP,60.61000061035156,0.0
MRK,0.0,VWAP,133.86000061035156,0.0
MRTN,3.0,VWAP,15.050000190734863,45.15000057220459
MSA,0.0,VWAP,192.83999633789062,0.0
MSEX,0.0,VWAP,58.290000915527344,0.0
MSFT,0.0,VWAP,493.2699890136719,0.0
MSM,0.0,VWAP,120.08999633789062,0.0
MTN,0.0,VWAP,140.07000732421875,0.0
MTX,0.0,VWAP,73.05999755859375,0.0
MUR,0.0,VWAP,34.54999923706055,0.0
PSA,0.0,VWAP,324.3500061035156,0.0
MYE,0.0,VWAP,33.279998779296875,0.0
ONTO,0.0,VWAP,334.57000732421875,0.0
NDSN,0.0,VWAP,311.3599853515625,0.0
NEM,0.0,VWAP,115.01000213623047,0.0
NFG,0.0,VWAP,81.54000091552734,0.0
NI,1.0,VWAP,42.189998626708984,42.189998626708984
NJR,0.0,VWAP,55.63999938964844,0.0
NOC,0.0,VWAP,578.719970703125,0.0
NPK,0.0,VWAP,140.0399932861328,0.0
NSC,0.0,VWAP,337.3999938964844,0.0
NSSC,0.0,VWAP,39.22999954223633,0.0
NTRS,0.0,VWAP,193.0399932861328,0.0
ES,0.0,VWAP,71.87999725341797,0.0
NUE,0.0,VWAP,273.0,0.0
NVR,0.0,VWAP,6366.2099609375,0.0
NWL,20.0,VWAP,6.210000038146973,124.20000076293945
ROG,0.0,VWAP,138.7899932861328,0.0
LECO,0.0,VWAP,286.5299987792969,0.0
OGE,0.0,VWAP,47.099998474121094,0.0
OKE,0.0,VWAP,91.95999908447266,0.0
OLN,1.0,VWAP,18.540000915527344,18.540000915527344
OTTR,0.0,VWAP,92.30999755859375,0.0
F,15.0,VWAP,13.859999656677246,207.8999948501587
OXY,0.0,VWAP,57.7400016784668,0.0
NVDA,0.0,VWAP,225.05999755859375,0.0
COP,0.0,VWAP,125.72000122070312,0.0
PATK,0.0,VWAP,87.30000305175781,0.0
PAYX,0.0,VWAP,121.54000091552734,0.0
PBI,0.0,VWAP,16.860000610351562,0.0
PCAR,0.0,VWAP,131.6699981689453,0.0
PCG,4.0,VWAP,17.40999984741211,69.63999938964844
TPC,0.0,VWAP,97.58000183105469,0.0
PDS,0.0,VWAP,81.80000305175781,0.0
PEG,0.0,VWAP,75.83000183105469,0.0
PFE,3.0,VWAP,26.489999771118164,79.46999931335449
PG,0.0,VWAP,144.58999633789062,0.0
POR,0.0,VWAP,50.15999984741211,0.0
PGR,0.0,VWAP,208.55999755859375,0.0
PH,0.0,VWAP,1070.5899658203125,0.0
RNST,-1.0,VWAP,43.720001220703125,-43.720001220703125
PHG,0.0,VWAP,27.299999237060547,0.0
PHM,0.0,VWAP,131.1999969482422,0.0
AGYS,0.0,VWAP,108.69999694824219,0.0
PKE,0.0,VWAP,38.150001525878906,0.0
PKG,0.0,VWAP,259.25,0.0
PLAB,0.0,VWAP,33.279998779296875,0.0
PLXS,0.0,VWAP,272.4200134277344,0.0
PNC,0.0,VWAP,256.5,0.0
OLED,0.0,VWAP,91.72000122070312,0.0
TXNM,0.0,VWAP,57.43000030517578,0.0
PNW,0.0,VWAP,100.91000366210938,0.0
POOL,0.0,VWAP,199.22000122070312,0.0
POWL,0.0,VWAP,207.00999450683594,0.0
PPG,0.0,VWAP,115.20999908447266,0.0
PPL,1.0,VWAP,35.56999969482422,35.56999969482422
WTRG,2.0,VWAP,39.939998626708984,79.87999725341797
ATO,0.0,VWAP,170.3000030517578,0.0
PAR,-1.0,VWAP,18.149999618530273,-18.149999618530273
PVH,0.0,VWAP,82.70999908447266,0.0
PWR,0.0,VWAP,680.219970703125,0.0
R,0.0,VWAP,264.4100036621094,0.0
AIN,0.0,VWAP,64.13999938964844,0.0
RRX,0.0,VWAP,173.0,0.0
RES,21.0,VWAP,6.21999979019165,130.61999559402466
RGEN,0.0,VWAP,167.19000244140625,0.0
DDS,0.0,VWAP,605.0,0.0
RGLD,0.0,VWAP,229.69000244140625,0.0
RHI,0.0,VWAP,41.84000015258789,0.0
MCO,0.0,VWAP,479.0400085449219,0.0
RJF,0.0,VWAP,181.77000427246094,0.0
TAP,0.0,VWAP,41.72999954223633,0.0
RLI,0.0,VWAP,63.630001068115234,0.0
OMC,0.0,VWAP,86.05000305175781,0.0
ROK,0.0,VWAP,453.3900146484375,0.0
ROL,2.0,VWAP,36.79999923706055,73.5999984741211
ROST,0.0,VWAP,249.1699981689453,0.0
SCHL,-1.0,VWAP,42.27000045776367,-42.27000045776367
SNPS,0.0,VWAP,412.32000732421875,0.0
SAH,0.0,VWAP,82.23999786376953,0.0
SAM,0.0,VWAP,184.92999267578125,0.0
T,6.0,VWAP,24.280000686645508,145.68000411987305
SCHW,0.0,VWAP,109.73999786376953,0.0
SCL,0.0,VWAP,65.0,0.0
SEB,0.0,VWAP,4228.4501953125,0.0
SEIC,0.0,VWAP,106.0,0.0
SF,0.0,VWAP,85.88999938964844,0.0
SFNC,0.0,VWAP,24.010000228881836,0.0
SHW,0.0,VWAP,363.45001220703125,0.0
SIGI,0.0,VWAP,94.62000274658203,0.0
SJM,0.0,VWAP,119.86000061035156,0.0
HTO,0.0,VWAP,62.77000045776367,0.0
SKY,0.0,VWAP,94.9000015258789,0.0
SKYW,0.0,VWAP,108.86000061035156,0.0
SLAB,0.0,VWAP,219.14999389648438,0.0
SLB,0.0,VWAP,52.0,0.0
SLM,0.0,VWAP,28.1200008392334,0.0
SMG,0.0,VWAP,62.79999923706055,0.0
SMP,-1.0,VWAP,39.599998474121094,-39.599998474121094
SNA,0.0,VWAP,409.6600036621094,0.0
SO,0.0,VWAP,92.81999969482422,0.0
SPXC,0.0,VWAP,219.64999389648438,0.0
SRCE,0.0,VWAP,89.11000061035156,0.0
SCI,0.0,VWAP,84.11000061035156,0.0
STM,0.0,VWAP,54.31999969482422,0.0
SWK,0.0,VWAP,103.97000122070312,0.0
SXI,0.0,VWAP,333.80999755859375,0.0
SYY,0.0,VWAP,84.98999786376953,0.0
TAC,4.0,VWAP,12.390000343322754,49.560001373291016
TDS,-1.0,VWAP,33.43000030517578,-33.43000030517578
TER,0.0,VWAP,399.3999938964844,0.0
TFX,0.0,VWAP,135.9199981689453,0.0
THO,0.0,VWAP,77.70999908447266,0.0
TJX,0.0,VWAP,153.0,0.0
TKR,0.0,VWAP,130.75999450683594,0.0
GL,0.0,VWAP,179.3300018310547,0.0
TMO,0.0,VWAP,606.2899780273438,0.0
TRI,0.0,VWAP,103.6500015258789,0.0
TOL,0.0,VWAP,151.0500030517578,0.0
TOWN,0.0,VWAP,37.97999954223633,0.0
TR,0.0,VWAP,40.90999984741211,0.0
TRN,0.0,VWAP,29.200000762939453,0.0
TRNS,0.0,VWAP,97.04000091552734,0.0
TROW,0.0,VWAP,112.19000244140625,0.0
TRP,0.0,VWAP,63.56999969482422,0.0
TRST,0.0,VWAP,57.06999969482422,0.0
TTC,0.0,VWAP,98.7699966430664,0.0
TTI,7.0,VWAP,8.6899995803833,60.829997062683105
TXN,0.0,VWAP,277.1600036621094,0.0
TXT,0.0,VWAP,88.23999786376953,0.0
TYL,0.0,VWAP,319.010009765625,0.0
UBSI,0.0,VWAP,49.290000915527344,0.0
UFCS,0.0,VWAP,53.68000030517578,0.0
UGI,0.0,VWAP,35.16999816894531,0.0
HON,0.0,VWAP,235.5,0.0
UNF,0.0,VWAP,291.7300109863281,0.0
UNM,0.0,VWAP,92.63999938964844,0.0
UNP,0.0,VWAP,295.2099914550781,0.0
MUX,2.0,VWAP,18.649999618530273,37.29999923706055
AD,-1.0,VWAP,35.38999938964844,-35.38999938964844
UTL,0.0,VWAP,54.310001373291016,0.0
RTX,0.0,VWAP,223.47000122070312,0.0
UVV,-1.0,VWAP,45.560001373291016,-45.560001373291016
VMI,0.0,VWAP,495.239990234375,0.0
VECO,0.0,VWAP,52.9900016784668,0.0
VFC,5.0,VWAP,14.729999542236328,73.64999771118164
VLO,0.0,VWAP,327.92999267578125,0.0
VMC,0.0,VWAP,281.92999267578125,0.0
VNO,0.0,VWAP,39.400001525878906,0.0
VSEC,0.0,VWAP,244.52999877929688,0.0
VSH,0.0,VWAP,33.54999923706055,0.0
WAB,0.0,VWAP,296.4100036621094,0.0
WASH,0.0,VWAP,39.58000183105469,0.0
WBS,0.0,VWAP,79.3499984741211,0.0
WDC,0.0,VWAP,453.1300048828125,0.0
WDFC,0.0,VWAP,234.9199981689453,0.0
WEC,0.0,VWAP,109.27999877929688,0.0
WERN,0.0,VWAP,38.220001220703125,0.0
WFC,0.0,VWAP,89.36000061035156,0.0
WAFD,0.0,VWAP,37.95000076293945,0.0
WGO,0.0,VWAP,32.18000030517578,0.0
BRO,0.0,VWAP,71.63999938964844,0.0
WHR,0.0,VWAP,43.36000061035156,0.0
WMB,0.0,VWAP,73.5,0.0
WM,0.0,VWAP,227.58999633789062,0.0
WMK,0.0,VWAP,72.61000061035156,0.0
WMT,0.0,VWAP,116.16999816894531,0.0
WSBC,0.0,VWAP,42.7599983215332,0.0
WSFS,0.0,VWAP,81.63999938964844,0.0
WST,0.0,VWAP,353.54998779296875,0.0
WWW,0.0,VWAP,19.6200008392334,0.0
WY,1.0,VWAP,24.84000015258789,24.84000015258789
XRAY,8.0,VWAP,11.4399995803833,91.5199966430664
ZION,0.0,VWAP,71.98999786376953,0.0
FDS,0.0,VWAP,277.760009765625,0.0
CDP,0.0,VWAP,37.18000030517578,0.0
ATS,-3.0,VWAP,20.399999618530273,-61.19999885559082
BLDP,53.0,VWAP,2.5999999046325684,137.79999494552612
BMO,0.0,VWAP,184.44000244140625,0.0
BNS,0.0,VWAP,90.5,0.0
CAE,0.0,VWAP,28.079999923706055,0.0
CCJ,0.0,VWAP,98.5,0.0
CM,0.0,VWAP,121.7699966430664,0.0
CNQ,1.0,VWAP,46.959999084472656,46.959999084472656
EGO,0.0,VWAP,38.84000015258789,0.0
SU,0.0,VWAP,63.40999984741211,0.0
FTK,-1.0,VWAP,37.0099983215332,-37.0099983215332
FTS,0.0,VWAP,56.400001525878906,0.0
GIB,0.0,VWAP,74.11000061035156,0.0
TFC,0.0,VWAP,53.0,0.0
TTEK,0.0,VWAP,35.43000030517578,0.0
DGII,0.0,VWAP,85.30000305175781,0.0
IMAX,0.0,VWAP,51.56999969482422,0.0
EOG,0.0,VWAP,141.02000427246094,0.0
EXK,6.0,VWAP,10.369999885559082,62.21999931335449
NG,15.0,VWAP,7.800000190734863,117.00000286102295
PAAS,0.0,VWAP,48.0,0.0
RCI,0.0,VWAP,35.939998626708984,0.0
BB,13.0,VWAP,8.8100004196167,114.53000545501709
SA,-1.0,VWAP,31.889999389648438,-31.889999389648438
RY,0.0,VWAP,213.5399932861328,0.0
ANDE,0.0,VWAP,65.91000366210938,0.0
TU,11.0,VWAP,9.539999961853027,104.9399995803833
TD,0.0,VWAP,123.75,0.0
TECK,0.0,VWAP,65.08000183105469,0.0
TGB,9.0,VWAP,8.649999618530273,77.84999656677246
WFG,0.0,VWAP,70.1500015258789,0.0
HIFS,0.0,VWAP,314.9200134277344,0.0
OII,0.0,VWAP,50.779998779296875,0.0
CIEN,0.0,VWAP,430.32000732421875,0.0
BIO,0.0,VWAP,364.0,0.0
TWI,4.0,VWAP,7.039999961853027,28.15999984741211
BSX,0.0,VWAP,51.56999969482422,0.0
SPB,0.0,VWAP,89.25,0.0
DVN,1.0,VWAP,44.25,44.25
PRIM,0.0,VWAP,81.30000305175781,0.0
NWBI,5.0,VWAP,15.819999694824219,79.0999984741211
KRG,1.0,VWAP,26.469999313354492,26.469999313354492
BBBY,17.0,VWAP,4.289999961853027,72.92999935150146
ATEC,4.0,VWAP,9.739999771118164,38.959999084472656
AMKR,0.0,VWAP,55.400001525878906,0.0
COF,0.0,VWAP,224.19000244140625,0.0
CDNS,0.0,VWAP,324.0,0.0
TECH,1.0,VWAP,72.20999908447266,72.20999908447266
MEOH,0.0,VWAP,53.040000915527344,0.0
BIIB,0.0,VWAP,212.97999572753906,0.0
CHE,0.0,VWAP,541.02001953125,0.0
NEOG,4.0,VWAP,11.479999542236328,45.91999816894531
LXU,3.0,VWAP,9.739999771118164,29.219999313354492
CRUS,0.0,VWAP,121.9800033569336,0.0
ETR,0.0,VWAP,107.30000305175781,0.0
WPC,0.0,VWAP,71.0,0.0
IEX,0.0,VWAP,241.39999389648438,0.0
VZ,0.0,VWAP,47.029998779296875,0.0
CHDN,0.0,VWAP,88.66999816894531,0.0
CVX,0.0,VWAP,195.0,0.0
AUPH,0.0,VWAP,15.5600004196167,0.0
ARCB,0.0,VWAP,141.2899932861328,0.0
VRTX,0.0,VWAP,528.6799926757812,0.0
STBA,0.0,VWAP,51.790000915527344,0.0
PEP,0.0,VWAP,139.41000366210938,0.0
AES,23.0,VWAP,14.739999771118164,339.0199947357178
UPBD,0.0,VWAP,19.329999923706055,0.0
BELFA,0.0,VWAP,237.75999450683594,0.0
MGM,0.0,VWAP,44.029998779296875,0.0
LSCC,0.0,VWAP,128.75,0.0
ARE,0.0,VWAP,47.849998474121094,0.0
NPKI,0.0,VWAP,13.989999771118164,0.0
AAON,0.0,VWAP,85.3499984741211,0.0
CFR,0.0,VWAP,169.0399932861328,0.0
KOPN,22.0,VWAP,4.840000152587891,106.4800033569336
ITRI,0.0,VWAP,102.76000213623047,0.0
AMG,0.0,VWAP,364.7699890136719,0.0
PTC,0.0,VWAP,147.75,0.0
WPM,0.0,VWAP,133.0,0.0
GSBC,0.0,VWAP,81.04000091552734,0.0
GIII,0.0,VWAP,33.790000915527344,0.0
MMS,-1.0,VWAP,54.599998474121094,-54.599998474121094
GHC,0.0,VWAP,1197.8599853515625,0.0
WRLD,0.0,VWAP,190.75,0.0
CSCO,0.0,VWAP,113.93000030517578,0.0
NOV,0.0,VWAP,20.719999313354492,0.0
GBCI,0.0,VWAP,49.599998474121094,0.0
TRMK,0.0,VWAP,48.45000076293945,0.0
STN,0.0,VWAP,73.36000061035156,0.0
XPEL,-1.0,VWAP,49.43000030517578,-49.43000030517578
VICR,0.0,VWAP,226.64999389648438,0.0
SSRM,0.0,VWAP,32.13999938964844,0.0
ELV,0.0,VWAP,400.79998779296875,0.0
UDR,0.0,VWAP,37.41999816894531,0.0
SRPT,2.0,VWAP,18.40999984741211,36.81999969482422
MMSI,0.0,VWAP,92.12000274658203,0.0
L,0.0,VWAP,113.8499984741211,0.0
M,2.0,VWAP,24.040000915527344,48.08000183105469
ICFI,0.0,VWAP,90.6500015258789,0.0
SKE,0.0,VWAP,32.58000183105469,0.0
BHE,0.0,VWAP,81.8499984741211,0.0
PRDO,0.0,VWAP,31.559999465942383,0.0
ORI,0.0,VWAP,42.70000076293945,0.0
STAA,0.0,VWAP,24.079999923706055,0.0
PRGS,0.0,VWAP,44.0,0.0
ESE,0.0,VWAP,301.0,0.0
DY,0.0,VWAP,411.9599914550781,0.0
SWBI,1.0,VWAP,14.1899995803833,14.1899995803833
NOVT,0.0,VWAP,167.0399932861328,0.0
MXL,0.0,VWAP,73.56999969482422,0.0
WTS,0.0,VWAP,389.2799987792969,0.0
NKE,1.0,VWAP,40.7400016784668,40.7400016784668
MU,0.0,VWAP,912.8900146484375,0.0
RGA,0.0,VWAP,248.0,0.0
AMRC,0.0,VWAP,27.190000534057617,0.0
CATY,0.0,VWAP,64.88999938964844,0.0
CECO,0.0,VWAP,77.80999755859375,0.0
MLI,0.0,VWAP,68.05999755859375,0.0
KKR,0.0,VWAP,111.6500015258789,0.0
REGN,0.0,VWAP,802.2100219726562,0.0
TEX,0.0,VWAP,68.11000061035156,0.0
AMN,-2.0,VWAP,32.650001525878906,-65.30000305175781
AZO,0.0,VWAP,3055.989990234375,0.0
ENB,0.0,VWAP,51.43000030517578,0.0
HNI,0.0,VWAP,49.83000183105469,0.0
HAE,0.0,VWAP,91.62999725341797,0.0
VOYA,0.0,VWAP,99.9800033569336,0.0
BOH,0.0,VWAP,80.0,0.0
AVNT,-1.0,VWAP,45.529998779296875,-45.529998779296875
EZPW,-1.0,VWAP,29.219999313354492,-29.219999313354492
ABUS,45.0,VWAP,4.559999942779541,205.19999742507935
ADC,0.0,VWAP,74.80999755859375,0.0
HSIC,0.0,VWAP,90.88999938964844,0.0
UHS,0.0,VWAP,172.41000366210938,0.0
HWC,0.0,VWAP,79.36000061035156,0.0
MTG,0.0,VWAP,30.8799991607666,0.0
RHP,0.0,VWAP,124.05999755859375,0.0
OSK,0.0,VWAP,155.6699981689453,0.0
ZBRA,0.0,VWAP,381.1099853515625,0.0
CNC,0.0,VWAP,67.76000213623047,0.0
USB,0.0,VWAP,65.11000061035156,0.0
THFF,0.0,VWAP,81.66999816894531,0.0
FHI,0.0,VWAP,63.20000076293945,0.0
INTU,0.0,VWAP,336.95001220703125,0.0
BOKF,0.0,VWAP,145.27999877929688,0.0
UHAL,0.0,VWAP,74.7300033569336,0.0
ADT,20.0,VWAP,7.400000095367432,148.00000190734863
SLGN,0.0,VWAP,41.56999969482422,0.0
QCOM,0.0,VWAP,163.33999633789062,0.0
GEO,0.0,VWAP,31.549999237060547,0.0
SM,1.0,VWAP,32.41999816894531,32.41999816894531
HPQ,1.0,VWAP,31.31999969482422,31.31999969482422
NHI,0.0,VWAP,71.25,0.0
UNH,0.0,VWAP,405.5899963378906,0.0
JBSS,0.0,VWAP,85.25,0.0
ODFL,0.0,VWAP,214.44000244140625,0.0
OPCH,0.0,VWAP,24.079999923706055,0.0
VCEL,0.0,VWAP,45.34000015258789,0.0
NBTB,0.0,VWAP,53.779998779296875,0.0
WOR,0.0,VWAP,57.4900016784668,0.0
PZZA,0.0,VWAP,24.329999923706055,0.0
GILD,0.0,VWAP,136.94000244140625,0.0
AEG,12.0,VWAP,9.399999618530273,112.79999542236328
CNOB,1.0,VWAP,33.52000045776367,33.52000045776367
UVSP,-1.0,VWAP,43.220001220703125,-43.220001220703125
SVM,2.0,VWAP,11.770000457763672,23.540000915527344
IBOC,0.0,VWAP,73.12000274658203,0.0
WWD,0.0,VWAP,364.1700134277344,0.0
NNN,0.0,VWAP,46.099998474121094,0.0
DLTR,0.0,VWAP,129.89999389648438,0.0
SCCO,0.0,VWAP,191.22999572753906,0.0
EXTR,0.0,VWAP,24.059999465942383,0.0
KIM,2.0,VWAP,24.309999465942383,48.619998931884766
FCF,-1.0,VWAP,21.790000915527344,-21.790000915527344
FMBH,0.0,VWAP,52.189998626708984,0.0
AMSC,-1.0,VWAP,32.0099983215332,-32.0099983215332
CALY,0.0,VWAP,16.600000381469727,0.0
THC,0.0,VWAP,268.1099853515625,0.0
LAZ,0.0,VWAP,43.689998626708984,0.0
ICUI,0.0,VWAP,180.22000122070312,0.0
EFOR,0.0,VWAP,32.810001373291016,0.0
KSS,1.0,VWAP,19.239999771118164,19.239999771118164
CAKE,0.0,VWAP,118.0,0.0
MANH,0.0,VWAP,197.30999755859375,0.0
USPH,0.0,VWAP,82.98999786376953,0.0
EQR,0.0,VWAP,65.08999633789062,0.0
COLB,0.0,VWAP,32.5,0.0
SBUX,0.0,VWAP,109.16999816894531,0.0
C,0.0,VWAP,138.2899932861328,0.0
BRKL,49.0,VWAP,24.75,1212.75
OHI,0.0,VWAP,46.22999954223633,0.0
HLIT,4.0,VWAP,14.479999542236328,57.91999816894531
LTC,0.0,VWAP,39.09000015258789,0.0
CUZ,0.0,VWAP,29.700000762939453,0.0
POWI,0.0,VWAP,63.47999954223633,0.0
LFUS,0.0,VWAP,460.3500061035156,0.0
RDNT,-1.0,VWAP,77.0,-77.0
BANF,0.0,VWAP,114.98999786376953,0.0
CENX,0.0,VWAP,47.599998474121094,0.0
BZH,-2.0,VWAP,33.20000076293945,-66.4000015258789
MFC,0.0,VWAP,44.0,0.0
FBP,0.0,VWAP,29.350000381469727,0.0
BMRN,-1.0,VWAP,70.3499984741211,-70.3499984741211
EGY,18.0,VWAP,5.610000133514404,100.98000240325928
FTNT,0.0,VWAP,162.63999938964844,0.0
PEBO,0.0,VWAP,41.36000061035156,0.0
AEM,0.0,VWAP,182.14999389648438,0.0
PCRX,-1.0,VWAP,24.079999923706055,-24.079999923706055
OPY,0.0,VWAP,115.5,0.0
PRSU,0.0,VWAP,47.13999938964844,0.0
SPG,0.0,VWAP,222.08999633789062,0.0
MCHP,0.0,VWAP,79.48999786376953,0.0
MAR,0.0,VWAP,356.5799865722656,0.0
ATR,0.0,VWAP,134.44000244140625,0.0
TCBK,0.0,VWAP,58.099998474121094,0.0
SAFT,0.0,VWAP,103.6500015258789,0.0
ORLY,0.0,VWAP,92.30999755859375,0.0
OBK,0.0,VWAP,54.4900016784668,0.0
BFH,0.0,VWAP,111.11000061035156,0.0
UFPT,0.0,VWAP,324.6000061035156,0.0
BFC,0.0,VWAP,158.1999969482422,0.0
CIGI,0.0,VWAP,102.02999877929688,0.0
MKC,0.0,VWAP,53.2400016784668,0.0
UNFI,0.0,VWAP,48.31999969482422,0.0
VRSN,0.0,VWAP,285.7300109863281,0.0
GABC,0.0,VWAP,51.029998779296875,0.0
SKT,0.0,VWAP,38.790000915527344,0.0
CTAS,0.0,VWAP,204.6199951171875,0.0
BBSI,-1.0,VWAP,31.549999237060547,-31.549999237060547
REX,-1.0,VWAP,43.66999816894531,-43.66999816894531
BYD,0.0,VWAP,83.5,0.0
ZBH,0.0,VWAP,98.41999816894531,0.0
INOD,0.0,VWAP,60.779998779296875,0.0
MCRI,0.0,VWAP,124.0,0.0
XEL,0.0,VWAP,78.95999908447266,0.0
BWA,0.0,VWAP,68.87999725341797,0.0
CP,0.0,VWAP,93.12999725341797,0.0
CLSK,6.0,VWAP,11.899999618530273,71.39999771118164
ALNY,0.0,VWAP,225.9499969482422,0.0
CASH,0.0,VWAP,86.48999786376953,0.0
ROCK,0.0,VWAP,49.47999954223633,0.0
AUB,0.0,VWAP,42.63999938964844,0.0
PTEN,9.0,VWAP,10.760000228881836,96.84000205993652
DECK,0.0,VWAP,92.5,0.0
UFPI,0.0,VWAP,92.58999633789062,0.0
LXP,0.0,VWAP,60.720001220703125,0.0
VLY,3.0,VWAP,15.0,45.0
REG,0.0,VWAP,76.0199966430664,0.0
BX,0.0,VWAP,147.30999755859375,0.0
URBN,0.0,VWAP,78.16000366210938,0.0
WEN,8.0,VWAP,8.569999694824219,68.55999755859375
FFIN,0.0,VWAP,35.13999938964844,0.0
MAC,0.0,VWAP,24.799999237060547,0.0
MHO,0.0,VWAP,154.86000061035156,0.0
OSBC,0.0,VWAP,25.889999389648438,0.0
SUI,0.0,VWAP,118.58999633789062,0.0
PII,0.0,VWAP,68.45999908447266,0.0
MAA,0.0,VWAP,132.9199981689453,0.0
AVB,0.0,VWAP,180.27000427246094,0.0
ODC,0.0,VWAP,87.5,0.0
SHOO,0.0,VWAP,48.029998779296875,0.0
GIL,0.0,VWAP,57.65999984741211,0.0
CG,0.0,VWAP,48.27000045776367,0.0
EMN,0.0,VWAP,72.58000183105469,0.0
YUM,0.0,VWAP,152.0,0.0
UMH,-3.0,VWAP,16.3700008392334,-49.110002517700195
IART,3.0,VWAP,17.950000762939453,53.85000228881836
TSCO,1.0,VWAP,36.66999816894531,36.66999816894531
BCRX,5.0,VWAP,10.59000015258789,52.95000076293945
JOE,0.0,VWAP,67.9800033569336,0.0
STC,0.0,VWAP,66.01000213623047,0.0
AKR,0.0,VWAP,20.8799991607666,0.0
NSIT,0.0,VWAP,154.33999633789062,0.0
MOS,0.0,VWAP,22.600000381469727,0.0
GFF,0.0,VWAP,106.0,0.0
SON,0.0,VWAP,57.529998779296875,0.0
CPRT,2.0,VWAP,29.18000030517578,58.36000061035156
USLM,0.0,VWAP,119.4800033569336,0.0
EIX,0.0,VWAP,69.77999877929688,0.0
DAKT,0.0,VWAP,20.860000610351562,0.0
RYN,0.0,VWAP,21.56999969482422,0.0
DCOM,0.0,VWAP,41.22999954223633,0.0
CAH,0.0,VWAP,233.0,0.0
LMT,0.0,VWAP,609.780029296875,0.0
CRL,0.0,VWAP,286.29998779296875,0.0
AEO,3.0,VWAP,16.389999389648438,49.16999816894531
CWT,0.0,VWAP,50.279998779296875,0.0
MLM,0.0,VWAP,547.010009765625,0.0
CLDX,0.0,VWAP,45.130001068115234,0.0
CVLT,0.0,VWAP,142.6300048828125,0.0
JBL,0.0,VWAP,366.0,0.0
NKTR,0.0,VWAP,76.4000015258789,0.0
RMBS,0.0,VWAP,99.5999984741211,0.0
LKFN,0.0,VWAP,62.75,0.0
SCSC,0.0,VWAP,52.68000030517578,0.0
FMNB,0.0,VWAP,16.239999771118164,0.0
MTB,0.0,VWAP,255.0,0.0
ALB,0.0,VWAP,128.0,0.0
HBNC,0.0,VWAP,20.65999984741211,0.0
PB,0.0,VWAP,75.37000274658203,0.0
AXTI,0.0,VWAP,75.19000244140625,0.0
SMTC,0.0,VWAP,138.6699981689453,0.0
EXP,0.0,VWAP,212.8000030517578,0.0
LNG,0.0,VWAP,266.04998779296875,0.0
CCI,0.0,VWAP,74.5,0.0
BHC,22.0,VWAP,6.230000019073486,137.0600004196167
AGCO,0.0,VWAP,101.33000183105469,0.0
OIS,-1.0,VWAP,8.850000381469727,-8.850000381469727
MPT,37.0,VWAP,4.03000020980835,149.11000776290894
SMBC,0.0,VWAP,77.9000015258789,0.0
HIW,0.0,VWAP,31.479999542236328,0.0
RPM,0.0,VWAP,116.06999969482422,0.0
RBCAA,0.0,VWAP,97.30999755859375,0.0
PRK,0.0,VWAP,206.66000366210938,0.0
VET,2.0,VWAP,11.0600004196167,22.1200008392334
ISRG,0.0,VWAP,403.7200012207031,0.0
SLF,0.0,VWAP,80.56999969482422,0.0
WABC,0.0,VWAP,59.95000076293945,0.0
UMBF,0.0,VWAP,150.0,0.0
AKAM,0.0,VWAP,124.91999816894531,0.0
ALG,0.0,VWAP,166.99000549316406,0.0
CALM,0.0,VWAP,82.87999725341797,0.0
ABCB,0.0,VWAP,89.30999755859375,0.0
PENN,2.0,VWAP,19.149999618530273,38.29999923706055
GBX,0.0,VWAP,45.720001220703125,0.0
ESS,0.0,VWAP,282.3999938964844,0.0
RS,0.0,VWAP,429.0,0.0
MATW,-4.0,VWAP,23.450000762939453,-93.80000305175781
SVC,4.0,VWAP,8.5,34.0
FR,0.0,VWAP,62.720001220703125,0.0
WSO,0.0,VWAP,311.9100036621094,0.0
ADP,0.0,VWAP,271.010009765625,0.0
CME,0.0,VWAP,262.1700134277344,0.0
MFA,5.0,VWAP,9.220000267028809,46.10000133514404
TSN,0.0,VWAP,56.400001525878906,0.0
COHU,0.0,VWAP,55.88999938964844,0.0
O,0.0,VWAP,62.77000045776367,0.0
NSP,0.0,VWAP,50.900001525878906,0.0
BKNG,0.0,VWAP,213.0,0.0
CVLG,0.0,VWAP,34.529998779296875,0.0
LGND,0.0,VWAP,294.989990234375,0.0
JPM,0.0,VWAP,366.5,0.0
IDCC,0.0,VWAP,351.42999267578125,0.0
AZTA,-2.0,VWAP,33.630001068115234,-67.26000213623047
HOPE,0.0,VWAP,14.300000190734863,0.0
MCK,0.0,VWAP,873.0900268554688,0.0
SYK,0.0,VWAP,345.0199890136719,0.0
MOV,0.0,VWAP,37.08000183105469,0.0
CRK,0.0,VWAP,13.5,0.0
LCII,0.0,VWAP,108.37999725341797,0.0
MYRG,0.0,VWAP,332.67999267578125,0.0
HNRG,-3.0,VWAP,15.770000457763672,-47.310001373291016
NLY,2.0,VWAP,23.200000762939453,46.400001525878906
MT,0.0,VWAP,74.0199966430664,0.0
AFG,0.0,VWAP,145.72000122070312,0.0
WLY,0.0,VWAP,50.58000183105469,0.0
LAMR,0.0,VWAP,155.57000732421875,0.0
THG,0.0,VWAP,224.0,0.0
SENEA,0.0,VWAP,189.7899932861328,0.0
EL,0.0,VWAP,87.93000030517578,0.0
NWPX,0.0,VWAP,115.62999725341797,0.0
AQN,26.0,VWAP,5.78000020980835,150.2800054550171
NTAP,0.0,VWAP,203.52000427246094,0.0
CVSA,0.0,VWAP,130.13999938964844,0.0
DHI,0.0,VWAP,148.05999755859375,0.0
CBZ,0.0,VWAP,54.70000076293945,0.0
WAT,0.0,VWAP,412.6300048828125,0.0
BMY,0.0,VWAP,64.05000305175781,0.0
MIDD,0.0,VWAP,118.62000274658203,0.0
TGTX,0.0,VWAP,49.70000076293945,0.0
KAI,0.0,VWAP,336.0,0.0
CXW,-1.0,VWAP,33.529998779296875,-33.529998779296875
HIG,0.0,VWAP,137.94000244140625,0.0
BCO,0.0,VWAP,115.0999984741211,0.0
INCY,0.0,VWAP,122.2300033569336,0.0
CORT,0.0,VWAP,112.52999877929688,0.0
MKTX,0.0,VWAP,162.60000610351562,0.0
WINA,0.0,VWAP,350.42999267578125,0.0
IOSP,0.0,VWAP,93.54000091552734,0.0
UTHR,0.0,VWAP,515.6199951171875,0.0
GEF,0.0,VWAP,89.06999969482422,0.0
CAR,0.0,VWAP,139.85000610351562,0.0
IAG,2.0,VWAP,17.81999969482422,35.63999938964844
HUBG,-1.0,VWAP,41.08000183105469,-41.08000183105469
FIS,0.0,VWAP,42.119998931884766,0.0
NBIX,0.0,VWAP,154.42999267578125,0.0
GVA,0.0,VWAP,126.91999816894531,0.0
CNI,0.0,VWAP,126.9800033569336,0.0
ATI,0.0,VWAP,231.39999389648438,0.0
COR,0.0,VWAP,312.1000061035156,0.0
LNT,0.0,VWAP,70.45999908447266,0.0
FICO,0.0,VWAP,1065.0,0.0
GPK,5.0,VWAP,11.8100004196167,59.050002098083496
BRK.A,0.0,VWAP,765099.0,0.0
BRK.B,0.0,VWAP,511.2900085449219,0.0
STRA,0.0,VWAP,80.8499984741211,0.0
COLM,0.0,VWAP,56.869998931884766,0.0
NYT,0.0,VWAP,64.22000122070312,0.0
VIAV,0.0,VWAP,42.650001525878906,0.0
OCFC,0.0,VWAP,19.329999923706055,0.0
PEGA,1.0,VWAP,31.440000534057617,31.440000534057617
BELFB,0.0,VWAP,296.0400085449219,0.0
WTFC,0.0,VWAP,163.63999938964844,0.0
MTZ,0.0,VWAP,283.0,0.0
PAG,0.0,VWAP,218.8800048828125,0.0
KWR,0.0,VWAP,170.1199951171875,0.0
CNXN,0.0,VWAP,80.9000015258789,0.0
ASTH,0.0,VWAP,36.20000076293945,0.0
MD,-2.0,VWAP,26.700000762939453,-53.400001525878906
HEI.A,0.0,VWAP,274.7799987792969,0.0
ANF,0.0,VWAP,113.0,0.0
BJRI,0.0,VWAP,70.19999694824219,0.0
MBWM,0.0,VWAP,61.75,0.0
HLX,5.0,VWAP,10.039999961853027,50.19999980926514
PRU,0.0,VWAP,123.44000244140625,0.0
FSM,4.0,VWAP,10.640000343322754,42.560001373291016
PAA,1.0,VWAP,23.209999084472656,23.209999084472656
STLD,0.0,VWAP,264.8500061035156,0.0
VSAT,0.0,VWAP,87.72000122070312,0.0
MCY,0.0,VWAP,106.73999786376953,0.0
FSLR,0.0,VWAP,223.50999450683594,0.0
CHH,0.0,VWAP,106.05000305175781,0.0
HLIO,0.0,VWAP,81.41000366210938,0.0
PLUS,0.0,VWAP,88.9000015258789,0.0
ROP,0.0,VWAP,397.3900146484375,0.0
ABG,0.0,VWAP,210.27999877929688,0.0
BLKB,0.0,VWAP,44.41999816894531,0.0
EBAY,0.0,VWAP,102.41999816894531,0.0
KRC,0.0,VWAP,36.31999969482422,0.0
ALL,0.0,VWAP,257.5,0.0
BLDR,0.0,VWAP,73.44000244140625,0.0
EXPO,0.0,VWAP,68.37999725341797,0.0
GEL,-5.0,VWAP,15.869999885559082,-79.34999942779541
CLS,0.0,VWAP,336.75,0.0
UAMY,22.0,VWAP,4.960000038146973,109.1200008392334
RSG,0.0,VWAP,215.25999450683594,0.0
BBDC,-2.0,VWAP,9.289999961853027,-18.579999923706055
DCH,21.0,VWAP,6.760000228881836,141.96000480651855
ANIP,-1.0,VWAP,75.4800033569336,-75.4800033569336
NEO,2.0,VWAP,16.510000228881836,33.02000045776367
EEFT,0.0,VWAP,71.73999786376953,0.0
DXPE,0.0,VWAP,195.75999450683594,0.0
FIBK,0.0,VWAP,38.810001373291016,0.0
MTH,0.0,VWAP,73.94999694824219,0.0
CTBI,0.0,VWAP,78.55000305175781,0.0
LEU,0.0,VWAP,184.97999572753906,0.0
VYX,8.0,VWAP,8.260000228881836,66.08000183105469
UUUU,2.0,VWAP,14.550000190734863,29.100000381469727
DGX,0.0,VWAP,239.10000610351562,0.0
SSB,0.0,VWAP,111.0,0.0
OFG,0.0,VWAP,53.25,0.0
TMP,0.0,VWAP,100.87000274658203,0.0
ACIW,0.0,VWAP,53.20000076293945,0.0
COST,0.0,VWAP,954.25,0.0
ORA,0.0,VWAP,113.0,0.0
LEVI,1.0,VWAP,22.690000534057617,22.690000534057617
EPD,0.0,VWAP,37.7599983215332,0.0
AZZ,0.0,VWAP,152.13999938964844,0.0
CEVA,-1.0,VWAP,30.1299991607666,-30.1299991607666
PFBC,0.0,VWAP,107.3499984741211,0.0
INSM,0.0,VWAP,132.5,0.0
UCB,0.0,VWAP,36.630001068115234,0.0
ORRF,0.0,VWAP,43.45000076293945,0.0
AWR,0.0,VWAP,88.36000061035156,0.0
VTR,0.0,VWAP,89.48999786376953,0.0
RL,0.0,VWAP,396.6300048828125,0.0
TTWO,0.0,VWAP,243.77000427246094,0.0
BXP,0.0,VWAP,68.2300033569336,0.0
MS,0.0,VWAP,219.3000030517578,0.0
JBLU,31.0,VWAP,5.869999885559082,181.96999645233154
ALV,0.0,VWAP,121.58000183105469,0.0
SLG,0.0,VWAP,56.54999923706055,0.0
MKL,0.0,VWAP,1850.47998046875,0.0
DNN,74.0,VWAP,3.240000009536743,239.760000705719
ACAD,0.0,VWAP,29.75,0.0
PBA,0.0,VWAP,48.869998931884766,0.0
CNP,0.0,VWAP,40.31999969482422,0.0
AEHR,0.0,VWAP,123.01000213623047,0.0
PRAA,-1.0,VWAP,19.920000076293945,-19.920000076293945
FIX,0.0,VWAP,1743.2099609375,0.0
ORKA,0.0,VWAP,108.41999816894531,0.0
OSIS,0.0,VWAP,234.35000610351562,0.0
AXON,0.0,VWAP,597.1400146484375,0.0
AORT,-1.0,VWAP,28.3799991607666,-28.3799991607666
FLS,0.0,VWAP,80.76000213623047,0.0
DVA,0.0,VWAP,182.8800048828125,0.0
EPR,0.0,VWAP,61.779998779296875,0.0
CWST,0.0,VWAP,91.58999633789062,0.0
CHRW,0.0,VWAP,146.97999572753906,0.0
TREX,0.0,VWAP,50.0099983215332,0.0
ASM,11.0,VWAP,7.0,77.0
PSMT,0.0,VWAP,179.92999267578125,0.0
IONS,0.0,VWAP,56.5,0.0
DAR,0.0,VWAP,63.13999938964844,0.0
RCAT,6.0,VWAP,10.020000457763672,60.12000274658203
MTD,0.0,VWAP,1446.22998046875,0.0
LNN,0.0,VWAP,116.12999725341797,0.0
INVX,-3.0,VWAP,30.0,-90.0
SSD,0.0,VWAP,196.97999572753906,0.0
CSR,-1.0,VWAP,55.220001220703125,-55.220001220703125
MKSI,0.0,VWAP,306.989990234375,0.0
SNDA,-1.0,VWAP,39.540000915527344,-39.540000915527344
IDR,-1.0,VWAP,30.100000381469727,-30.100000381469727
MRCY,0.0,VWAP,111.08000183105469,0.0
LWLG,14.0,VWAP,7.889999866485596,110.45999813079834
SYBT,0.0,VWAP,85.51000213623047,0.0
AYI,0.0,VWAP,363.29998779296875,0.0
RMD,0.0,VWAP,226.0,0.0
MHK,0.0,VWAP,138.99000549316406,0.0
URI,0.0,VWAP,1131.3900146484375,0.0
INGR,0.0,VWAP,104.55000305175781,0.0
BUSE,0.0,VWAP,31.479999542236328,0.0
RWT,18.0,VWAP,4.739999771118164,85.31999588012695
HFWA,0.0,VWAP,29.969999313354492,0.0
NHC,0.0,VWAP,220.69000244140625,0.0
EXC,0.0,VWAP,45.439998626708984,0.0
DSGX,0.0,VWAP,77.87999725341797,0.0
RVTY,0.0,VWAP,118.25,0.0
RBA,0.0,VWAP,86.70999908447266,0.0
CNO,0.0,VWAP,54.720001220703125,0.0
CRAI,0.0,VWAP,170.6199951171875,0.0
VRSK,0.0,VWAP,181.33999633789062,0.0
HZO,-1.0,VWAP,52.20000076293945,-52.20000076293945
OTEX,0.0,VWAP,24.229999542236328,0.0
SRE,0.0,VWAP,86.19000244140625,0.0
WSM,0.0,VWAP,248.8800048828125,0.0
CFFN,0.0,VWAP,8.970000267028809,0.0
BSY,0.0,VWAP,35.779998779296875,0.0
RDN,0.0,VWAP,36.72999954223633,0.0
EGBN,-1.0,VWAP,28.8700008392334,-28.8700008392334
RRC,0.0,VWAP,39.599998474121094,0.0
KFY,0.0,VWAP,84.12999725341797,0.0
ENOV,-1.0,VWAP,24.889999389648438,-24.889999389648438
GS,0.0,VWAP,1040.6099853515625,0.0
CSQ,0.0,VWAP,20.8799991607666,0.0
ATLC,0.0,VWAP,98.3499984741211,0.0
TGT,0.0,VWAP,155.0,0.0
CBRE,0.0,VWAP,147.66000366210938,0.0
EVR,0.0,VWAP,301.5199890136719,0.0
UTI,-1.0,VWAP,26.559999465942383,-26.559999465942383
CCOI,-2.0,VWAP,10.0,-20.0
MORN,0.0,VWAP,197.50999450683594,0.0
MSTR,0.0,VWAP,94.83000183105469,0.0
CNX,0.0,VWAP,35.31999969482422,0.0
LAD,0.0,VWAP,380.8999938964844,0.0
STRL,0.0,VWAP,548.0,0.0
QXO,12.0,VWAP,15.09000015258789,181.0800018310547
EWBC,0.0,VWAP,135.5800018310547,0.0
LKQ,1.0,VWAP,24.889999389648438,24.889999389648438
SYNA,0.0,VWAP,109.83000183105469,0.0
ALGN,0.0,VWAP,175.61000061035156,0.0
IVT,0.0,VWAP,33.439998626708984,0.0
TNC,-1.0,VWAP,69.69999694824219,-69.69999694824219
CRI,-1.0,VWAP,39.29999923706055,-39.29999923706055
DIOD,0.0,VWAP,101.55000305175781,0.0
WEX,0.0,VWAP,191.5800018310547,0.0
FCN,0.0,VWAP,152.94000244140625,0.0
NPO,0.0,VWAP,343.45001220703125,0.0
JLL,0.0,VWAP,364.0,0.0
AMPH,-1.0,VWAP,20.18000030517578,-20.18000030517578
CPK,0.0,VWAP,135.82000732421875,0.0
FFIV,0.0,VWAP,421.4800109863281,0.0
IRM,0.0,VWAP,124.66999816894531,0.0
TFII,0.0,VWAP,146.4199981689453,0.0
KFRC,0.0,VWAP,58.130001068115234,0.0
HSTM,-1.0,VWAP,28.579999923706055,-28.579999923706055
WCC,0.0,VWAP,366.4599914550781,0.0
FHN,1.0,VWAP,26.0,26.0
AGM,0.0,VWAP,239.9499969482422,0.0
SBAC,0.0,VWAP,183.57000732421875,0.0
USAS,29.0,VWAP,5.070000171661377,147.03000497817993
SWKS,0.0,VWAP,69.13999938964844,0.0
IPAR,0.0,VWAP,118.62999725341797,0.0
ZD,-1.0,VWAP,55.06999969482422,-55.06999969482422
MGEE,0.0,VWAP,81.58999633789062,0.0
AAP,0.0,VWAP,54.7400016784668,0.0
WT,0.0,VWAP,22.829999923706055,0.0
ONB,0.0,VWAP,27.239999771118164,0.0
PFG,0.0,VWAP,114.16999816894531,0.0
STZ,0.0,VWAP,134.60000610351562,0.0
FLG,4.0,VWAP,14.300000190734863,57.20000076293945
RIGL,0.0,VWAP,42.52000045776367,0.0
KMPR,0.0,VWAP,26.8700008392334,0.0
CSGP,0.0,VWAP,30.68000030517578,0.0
BANR,0.0,VWAP,73.8499984741211,0.0
NTCT,-1.0,VWAP,39.5,-39.5
EXEL,0.0,VWAP,50.540000915527344,0.0
ATRC,0.0,VWAP,43.59000015258789,0.0
RUSHB,1.0,VWAP,79.55000305175781,79.55000305175781
ARLP,-2.0,VWAP,25.09000015258789,-50.18000030517578
KTOS,0.0,VWAP,63.5,0.0
KMX,0.0,VWAP,59.0,0.0
AIZ,0.0,VWAP,290.5,0.0
LPTH,4.0,VWAP,13.539999961853027,54.15999984741211
SBCF,0.0,VWAP,35.779998779296875,0.0
NRG,0.0,VWAP,120.0,0.0
SAFE,0.0,VWAP,15.420000076293945,0.0
CROX,0.0,VWAP,131.39999389648438,0.0
UPS,0.0,VWAP,104.5,0.0
AMSF,-1.0,VWAP,28.149999618530273,-28.149999618530273
BKD,5.0,VWAP,13.1899995803833,65.9499979019165
ET,3.0,VWAP,20.93000030517578,62.790000915527344
SBH,0.0,VWAP,16.670000076293945,0.0
ICE,0.0,VWAP,151.82000732421875,0.0
TDY,0.0,VWAP,688.3200073242188,0.0
CRM,0.0,VWAP,196.83999633789062,0.0
REPX,0.0,VWAP,35.79999923706055,0.0
HTGC,2.0,VWAP,16.729999542236328,33.459999084472656
NBN,0.0,VWAP,135.5,0.0
RIOT,4.0,VWAP,19.979999542236328,79.91999816894531
PSN,0.0,VWAP,48.279998779296875,0.0
DLB,0.0,VWAP,61.470001220703125,0.0
CMP,-2.0,VWAP,26.479999542236328,-52.959999084472656
FCEL,0.0,VWAP,21.020000457763672,0.0
TNET,0.0,VWAP,67.13999938964844,0.0
SXT,0.0,VWAP,131.2100067138672,0.0
SNDR,0.0,VWAP,36.04999923706055,0.0
EPC,-1.0,VWAP,29.200000762939453,-29.200000762939453
EW,0.0,VWAP,93.4800033569336,0.0
INVA,-1.0,VWAP,21.0,-21.0
ILMN,0.0,VWAP,194.0,0.0
BRKR,0.0,VWAP,59.27000045776367,0.0
NFLX,0.0,VWAP,76.01000213623047,0.0
OMCL,0.0,VWAP,37.40999984741211,0.0
EVC,1.0,VWAP,9.15999984741211,9.15999984741211
MFIC,0.0,VWAP,9.680000305175781,0.0
ON,0.0,VWAP,82.87999725341797,0.0
BN,0.0,VWAP,44.869998931884766,0.0
ACLS,0.0,VWAP,141.2899932861328,0.0
THRM,0.0,VWAP,41.5099983215332,0.0
CACI,0.0,VWAP,683.3400268554688,0.0
ENTG,0.0,VWAP,160.16000366210938,0.0
ITGR,0.0,VWAP,125.4000015258789,0.0
HAFC,0.0,VWAP,32.40999984741211,0.0
BLFS,0.0,VWAP,35.0,0.0
TPR,0.0,VWAP,132.6999969482422,0.0
TTMI,0.0,VWAP,138.99000549316406,0.0
PLPC,0.0,VWAP,472.510009765625,0.0
SUPN,-1.0,VWAP,47.7400016784668,-47.7400016784668
HIVE,101.0,VWAP,2.700000047683716,272.7000048160553
H,0.0,VWAP,179.16000366210938,0.0
SNX,0.0,VWAP,255.4499969482422,0.0
PDFS,0.0,VWAP,51.220001220703125,0.0
FORM,0.0,VWAP,128.02999877929688,0.0
SVRA,7.0,VWAP,5.75,40.25
HLI,0.0,VWAP,123.58999633789062,0.0
NTGR,-1.0,VWAP,24.1299991607666,-24.1299991607666
SHEN,-2.0,VWAP,13.029999732971191,-26.059999465942383
PGC,0.0,VWAP,46.529998779296875,0.0
AAOI,0.0,VWAP,135.83999633789062,0.0
IPGP,0.0,VWAP,86.51000213623047,0.0
ALRS,0.0,VWAP,33.95000076293945,0.0
CWBC,0.0,VWAP,25.8700008392334,0.0
BWXT,0.0,VWAP,172.4600067138672,0.0
AWI,0.0,VWAP,184.9499969482422,0.0
NVAX,10.0,VWAP,8.010000228881836,80.10000228881836
CYTK,0.0,VWAP,76.80000305175781,0.0
SBRA,2.0,VWAP,20.299999237060547,40.599998474121094
NNI,0.0,VWAP,127.36000061035156,0.0
FRHC,0.0,VWAP,149.88999938964844,0.0
GPN,0.0,VWAP,88.9000015258789,0.0
ARWR,0.0,VWAP,87.5999984741211,0.0
AG,3.0,VWAP,18.75,56.25
VSTS,1.0,VWAP,14.239999771118164,14.239999771118164
HALO,0.0,VWAP,101.94999694824219,0.0
PIPR,0.0,VWAP,76.26000213623047,0.0
PBH,0.0,VWAP,52.77000045776367,0.0
WMS,0.0,VWAP,141.7899932861328,0.0
SGI,0.0,VWAP,64.68000030517578,0.0
LINC,-1.0,VWAP,30.020000457763672,-30.020000457763672
HTH,-1.0,VWAP,39.5,-39.5
CPAY,0.0,VWAP,411.2799987792969,0.0
ADAM,3.0,VWAP,10.180000305175781,30.540000915527344
MDLZ,0.0,VWAP,62.709999084472656,0.0
CUBE,0.0,VWAP,41.38999938964844,0.0
UCTT,0.0,VWAP,89.93000030517578,0.0
WLK,0.0,VWAP,78.48999786376953,0.0
IDT,0.0,VWAP,65.87000274658203,0.0
RNG,0.0,VWAP,63.22999954223633,0.0
GNW,6.0,VWAP,10.079999923706055,60.47999954223633
CVBF,0.0,VWAP,23.200000762939453,0.0
TCBI,0.0,VWAP,101.69999694824219,0.0
DRH,3.0,VWAP,12.34000015258789,37.02000045776367
CF,0.0,VWAP,117.66000366210938,0.0
LVS,0.0,VWAP,45.70000076293945,0.0
CE,0.0,VWAP,43.16999816894531,0.0
UAA,33.0,VWAP,5.349999904632568,176.54999685287476
MAIN,-1.0,VWAP,58.630001068115234,-58.630001068115234
ABR,10.0,VWAP,5.260000228881836,52.60000228881836
AGX,0.0,VWAP,569.0999755859375,0.0
CVCO,0.0,VWAP,599.280029296875,0.0
QCRH,0.0,VWAP,106.0,0.0
XPO,0.0,VWAP,209.92999267578125,0.0
WYNN,0.0,VWAP,102.52999877929688,0.0
DKS,0.0,VWAP,204.5,0.0
NOG,0.0,VWAP,23.610000610351562,0.0
APLD,1.0,VWAP,31.06999969482422,31.06999969482422
AMP,0.0,VWAP,565.9400024414062,0.0
UEC,4.0,VWAP,11.399999618530273,45.599998474121094
LMAT,0.0,VWAP,82.44000244140625,0.0
EQIX,0.0,VWAP,1073.3699951171875,0.0
MOH,0.0,VWAP,207.58999633789062,0.0
EPAM,0.0,VWAP,100.88999938964844,0.0
ECPG,0.0,VWAP,98.41999816894531,0.0
WCN,0.0,VWAP,165.49000549316406,0.0
NXST,0.0,VWAP,185.4199981689453,0.0
EFSC,0.0,VWAP,66.94999694824219,0.0
PFS,0.0,VWAP,25.09000015258789,0.0
MA,0.0,VWAP,565.6099853515625,0.0
LEN.B,0.0,VWAP,84.05999755859375,0.0
TMUS,0.0,VWAP,178.38999938964844,0.0
TRS,-1.0,VWAP,39.470001220703125,-39.470001220703125
NDAQ,0.0,VWAP,96.25,0.0
ACM,0.0,VWAP,61.150001525878906,0.0
LDOS,0.0,VWAP,140.25,0.0
HUN,8.0,VWAP,10.149999618530273,81.19999694824219
EXLS,0.0,VWAP,34.43000030517578,0.0
RUSHA,0.0,VWAP,81.0,0.0
TFSL,0.0,VWAP,17.520000457763672,0.0
DXCM,0.0,VWAP,90.81999969482422,0.0
BANC,1.0,VWAP,19.719999313354492,19.719999313354492
HBM,2.0,VWAP,27.229999542236328,54.459999084472656
DPZ,0.0,VWAP,357.6700134277344,0.0
SAIA,0.0,VWAP,365.0,0.0
TVTX,0.0,VWAP,63.327999114990234,0.0
ARCC,3.0,VWAP,19.940000534057617,59.82000160217285
CYRX,0.0,VWAP,14.960000038146973,0.0
LQDT,-1.0,VWAP,43.220001220703125,-43.220001220703125
QUBT,9.0,VWAP,8.869999885559082,79.82999897003174
MNKD,18.0,VWAP,3.880000114440918,69.84000205993652
WTI,35.0,VWAP,3.5899999141693115,125.6499969959259
WAL,0.0,VWAP,82.8499984741211,0.0
TXRH,0.0,VWAP,216.19000244140625,0.0
EXR,0.0,VWAP,147.8699951171875,0.0
HURN,0.0,VWAP,151.94000244140625,0.0
CGAU,0.0,VWAP,21.329999923706055,0.0
ENS,0.0,VWAP,211.0,0.0
ITRG,45.0,VWAP,2.6700000762939453,120.15000343322754
AX,0.0,VWAP,101.22000122070312,0.0
DLR,0.0,VWAP,197.74000549316406,0.0
GM,0.0,VWAP,86.8499984741211,0.0
NWE,0.0,VWAP,71.04000091552734,0.0
MELI,0.0,VWAP,1840.0,0.0
RF,3.0,VWAP,31.81999969482422,95.45999908447266
PSEC,62.0,VWAP,2.2799999713897705,141.35999822616577
SHO,6.0,VWAP,10.859999656677246,65.15999794006348
CVI,-1.0,VWAP,34.7400016784668,-34.7400016784668
BDC,0.0,VWAP,138.0399932861328,0.0
EIG,0.0,VWAP,48.45000076293945,0.0
KOP,-2.0,VWAP,45.36000061035156,-90.72000122070312
COLD,5.0,VWAP,14.6899995803833,73.4499979019165
OZK,0.0,VWAP,52.41999816894531,0.0
BY,0.0,VWAP,39.459999084472656,0.0
HOMB,0.0,VWAP,31.299999237060547,0.0
FSBC,0.0,VWAP,47.15999984741211,0.0
NIC,0.0,VWAP,178.72999572753906,0.0
CCB,-1.0,VWAP,49.88999938964844,-49.88999938964844
EQBK,0.0,VWAP,51.779998779296875,0.0
SPFI,0.0,VWAP,45.880001068115234,0.0
TNL,0.0,VWAP,75.26000213623047,0.0
TFIN,0.0,VWAP,77.12999725341797,0.0
MDGL,0.0,VWAP,539.72998046875,0.0
EYPT,0.0,VWAP,13.59000015258789,0.0
WLDN,0.0,VWAP,85.26000213623047,0.0
LRN,0.0,VWAP,78.80000305175781,0.0
HRI,0.0,VWAP,169.47999572753906,0.0
PTCT,0.0,VWAP,73.13999938964844,0.0
ACHC,0.0,VWAP,31.549999237060547,0.0
LYV,0.0,VWAP,186.22000122070312,0.0
MWA,0.0,VWAP,26.31999969482422,0.0
ALT,48.0,VWAP,2.950000047683716,141.60000228881836
RBC,0.0,VWAP,560.0,0.0
IRWD,38.0,VWAP,4.409999847412109,167.57999420166016
KBR,0.0,VWAP,38.04999923706055,0.0
TREE,-1.0,VWAP,32.130001068115234,-32.130001068115234
CMG,3.0,VWAP,32.70000076293945,98.10000228881836
CARS,-2.0,VWAP,12.180000305175781,-24.360000610351562
EXPE,0.0,VWAP,325.6499938964844,0.0
APPS,3.0,VWAP,12.529999732971191,37.589999198913574
AWK,0.0,VWAP,135.0500030517578,0.0
OMER,2.0,VWAP,16.649999618530273,33.29999923706055
GSAT,0.0,VWAP,83.01000213623047,0.0
CSIQ,0.0,VWAP,15.600000381469727,0.0
ENSG,0.0,VWAP,182.75,0.0
AVAV,0.0,VWAP,190.0,0.0
TDC,0.0,VWAP,26.860000610351562,0.0
DAL,0.0,VWAP,91.44999694824219,0.0
TDG,0.0,VWAP,1242.0,0.0
CODI,-2.0,VWAP,12.210000038146973,-24.420000076293945
ALGT,0.0,VWAP,86.0999984741211,0.0
IBKR,0.0,VWAP,92.0,0.0
EFC,2.0,VWAP,13.649999618530273,27.299999237060547
OC,0.0,VWAP,154.52000427246094,0.0
UAL,0.0,VWAP,128.0,0.0
META,0.0,VWAP,580.7100219726562,0.0
SMCI,1.0,VWAP,38.279998779296875,38.279998779296875
TSLA,0.0,VWAP,327.20001220703125,0.0
JBTM,0.0,VWAP,119.56999969482422,0.0
CELH,0.0,VWAP,27.6200008392334,0.0
OCSL,-2.0,VWAP,12.670000076293945,-25.34000015258789
WU,18.0,VWAP,7.110000133514404,127.98000240325928
FET,0.0,VWAP,81.97000122070312,0.0
CIM,0.0,VWAP,11.970000267028809,0.0
IESC,0.0,VWAP,761.9600219726562,0.0
KALU,0.0,VWAP,187.52000427246094,0.0
DEI,3.0,VWAP,11.75,35.25
BR,0.0,VWAP,170.08999633789062,0.0
ARR,4.0,VWAP,16.719999313354492,66.87999725341797
V,0.0,VWAP,363.70001220703125,0.0
CPS,-2.0,VWAP,27.979999542236328,-55.959999084472656
PODD,0.0,VWAP,145.05999755859375,0.0
SONO,1.0,VWAP,15.819999694824219,15.819999694824219
APEI,0.0,VWAP,45.34000015258789,0.0
DAN,0.0,VWAP,29.790000915527344,0.0
PRLB,0.0,VWAP,91.2300033569336,0.0
CNK,0.0,VWAP,37.5099983215332,0.0
GRBK,-1.0,VWAP,71.04000091552734,-71.04000091552734
PGEN,11.0,VWAP,6.96999979019165,76.66999769210815
CQP,-1.0,VWAP,68.70999908447266,-68.70999908447266
EQX,10.0,VWAP,11.420000076293945,114.20000076293945
HROW,-1.0,VWAP,39.58000183105469,-39.58000183105469
OGG,45.0,VWAP,2.8499999046325684,128.24999570846558
KDP,2.0,VWAP,30.059999465942383,60.119998931884766
LULU,0.0,VWAP,122.2699966430664,0.0
FNV,0.0,VWAP,233.0,0.0
SARO,1.0,VWAP,27.579999923706055,27.579999923706055
PM,0.0,VWAP,187.92999267578125,0.0
SSNC,0.0,VWAP,80.62000274658203,0.0
MDXG,9.0,VWAP,4.28000020980835,38.52000188827515
POET,9.0,VWAP,8.800000190734863,79.20000171661377
MBIN,0.0,VWAP,55.15999984741211,0.0
MC,0.0,VWAP,66.33999633789062,0.0
MSCI,0.0,VWAP,562.0499877929688,0.0
AROC,0.0,VWAP,33.290000915527344,0.0
EVTC,-1.0,VWAP,30.40999984741211,-30.40999984741211
EFXT,-2.0,VWAP,21.219999313354492,-42.439998626708984
QLYS,0.0,VWAP,188.58999633789062,0.0
SDGR,0.0,VWAP,18.559999465942383,0.0
PAGP,0.0,VWAP,25.139999389648438,0.0
BCC,0.0,VWAP,84.87999725341797,0.0
LOPE,0.0,VWAP,142.1999969482422,0.0
ECHO,0.0,VWAP,91.06999969482422,0.0
BFST,0.0,VWAP,32.33000183105469,0.0
AGNC,15.0,VWAP,10.960000038146973,164.4000005722046
BTG,73.0,VWAP,5.139999866485596,375.2199902534485
WD,-1.0,VWAP,42.72999954223633,-42.72999954223633
ZG,0.0,VWAP,33.90999984741211,0.0
NX,-1.0,VWAP,22.110000610351562,-22.110000610351562
FAF,0.0,VWAP,72.58999633789062,0.0
PMT,5.0,VWAP,9.529999732971191,47.64999866485596
SLRC,-1.0,VWAP,12.869999885559082,-12.869999885559082
VRTS,0.0,VWAP,169.75999450683594,0.0
UI,0.0,VWAP,574.8599853515625,0.0
IRDM,0.0,VWAP,48.91999816894531,0.0
WDAY,0.0,VWAP,177.44000244140625,0.0
SLS,7.0,VWAP,11.699999809265137,81.89999866485596
HCI,0.0,VWAP,185.97999572753906,0.0
SII,0.0,VWAP,116.9800033569336,0.0
SFBS,0.0,VWAP,91.37000274658203,0.0
CVE,2.0,VWAP,29.75,59.5
IOVA,17.0,VWAP,6.739999771118164,114.57999610900879
QNST,-2.0,VWAP,20.899999618530273,-41.79999923706055
IVR,19.0,VWAP,7.519999980926514,142.87999963760376
PI,0.0,VWAP,179.5800018310547,0.0
ZWS,0.0,VWAP,51.540000915527344,0.0
MTDR,0.0,VWAP,51.689998626708984,0.0
CHTR,0.0,VWAP,150.97000122070312,0.0
MTSI,0.0,VWAP,310.1099853515625,0.0
STWD,3.0,VWAP,16.469999313354492,49.40999794006348
NOW,0.0,VWAP,125.5999984741211,0.0
TWO,11.0,VWAP,12.039999961853027,132.4399995803833
LOB,-1.0,VWAP,43.20000076293945,-43.20000076293945
ANET,0.0,VWAP,209.7899932861328,0.0
BE,0.0,VWAP,235.94000244140625,0.0
DOCU,0.0,VWAP,58.369998931884766,0.0
COLL,-3.0,VWAP,27.770000457763672,-83.31000137329102
ETSY,0.0,VWAP,79.94000244140625,0.0
HUBS,0.0,VWAP,211.5399932861328,0.0
PLTR,0.0,VWAP,173.39999389648438,0.0
ARI,18.0,VWAP,6.869999885559082,123.65999794006348
ADUS,0.0,VWAP,119.13999938964844,0.0
DG,0.0,VWAP,121.5999984741211,0.0
LPLA,0.0,VWAP,376.5899963378906,0.0
OPLN,-2.0,VWAP,35.65999984741211,-71.31999969482422
MGNI,1.0,VWAP,24.6299991607666,24.6299991607666
BOX,0.0,VWAP,32.65999984741211,0.0
PEB,1.0,VWAP,18.239999771118164,18.239999771118164
GNRC,0.0,VWAP,221.7100067138672,0.0
NUTX,0.0,VWAP,175.0399932861328,0.0
BKU,0.0,VWAP,47.900001525878906,0.0
HR,2.0,VWAP,19.270000457763672,38.540000915527344
VPG,0.0,VWAP,69.5999984741211,0.0
PRI,0.0,VWAP,312.3500061035156,0.0
LEA,0.0,VWAP,121.95999908447266,0.0
TRNO,0.0,VWAP,68.3499984741211,0.0
AR,0.0,VWAP,36.91999816894531,0.0
BNL,0.0,VWAP,21.059999465942383,0.0
CALX,0.0,VWAP,39.95000076293945,0.0
GBDC,0.0,VWAP,13.140000343322754,0.0
SPSC,0.0,VWAP,76.62000274658203,0.0
YELP,0.0,VWAP,23.3799991607666,0.0
CRMD,7.0,VWAP,8.390000343322754,58.73000240325928
RYZ,-1.0,VWAP,28.920000076293945,-28.920000076293945
PLOW,0.0,VWAP,42.77000045776367,0.0
PDM,-1.0,VWAP,9.550000190734863,-9.550000190734863
HPP,-3.0,VWAP,14.550000190734863,-43.65000057220459
GDOT,-4.0,VWAP,13.5600004196167,-54.2400016784668
CBOE,0.0,VWAP,290.8299865722656,0.0
ALM,5.0,VWAP,14.0,70.0
AIP,-1.0,VWAP,27.93000030517578,-27.93000030517578
GRPN,0.0,VWAP,21.739999771118164,0.0
HQY,0.0,VWAP,105.69000244140625,0.0
ATKR,0.0,VWAP,93.91999816894531,0.0
HCA,0.0,VWAP,414.5899963378906,0.0
AGIO,0.0,VWAP,34.349998474121094,0.0
SXC,1.0,VWAP,9.3100004196167,9.3100004196167
GKOS,0.0,VWAP,187.0,0.0
BAH,0.0,VWAP,78.55999755859375,0.0
SNDX,1.0,VWAP,19.889999389648438,19.889999389648438
OXLC,2.0,VWAP,9.569999694824219,19.139999389648438
TPB,0.0,VWAP,87.4800033569336,0.0
KNX,0.0,VWAP,72.2699966430664,0.0
NMFC,1.0,VWAP,7.739999771118164,7.739999771118164
STAG,0.0,VWAP,37.150001525878906,0.0
PANW,0.0,VWAP,394.1199951171875,0.0
INN,7.0,VWAP,6.119999885559082,42.839999198913574
TRGP,0.0,VWAP,267.17999267578125,0.0
AAT,0.0,VWAP,22.790000915527344,0.0
FIVE,0.0,VWAP,248.60000610351562,0.0
VC,0.0,VWAP,106.76000213623047,0.0
CTGO,-1.0,VWAP,19.31999969482422,-19.31999969482422
DFTX,0.0,VWAP,44.0,0.0
BAND,0.0,VWAP,52.47999954223633,0.0
XYZ,0.0,VWAP,79.08999633789062,0.0
DBX,2.0,VWAP,33.70000076293945,67.4000015258789
MEC,-1.0,VWAP,23.729999542236328,-23.729999542236328
PHR,3.0,VWAP,12.34000015258789,37.02000045776367
KMI,1.0,VWAP,31.639999389648438,31.639999389648438
TDOC,10.0,VWAP,6.730000019073486,67.30000019073486
TNDM,1.0,VWAP,23.329999923706055,23.329999923706055
TCMD,-4.0,VWAP,24.549999237060547,-98.19999694824219
W,0.0,VWAP,103.33999633789062,0.0
FBIN,0.0,VWAP,49.58000183105469,0.0
PEN,0.0,VWAP,327.25,0.0
IRTC,0.0,VWAP,126.44000244140625,0.0
VCYT,0.0,VWAP,45.22999954223633,0.0
LZ,16.0,VWAP,5.510000228881836,88.16000366210938
GWRE,0.0,VWAP,173.9199981689453,0.0
APPN,0.0,VWAP,34.81999969482422,0.0
UAN,0.0,VWAP,118.79000091552734,0.0
VEEV,0.0,VWAP,241.91000366210938,0.0
FRPT,0.0,VWAP,72.54000091552734,0.0
XYL,0.0,VWAP,122.4000015258789,0.0
AGNT,9.0,VWAP,4.170000076293945,37.53000068664551
TSLX,-1.0,VWAP,18.899999618530273,-18.899999618530273
RLJ,2.0,VWAP,10.949999809265137,21.899999618530273
NTRA,0.0,VWAP,317.67999267578125,0.0
OCUL,1.0,VWAP,10.270000457763672,10.270000457763672
FBRX,1.0,VWAP,76.81999969482422,76.81999969482422
LQDA,0.0,VWAP,79.66999816894531,0.0
ADPT,0.0,VWAP,25.540000915527344,0.0
VAC,0.0,VWAP,120.87000274658203,0.0
SIBN,0.0,VWAP,19.209999084472656,0.0
CTMX,34.0,VWAP,3.5,119.0
MARA,15.0,VWAP,9.489999771118164,142.34999656677246
FDUS,-1.0,VWAP,19.799999237060547,-19.799999237060547
SFM,0.0,VWAP,86.83999633789062,0.0
ARMK,0.0,VWAP,60.779998779296875,0.0
AMTB,0.0,VWAP,29.540000915527344,0.0
MCB,0.0,VWAP,95.29000091552734,0.0
FIVN,0.0,VWAP,31.309999465942383,0.0
HII,0.0,VWAP,327.0199890136719,0.0
ALSN,0.0,VWAP,123.66999816894531,0.0
BRX,4.0,VWAP,29.850000381469727,119.4000015258789
PFLT,6.0,VWAP,7.5,45.0
APAM,0.0,VWAP,41.95000076293945,0.0
TRIP,8.0,VWAP,10.630000114440918,85.04000091552734
CHEF,0.0,VWAP,111.30999755859375,0.0
NTNX,0.0,VWAP,64.94999694824219,0.0
ORC,17.0,VWAP,6.650000095367432,113.05000162124634
CDW,0.0,VWAP,136.1300048828125,0.0
MCHB,0.0,VWAP,17.219999313354492,0.0
TDUP,48.0,VWAP,3.0799999237060547,147.83999633789062
MAMA,0.0,VWAP,18.030000686645508,0.0
AVTX,-1.0,VWAP,19.649999618530273,-19.649999618530273
PPTA,0.0,VWAP,24.770000457763672,0.0
USAC,-2.0,VWAP,26.510000228881836,-53.02000045776367
RBLX,1.0,VWAP,35.88999938964844,35.88999938964844
ENPH,0.0,VWAP,40.54999923706055,0.0
RARE,0.0,VWAP,27.06999969482422,0.0
ARDX,41.0,VWAP,4.03000020980835,165.23000860214233
NET,0.0,VWAP,313.7749938964844,0.0
POST,0.0,VWAP,81.13999938964844,0.0
VRNS,0.0,VWAP,42.20000076293945,0.0
ABNB,0.0,VWAP,180.89999389648438,0.0
FSK,1.0,VWAP,12.239999771118164,12.239999771118164
VTOL,-1.0,VWAP,46.04999923706055,-46.04999923706055
HAPN,0.0,VWAP,19.760000228881836,0.0
OKTA,0.0,VWAP,148.3699951171875,0.0
MUSA,0.0,VWAP,549.5499877929688,0.0
ROKU,0.0,VWAP,151.5,0.0
FLYW,1.0,VWAP,17.5,17.5
INSP,0.0,VWAP,57.9900016784668,0.0
LASR,-1.0,VWAP,51.54999923706055,-51.54999923706055
P,0.0,VWAP,113.05000305175781,0.0
RH,0.0,VWAP,182.97999572753906,0.0
MDB,0.0,VWAP,443.989990234375,0.0
ENVA,0.0,VWAP,262.1499938964844,0.0
CUBI,0.0,VWAP,83.41999816894531,0.0
CAI,0.0,VWAP,22.84000015258789,0.0
LIF,-2.0,VWAP,48.59000015258789,-97.18000030517578
PINS,1.0,VWAP,23.0,23.0
RUN,6.0,VWAP,9.850000381469727,59.10000228881836
ABBV,0.0,VWAP,252.94000244140625,0.0
AMBQ,0.0,VWAP,64.9800033569336,0.0
ANAB,0.0,VWAP,57.06999969482422,0.0
ZVRA,3.0,VWAP,11.470000267028809,34.410000801086426
XNCR,-1.0,VWAP,23.360000610351562,-23.360000610351562
HTFL,0.0,VWAP,29.790000915527344,0.0
PCOR,0.0,VWAP,58.0099983215332,0.0
DOCS,0.0,VWAP,24.905000686645508,0.0
SGML,2.0,VWAP,11.78499984741211,23.56999969482422
PSNL,6.0,VWAP,14.295000076293945,85.77000045776367
PBF,0.0,VWAP,69.88999938964844,0.0
TMQ,17.0,VWAP,3.7300000190734863,63.41000032424927
PSX,0.0,VWAP,223.97000122070312,0.0
ESAB,0.0,VWAP,86.69999694824219,0.0
BRZE,0.0,VWAP,27.729999542236328,0.0
BL,0.0,VWAP,28.75,0.0
FRSH,6.0,VWAP,11.770000457763672,70.62000274658203
TWLO,0.0,VWAP,247.38999938964844,0.0
UBER,0.0,VWAP,75.62999725341797,0.0
PTGX,0.0,VWAP,153.14999389648438,0.0
UNIT,4.0,VWAP,9.5,38.0
TRUP,-3.0,VWAP,30.639999389648438,-91.91999816894531
ROOT,-1.0,VWAP,49.2400016784668,-49.2400016784668
PGNY,0.0,VWAP,25.739999771118164,0.0
VRDN,0.0,VWAP,22.700000762939453,0.0
ARRY,22.0,VWAP,5.179999828338623,113.9599962234497
KNF,-1.0,VWAP,68.11000061035156,-68.11000061035156
ESRT,22.0,VWAP,4.760000228881836,104.72000503540039
ADMA,8.0,VWAP,9.850000381469727,78.80000305175781
FANG,0.0,VWAP,198.00999450683594,0.0
TRU,0.0,VWAP,79.63999938964844,0.0
SKWD,0.0,VWAP,60.130001068115234,0.0
IR,0.0,VWAP,85.16000366210938,0.0
GMED,0.0,VWAP,85.83999633789062,0.0
XENE,0.0,VWAP,65.66000366210938,0.0
BLMN,2.0,VWAP,11.40999984741211,22.81999969482422
COUR,19.0,VWAP,5.630000114440918,106.97000217437744
CHRN,0.0,VWAP,21.329999923706055,0.0
INTA,0.0,VWAP,39.61000061035156,0.0
ZS,0.0,VWAP,179.10000610351562,0.0
IQV,0.0,VWAP,239.82000732421875,0.0
NXE,7.0,VWAP,10.4399995803833,73.0799970626831
SUN,0.0,VWAP,75.44000244140625,0.0
NWS,0.0,VWAP,32.31999969482422,0.0
MPLX,0.0,VWAP,59.75,0.0
BLZE,1.0,VWAP,19.149999618530273,19.149999618530273
HUT,0.0,VWAP,90.4000015258789,0.0
ZTS,0.0,VWAP,74.08999633789062,0.0
ESQ,0.0,VWAP,133.88999938964844,0.0
SAIC,0.0,VWAP,127.22000122070312,0.0
PARR,0.0,VWAP,77.47000122070312,0.0
LW,0.0,VWAP,53.5,0.0
DUOL,0.0,VWAP,136.5,0.0
NBHC,0.0,VWAP,43.43000030517578,0.0
VVV,0.0,VWAP,33.599998474121094,0.0
GFL,0.0,VWAP,40.9900016784668,0.0
ACRS,6.0,VWAP,5.900000095367432,35.40000057220459
BFAM,0.0,VWAP,71.94000244140625,0.0
WES,-1.0,VWAP,48.34000015258789,-48.34000015258789
RLMD,14.0,VWAP,4.739999771118164,66.3599967956543
GLPI,0.0,VWAP,43.400001525878906,0.0
DDOG,0.0,VWAP,241.27000427246094,0.0
AMH,0.0,VWAP,34.209999084472656,0.0
MRNA,0.0,VWAP,63.79999923706055,0.0
TRVI,2.0,VWAP,18.030000686645508,36.060001373291016
PRKS,0.0,VWAP,44.650001525878906,0.0
RITM,7.0,VWAP,10.300000190734863,72.10000133514404
ZM,0.0,VWAP,106.38999938964844,0.0
PD,3.0,VWAP,11.460000038146973,34.38000011444092
CXM,28.0,VWAP,6.75,189.0
SNAP,51.0,VWAP,5.21999979019165,266.21998929977417
HASI,-1.0,VWAP,41.81999969482422,-41.81999969482422
AMRX,0.0,VWAP,17.690000534057617,0.0
SFIX,23.0,VWAP,3.569999933242798,82.10999846458435
FHB,0.0,VWAP,27.850000381469727,0.0
GSBD,0.0,VWAP,9.579999923706055,0.0
SHOP,0.0,VWAP,152.2949981689453,0.0
REAL,4.0,VWAP,11.279999732971191,45.119998931884766
DOO,0.0,VWAP,64.68000030517578,0.0
GNL,9.0,VWAP,8.989999771118164,80.90999794006348
ESI,0.0,VWAP,38.56999969482422,0.0
VISN,4.0,VWAP,11.789999961853027,47.15999984741211
KN,0.0,VWAP,38.93000030517578,0.0
LYFT,5.0,VWAP,16.670000076293945,83.35000038146973
REXR,0.0,VWAP,36.52000045776367,0.0
LIND,0.0,VWAP,34.790000915527344,0.0
NAVI,-1.0,VWAP,8.949999809265137,-8.949999809265137
FSLY,0.0,VWAP,28.530000686645508,0.0
IRT,2.0,VWAP,16.8799991607666,33.7599983215332
MIAX,0.0,VWAP,42.880001068115234,0.0
BURL,0.0,VWAP,362.1000061035156,0.0
OUT,0.0,VWAP,30.239999771118164,0.0
FIGS,3.0,VWAP,14.460000038146973,43.38000011444092
FOXF,-3.0,VWAP,21.760000228881836,-65.28000068664551
OGS,0.0,VWAP,81.1500015258789,0.0
OMF,0.0,VWAP,64.81999969482422,0.0
PVLA,0.0,VWAP,156.0,0.0
LGIH,0.0,VWAP,57.84000015258789,0.0
U,0.0,VWAP,44.6150016784668,0.0
KODK,0.0,VWAP,10.25,0.0
MTUS,-1.0,VWAP,21.84000015258789,-21.84000015258789
HLT,0.0,VWAP,324.95001220703125,0.0
KEYS,0.0,VWAP,352.5,0.0
DNOW,1.0,VWAP,16.6200008392334,16.6200008392334
TDAY,5.0,VWAP,6.929999828338623,34.649999141693115
AVO,1.0,VWAP,12.869999885559082,12.869999885559082
KHC,3.0,VWAP,24.809999465942383,74.42999839782715
DASH,0.0,VWAP,213.6699981689453,0.0
NMIH,0.0,VWAP,45.040000915527344,0.0
WRBY,1.0,VWAP,25.709999084472656,25.709999084472656
MMI,0.0,VWAP,31.469999313354492,0.0
CC,3.0,VWAP,14.960000038146973,44.88000011444092
ALKT,0.0,VWAP,20.200000762939453,0.0
CTRE,0.0,VWAP,39.43000030517578,0.0
SG,18.0,VWAP,5.960000038146973,107.28000068664551
AAL,9.0,VWAP,15.260000228881836,137.34000205993652
VVX,0.0,VWAP,80.77999877929688,0.0
ONT,-3.0,VWAP,16.450000762939453,-49.35000228881836
LADR,3.0,VWAP,9.930000305175781,29.790000915527344
IBP,0.0,VWAP,245.85000610351562,0.0
OMDA,-1.0,VWAP,23.959999084472656,-23.959999084472656
RYAM,4.0,VWAP,8.289999961853027,33.15999984741211
GOLD,0.0,VWAP,44.279998779296875,0.0
QTWO,0.0,VWAP,62.869998931884766,0.0
ATEN,0.0,VWAP,27.65999984741211,0.0
TTD,8.0,VWAP,13.725000381469727,109.80000305175781
SHAK,0.0,VWAP,73.51000213623047,0.0
BLBD,-1.0,VWAP,64.56999969482422,-64.56999969482422
APLE,4.0,VWAP,15.869999885559082,63.47999954223633
PAYC,0.0,VWAP,211.0,0.0
VIRT,0.0,VWAP,57.18000030517578,0.0
SYF,0.0,VWAP,79.87000274658203,0.0
PCTY,0.0,VWAP,143.7899932861328,0.0
MEDP,0.0,VWAP,600.4000244140625,0.0
SYRE,0.0,VWAP,101.0,0.0
ARES,0.0,VWAP,142.5500030517578,0.0
PAHC,0.0,VWAP,34.220001220703125,0.0
UE,0.0,VWAP,21.950000762939453,0.0
HRTG,-1.0,VWAP,33.189998626708984,-33.189998626708984
GH,0.0,VWAP,165.86000061035156,0.0
ENR,-1.0,VWAP,22.770000457763672,-22.770000457763672
LMB,-2.0,VWAP,44.7599983215332,-89.5199966430664
CCS,0.0,VWAP,71.68000030517578,0.0
APP,0.0,VWAP,305.9800109863281,0.0
XIFR,2.0,VWAP,11.470000267028809,22.940000534057617
CDNA,0.0,VWAP,47.529998779296875,0.0
TWST,0.0,VWAP,126.22000122070312,0.0
OR,0.0,VWAP,33.11000061035156,0.0
VKTX,0.0,VWAP,33.86000061035156,0.0
GDDY,0.0,VWAP,92.25,0.0
FNF,0.0,VWAP,48.15999984741211,0.0
IBTA,-1.0,VWAP,36.189998626708984,-36.189998626708984
IRMD,0.0,VWAP,88.43000030517578,0.0
CFG,0.0,VWAP,74.3499984741211,0.0
LNTH,0.0,VWAP,100.7699966430664,0.0
XHR,0.0,VWAP,18.920000076293945,0.0
CSTL,0.0,VWAP,31.6200008392334,0.0
LITE,0.0,VWAP,927.5850219726562,0.0
RIVN,3.0,VWAP,15.859999656677246,47.57999897003174
VCTR,0.0,VWAP,116.4800033569336,0.0
CZR,2.0,VWAP,29.670000076293945,59.34000015258789
DBVT,-3.0,VWAP,14.199999809265137,-42.59999942779541
QSR,0.0,VWAP,75.86000061035156,0.0
NXRT,0.0,VWAP,24.719999313354492,0.0
PYPL,0.0,VWAP,59.75,0.0
HPE,0.0,VWAP,61.20000076293945,0.0
PJT,0.0,VWAP,171.60000610351562,0.0
WK,0.0,VWAP,68.56999969482422,0.0
BOOT,0.0,VWAP,162.0399932861328,0.0
SNOW,0.0,VWAP,337.0,0.0
COGT,0.0,VWAP,39.060001373291016,0.0
RYTM,0.0,VWAP,118.18000030517578,0.0
MSGS,0.0,VWAP,418.0,0.0
ALOY,0.0,VWAP,12.539999961853027,0.0
FND,0.0,VWAP,59.95000076293945,0.0
ALRM,0.0,VWAP,56.08000183105469,0.0
BW,6.0,VWAP,9.710000038146973,58.260000228881836
NTLA,4.0,VWAP,12.104999542236328,48.41999816894531
ULS,0.0,VWAP,77.08999633789062,0.0
CSW,0.0,VWAP,348.6099853515625,0.0
ANNX,13.0,VWAP,5.360000133514404,69.68000173568726
DEA,0.0,VWAP,24.790000915527344,0.0
IBRX,8.0,VWAP,7.800000190734863,62.400001525878906
QRVO,0.0,VWAP,97.9800033569336,0.0
TXG,0.0,VWAP,57.290000915527344,0.0
VIA,-2.0,VWAP,26.0,-52.0
RGNX,4.0,VWAP,11.029999732971191,44.119998931884766
ATEX,0.0,VWAP,85.5,0.0
RVMD,0.0,VWAP,206.85000610351562,0.0
NXT,0.0,VWAP,102.30000305175781,0.0
SEDG,0.0,VWAP,31.940000534057617,0.0
NRDS,0.0,VWAP,9.739999771118164,0.0
KURA,2.0,VWAP,10.604999542236328,21.209999084472656
BSM,-2.0,VWAP,14.430000305175781,-28.860000610351562
RBRK,0.0,VWAP,97.66999816894531,0.0
NEXT,11.0,VWAP,6.760000228881836,74.3600025177002
APPF,0.0,VWAP,197.94000244140625,0.0
CWEN,0.0,VWAP,34.16999816894531,0.0
SHC,2.0,VWAP,18.899999618530273,37.79999923706055
WING,0.0,VWAP,112.51000213623047,0.0
HOOD,0.0,VWAP,96.51000213623047,0.0
MNST,1.0,VWAP,46.439998626708984,46.439998626708984
DNLI,-1.0,VWAP,25.239999771118164,-25.239999771118164
JXN,0.0,VWAP,131.5800018310547,0.0
FSV,0.0,VWAP,143.5,0.0
OLLI,0.0,VWAP,79.1500015258789,0.0
IOT,0.0,VWAP,39.5099983215332,0.0
RPD,2.0,VWAP,12.399999618530273,24.799999237060547
UA,16.0,VWAP,5.25,84.0
TTAN,0.0,VWAP,93.37999725341797,0.0
CRVS,-1.0,VWAP,15.25,-15.25
PLNT,0.0,VWAP,48.0,0.0
FCPT,0.0,VWAP,25.139999389648438,0.0
AGI,0.0,VWAP,33.0,0.0
ONDS,22.0,VWAP,8.979999542236328,197.55998992919922
PRCT,-1.0,VWAP,21.25,-21.25
ACI,5.0,VWAP,12.050000190734863,60.250000953674316
NGVT,0.0,VWAP,76.56999969482422,0.0
Z,0.0,VWAP,33.7599983215332,0.0
PCVX,0.0,VWAP,60.0,0.0
DFIN,0.0,VWAP,48.27000045776367,0.0
GOOGL,0.0,VWAP,345.7699890136719,0.0
GOOG,0.0,VWAP,344.57000732421875,0.0
SGRY,-1.0,VWAP,15.390000343322754,-15.390000343322754
SITE,0.0,VWAP,97.37999725341797,0.0
KVYO,2.0,VWAP,17.350000381469727,34.70000076293945
PFGC,0.0,VWAP,107.83000183105469,0.0
WSC,2.0,VWAP,22.3799991607666,44.7599983215332
LSPD,1.0,VWAP,10.539999961853027,10.539999961853027
AA,0.0,VWAP,50.20000076293945,0.0
LAUR,0.0,VWAP,37.209999084472656,0.0
S,2.0,VWAP,22.5,45.0
AXSM,0.0,VWAP,215.75999450683594,0.0
RRR,0.0,VWAP,63.15999984741211,0.0
YUMC,0.0,VWAP,48.04999923706055,0.0
CRNX,0.0,VWAP,84.66999816894531,0.0
METC,2.0,VWAP,10.760000228881836,21.520000457763672
XMTR,0.0,VWAP,94.08999633789062,0.0
ORIC,1.0,VWAP,13.890000343322754,13.890000343322754
FTV,0.0,VWAP,61.88999938964844,0.0
CRWD,0.0,VWAP,224.97999572753906,0.0
FIG,0.0,VWAP,23.700000762939453,0.0
LMND,0.0,VWAP,52.40999984741211,0.0
DD,0.0,VWAP,144.30999755859375,0.0
DOW,0.0,VWAP,30.350000381469727,0.0
CTVA,0.0,VWAP,75.61000061035156,0.0
IMNM,-1.0,VWAP,28.600000381469727,-28.600000381469727
PLSE,-1.0,VWAP,43.43000030517578,-43.43000030517578
SUPV,-3.0,VWAP,8.359999656677246,-25.07999897003174
TOST,1.0,VWAP,34.40999984741211,34.40999984741211
KOD,-1.0,VWAP,43.81999969482422,-43.81999969482422
USFD,0.0,VWAP,110.26000213623047,0.0
HGV,0.0,VWAP,45.470001220703125,0.0
ELVN,-1.0,VWAP,58.540000915527344,-58.540000915527344
IDYA,-1.0,VWAP,36.915000915527344,-36.915000915527344
ITT,0.0,VWAP,216.52999877929688,0.0
ASIX,-1.0,VWAP,15.75,-15.75
ASH,0.0,VWAP,75.06999969482422,0.0
DBRG,13.0,VWAP,15.949999809265137,207.34999752044678
CTKB,9.0,VWAP,4.820000171661377,43.38000154495239
GOLF,0.0,VWAP,89.68000030517578,0.0
PR,3.0,VWAP,21.209999084472656,63.62999725341797
BVS,-3.0,VWAP,14.020000457763672,-42.060001373291016
YETI,0.0,VWAP,46.0,0.0
KNSL,0.0,VWAP,376.8999938964844,0.0
OBDC,4.0,VWAP,11.710000038146973,46.84000015258789
AMR,0.0,VWAP,156.0800018310547,0.0
GTLB,0.0,VWAP,41.185001373291016,0.0
TECX,-2.0,VWAP,37.060001373291016,-74.12000274658203
ARDT,0.0,VWAP,11.180000305175781,0.0
FBK,0.0,VWAP,62.54999923706055,0.0
AMLX,0.0,VWAP,23.3700008392334,0.0
ELF,0.0,VWAP,92.31999969482422,0.0
RCUS,0.0,VWAP,29.1299991607666,0.0
RLAY,0.0,VWAP,20.329999923706055,0.0
DELL,0.0,VWAP,499.67999267578125,0.0
VST,0.0,VWAP,146.25,0.0
HWM,0.0,VWAP,282.3500061035156,0.0
BHF,0.0,VWAP,60.119998931884766,0.0
IIPR,0.0,VWAP,58.099998474121094,0.0
EVER,-1.0,VWAP,25.100000381469727,-25.100000381469727
JBGS,0.0,VWAP,11.760000228881836,0.0
DNTH,0.0,VWAP,112.95999908447266,0.0
UPWK,10.0,VWAP,8.479999542236328,84.79999542236328
PK,1.0,VWAP,14.9399995803833,14.9399995803833
DXC,6.0,VWAP,10.770000457763672,64.62000274658203
BJ,0.0,VWAP,93.2699966430664,0.0
INVH,2.0,VWAP,30.079999923706055,60.15999984741211
KRP,-1.0,VWAP,15.15999984741211,-15.15999984741211
SWX,0.0,VWAP,92.72000122070312,0.0
ULTA,0.0,VWAP,531.8900146484375,0.0
HLNE,0.0,VWAP,104.19000244140625,0.0
PUMP,4.0,VWAP,11.489999771118164,45.959999084472656
SPRY,9.0,VWAP,6.079999923706055,54.71999931335449
DK,0.0,VWAP,66.98999786376953,0.0
AVTR,7.0,VWAP,13.979999542236328,97.8599967956543
GOOS,3.0,VWAP,8.75,26.25
VRRM,20.0,VWAP,4.769999980926514,95.39999961853027
WTTR,0.0,VWAP,21.06999969482422,0.0
ACVA,15.0,VWAP,7.71999979019165,115.79999685287476
AVAH,9.0,VWAP,10.09000015258789,90.81000137329102
SEI,0.0,VWAP,61.400001525878906,0.0
AM,3.0,VWAP,22.15999984741211,66.47999954223633
CAVA,0.0,VWAP,70.69000244140625,0.0
BTU,0.0,VWAP,24.75,0.0
BKR,0.0,VWAP,63.959999084472656,0.0
KNTK,0.0,VWAP,50.560001373291016,0.0
ULCC,5.0,VWAP,6.829999923706055,34.14999961853027
CVNA,0.0,VWAP,72.30000305175781,0.0
HCC,0.0,VWAP,95.94000244140625,0.0
LBRT,1.0,VWAP,21.399999618530273,21.399999618530273
PATH,10.0,VWAP,15.300000190734863,153.00000190734863
PENG,0.0,VWAP,57.720001220703125,0.0
MGY,2.0,VWAP,26.040000915527344,52.08000183105469
CGBD,0.0,VWAP,11.119999885559082,0.0
SMPL,3.0,VWAP,11.079999923706055,33.239999771118164
ECVT,3.0,VWAP,9.960000038146973,29.880000114440918
CNNE,-2.0,VWAP,15.140000343322754,-30.280000686645508
ETON,0.0,VWAP,42.11000061035156,0.0
VIR,4.0,VWAP,9.020000457763672,36.08000183105469
EVRG,0.0,VWAP,83.55999755859375,0.0
ALGM,0.0,VWAP,42.779998779296875,0.0
HNGE,0.0,VWAP,86.95999908447266,0.0
FTDR,0.0,VWAP,85.5,0.0
TDW,0.0,VWAP,89.76000213623047,0.0
BIOA,1.0,VWAP,10.619999885559082,10.619999885559082
CNR,0.0,VWAP,94.27999877929688,0.0
WH,0.0,VWAP,73.70999908447266,0.0
AGL,0.0,VWAP,88.80999755859375,0.0
KRYS,0.0,VWAP,332.989990234375,0.0
CELC,0.0,VWAP,92.08000183105469,0.0
CTOS,2.0,VWAP,10.899999618530273,21.799999237060547
IMMX,2.0,VWAP,11.510000228881836,23.020000457763672
CRSR,1.0,VWAP,12.880000114440918,12.880000114440918
RDVT,-1.0,VWAP,70.02999877929688,-70.02999877929688
ERO,-2.0,VWAP,35.369998931884766,-70.73999786376953
ACMR,0.0,VWAP,80.23999786376953,0.0
CARG,0.0,VWAP,37.0,0.0
EYE,1.0,VWAP,19.729999542236328,19.729999542236328
APG,0.0,VWAP,43.59000015258789,0.0
VICI,2.0,VWAP,26.15999984741211,52.31999969482422
CGEM,-2.0,VWAP,20.719999313354492,-41.439998626708984
REZI,0.0,VWAP,22.25,0.0
GTX,0.0,VWAP,29.479999542236328,0.0
NMRK,0.0,VWAP,14.979999542236328,0.0
COMP,9.0,VWAP,12.800000190734863,115.20000171661377
EQH,0.0,VWAP,52.130001068115234,0.0
MNPR,0.0,VWAP,110.16999816894531,0.0
BCSF,-3.0,VWAP,12.779999732971191,-38.339999198913574
PTON,22.0,VWAP,5.400000095367432,118.8000020980835
ACA,0.0,VWAP,145.4199981689453,0.0
FOXA,0.0,VWAP,63.13999938964844,0.0
FOX,0.0,VWAP,56.06999969482422,0.0
NTR,0.0,VWAP,67.23999786376953,0.0
SLDB,1.0,VWAP,9.140000343322754,9.140000343322754
BBNX,0.0,VWAP,17.329999923706055,0.0
CEPU,-2.0,VWAP,13.180000305175781,-26.360000610351562
STOK,-1.0,VWAP,33.279998779296875,-33.279998779296875
TALO,1.0,VWAP,15.210000038146973,15.210000038146973
BH,0.0,VWAP,395.0,0.0
WHD,0.0,VWAP,71.62999725341797,0.0
HYMC,0.0,VWAP,26.329999923706055,0.0
BRSP,14.0,VWAP,4.989999771118164,69.8599967956543
EWTX,-1.0,VWAP,44.13999938964844,-44.13999938964844
TH,-1.0,VWAP,16.059999465942383,-16.059999465942383
ARLO,3.0,VWAP,14.069999694824219,42.209999084472656
CART,0.0,VWAP,48.84000015258789,0.0
GSHD,0.0,VWAP,66.2699966430664,0.0
AVGO,0.0,VWAP,415.80999755859375,0.0
AHCO,6.0,VWAP,5.789999961853027,34.739999771118164
ROAD,0.0,VWAP,121.06999969482422,0.0
BH.A,0.0,VWAP,1976.8599853515625,0.0
CBLL,-3.0,VWAP,23.0,-69.0
SRRK,0.0,VWAP,54.84000015258789,0.0
BEAM,1.0,VWAP,27.260000228881836,27.260000228881836
NWN,0.0,VWAP,50.54999923706055,0.0
CI,0.0,VWAP,278.5899963378906,0.0
EPRT,6.0,VWAP,30.790000915527344,184.74000549316406
BV,1.0,VWAP,11.710000038146973,11.710000038146973
VZLA,42.0,VWAP,3.75,157.5
VRT,0.0,VWAP,287.94500732421875,0.0
TLRY,30.0,VWAP,4.659999847412109,139.79999542236328
SPHR,0.0,VWAP,175.10000610351562,0.0
TENB,0.0,VWAP,37.4900016784668,0.0
ELAN,2.0,VWAP,22.309999465942383,44.619998931884766
ABCL,4.0,VWAP,10.319999694824219,41.279998779296875
PFSI,0.0,VWAP,77.72000122070312,0.0
NVST,0.0,VWAP,28.899999618530273,0.0
KTB,0.0,VWAP,82.9000015258789,0.0
ARVN,3.0,VWAP,8.90999984741211,26.729999542236328
RVLV,0.0,VWAP,24.049999237060547,0.0
UTZ,16.0,VWAP,14.149999618530273,226.39999389648438
GDYN,6.0,VWAP,7.900000095367432,47.40000057220459
MIRM,0.0,VWAP,99.2300033569336,0.0
SEZL,0.0,VWAP,125.98999786376953,0.0
BXSL,0.0,VWAP,24.40999984741211,0.0
ERAS,2.0,VWAP,18.959999084472656,37.91999816894531
OTF,3.0,VWAP,11.520000457763672,34.560001373291016
CADL,3.0,VWAP,10.850000381469727,32.55000114440918
SANA,19.0,VWAP,3.7699999809265137,71.62999963760376
HYLN,34.0,VWAP,4.050000190734863,137.70000648498535
VOR,0.0,VWAP,22.010000228881836,0.0
TIGR,17.0,VWAP,4.550000190734863,77.35000324249268
FLY,1.0,VWAP,25.309999465942383,25.309999465942383
MAZE,-1.0,VWAP,28.040000915527344,-28.040000915527344
TW,0.0,VWAP,103.23999786376953,0.0
PLMR,0.0,VWAP,128.3000030517578,0.0
PSTL,-1.0,VWAP,23.3799991607666,-23.3799991607666
DYN,0.0,VWAP,26.0,0.0
TMDX,0.0,VWAP,87.0199966430664,0.0
CHWY,2.0,VWAP,22.350000381469727,44.70000076293945
AAMI,0.0,VWAP,92.5999984741211,0.0
PNTG,0.0,VWAP,38.880001068115234,0.0
GO,10.0,VWAP,11.130000114440918,111.30000114440918
PHAT,4.0,VWAP,9.25,37.0
IMVT,-1.0,VWAP,42.91999816894531,-42.91999816894531
BBIO,0.0,VWAP,84.7699966430664,0.0
UPST,1.0,VWAP,29.190000534057617,29.190000534057617
KRUS,0.0,VWAP,52.400001525878906,0.0
DT,0.0,VWAP,50.0,0.0
RXRX,52.0,VWAP,3.309999942779541,172.11999702453613
ASTS,0.0,VWAP,72.16999816894531,0.0
HIMS,1.0,VWAP,29.739999771118164,29.739999771118164
VERA,0.0,VWAP,29.989999771118164,0.0
AVPT,4.0,VWAP,13.079999923706055,52.31999969482422
BWIN,0.0,VWAP,31.459999084472656,0.0
CHYM,0.0,VWAP,32.0,0.0
ARQT,0.0,VWAP,26.56999969482422,0.0
SITM,0.0,VWAP,673.27001953125,0.0
UROY,17.0,VWAP,4.0,68.0
PLTK,43.0,VWAP,2.4000000953674316,103.20000410079956
BKSY,0.0,VWAP,30.459999084472656,0.0
TFPM,-1.0,VWAP,31.75,-31.75
BILL,0.0,VWAP,49.04999923706055,0.0
REYN,0.0,VWAP,26.459999084472656,0.0
PRCH,1.0,VWAP,16.299999237060547,16.299999237060547
HESM,-1.0,VWAP,40.0,-40.0
OI,11.0,VWAP,6.619999885559082,72.8199987411499
OVV,0.0,VWAP,62.150001525878906,0.0
MSDL,0.0,VWAP,15.329999923706055,0.0
TARS,0.0,VWAP,70.72000122070312,0.0
ADEA,0.0,VWAP,28.040000915527344,0.0
CNXC,0.0,VWAP,24.6200008392334,0.0
TYRA,-1.0,VWAP,25.329999923706055,-25.329999923706055
HPK,-1.0,VWAP,7.039999961853027,-7.039999961853027
AEVA,0.0,VWAP,24.969999313354492,0.0
RSI,0.0,VWAP,24.43000030517578,0.0
WMG,1.0,VWAP,24.940000534057617,24.940000534057617
CARR,0.0,VWAP,63.279998779296875,0.0
OTIS,0.0,VWAP,74.08999633789062,0.0
VNT,0.0,VWAP,33.540000915527344,0.0
GTM,35.0,VWAP,3.859999895095825,135.09999632835388
PPLI,0.0,VWAP,40.70000076293945,0.0
KYMR,0.0,VWAP,114.7300033569336,0.0
NRIX,-1.0,VWAP,26.920000076293945,-26.920000076293945
OPEN,78.0,VWAP,3.25,253.5
CLOV,23.0,VWAP,4.5,103.5
TMC,48.0,VWAP,4.418000221252441,212.0640106201172
DSGN,0.0,VWAP,14.770000457763672,0.0
OLMA,0.0,VWAP,10.359999656677246,0.0
TRIN,0.0,VWAP,18.31999969482422,0.0
ALAB,0.0,VWAP,313.04998779296875,0.0
MP,0.0,VWAP,53.68000030517578,0.0
TSHA,5.0,VWAP,6.400000095367432,32.00000047683716
BFLY,6.0,VWAP,9.399999618530273,56.39999771118164
FOUR,-1.0,VWAP,44.209999084472656,-44.209999084472656
EOSE,74.0,VWAP,4.21999979019165,312.27998447418213
TALK,69.0,VWAP,5.239999771118164,361.5599842071533
WBTN,-3.0,VWAP,8.640000343322754,-25.92000102996826
NUVB,15.0,VWAP,6.46999979019165,97.04999685287476
MIR,2.0,VWAP,15.3100004196167,30.6200008392334
QS,19.0,VWAP,6.349999904632568,120.6499981880188
PRG,0.0,VWAP,41.59000015258789,0.0
MTCH,0.0,VWAP,36.81999969482422,0.0
VERX,1.0,VWAP,12.529999732971191,12.529999732971191
ABX,5.0,VWAP,8.680000305175781,43.400001525878906
RKT,7.0,VWAP,14.300000190734863,100.10000133514404
RXT,25.0,VWAP,4.559999942779541,113.99999856948853
EVLV,12.0,VWAP,5.800000190734863,69.60000228881836
NTST,0.0,VWAP,20.510000228881836,0.0
LCID,61.0,VWAP,6.340000152587891,386.7400093078613
MBX,0.0,VWAP,66.97000122070312,0.0
EBC,0.0,VWAP,23.5,0.0
PRAX,0.0,VWAP,388.0,0.0
IRON,0.0,VWAP,81.31999969482422,0.0
HRMY,0.0,VWAP,39.88999938964844,0.0
SPIR,1.0,VWAP,13.164999961853027,13.164999961853027
TNGX,0.0,VWAP,25.850000381469727,0.0
JBIO,-1.0,VWAP,23.520000457763672,-23.520000457763672
CCC,10.0,VWAP,6.994999885559082,69.94999885559082
ACT,0.0,VWAP,49.68000030517578,0.0
STEP,0.0,VWAP,48.310001373291016,0.0
ANRO,-1.0,VWAP,30.0,-30.0
ASAN,7.0,VWAP,9.0600004196167,63.420002937316895
GLUE,0.0,VWAP,16.079999923706055,0.0
SMMT,4.0,VWAP,15.15999984741211,60.63999938964844
ASO,-2.0,VWAP,49.540000915527344,-99.08000183105469
WGS,0.0,VWAP,82.58000183105469,0.0
CPNG,4.0,VWAP,16.360000610351562,65.44000244140625
LBRX,0.0,VWAP,45.994998931884766,0.0
MLTX,-3.0,VWAP,17.639999389648438,-52.91999816894531
AMAL,0.0,VWAP,50.90999984741211,0.0
ACHR,28.0,VWAP,6.210000038146973,173.88000106811523
MAX,1.0,VWAP,13.0,13.0
OUST,0.0,VWAP,46.04999923706055,0.0
GPGI,0.0,VWAP,13.40999984741211,0.0
OWL,7.0,VWAP,12.050000190734863,84.35000133514404
OPFI,-1.0,VWAP,7.300000190734863,-7.300000190734863
PWP,0.0,VWAP,17.420000076293945,0.0
CIFR,5.0,VWAP,17.420000076293945,87.10000038146973
IONQ,0.0,VWAP,44.900001525878906,0.0
CRC,-1.0,VWAP,52.650001525878906,-52.650001525878906
MRVI,14.0,VWAP,5.820000171661377,81.48000240325928
CTO,-1.0,VWAP,21.969999313354492,-21.969999313354492
GBTG,36.0,VWAP,9.449999809265137,340.1999931335449
VTRS,10.0,VWAP,16.280000686645508,162.80000686645508
AI,8.0,VWAP,10.114999771118164,80.91999816894531
GCMG,2.0,VWAP,13.899999618530273,27.799999237060547
CHRD,0.0,VWAP,135.0,0.0
AFRM,0.0,VWAP,73.69999694824219,0.0
CERT,11.0,VWAP,8.0,88.0
CARE,-1.0,VWAP,32.47999954223633,-32.47999954223633
SOFI,3.0,VWAP,18.100000381469727,54.30000114440918
ENVX,22.0,VWAP,4.65500020980835,102.41000461578369
HLMN,3.0,VWAP,8.930000305175781,26.790000915527344
ARKO,-7.0,VWAP,4.489999771118164,-31.42999839782715
GXO,0.0,VWAP,48.400001525878906,0.0
WOOF,47.0,VWAP,2.75,129.25
SMR,10.0,VWAP,9.489999771118164,94.89999771118164
RDW,4.0,VWAP,12.949999809265137,51.79999923706055
CGON,0.0,VWAP,77.25,0.0
NABL,24.0,VWAP,3.309999942779541,79.43999862670898
OSCR,0.0,VWAP,30.020000457763672,0.0
DFH,-2.0,VWAP,14.630000114440918,-29.260000228881836
DRVN,-1.0,VWAP,12.640000343322754,-12.640000343322754
BKV,-1.0,VWAP,25.649999618530273,-25.649999618530273
NVTS,5.0,VWAP,13.774999618530273,68.87499809265137
SHLS,7.0,VWAP,8.279999732971191,57.95999813079834
PCT,11.0,VWAP,7.179999828338623,78.97999811172485
TPL,0.0,VWAP,336.489990234375,0.0
HIPO,-1.0,VWAP,33.31999969482422,-33.31999969482422
APA,0.0,VWAP,39.400001525878906,0.0
GRND,3.0,VWAP,15.930000305175781,47.790000915527344
NRGV,28.0,VWAP,3.9800000190734863,111.44000053405762
BCAX,-3.0,VWAP,24.889999389648438,-74.66999816894531
INDI,35.0,VWAP,3.9600000381469727,138.60000133514404
DAVE,0.0,VWAP,324.510009765625,0.0
BBAI,84.0,VWAP,3.25,273.0
PAYO,38.0,VWAP,7.119999885559082,270.5599956512451
RUM,3.0,VWAP,7.519999980926514,22.55999994277954
DRUG,0.0,VWAP,80.25,0.0
EXE,0.0,VWAP,94.69000244140625,0.0
SOC,21.0,VWAP,4.28000020980835,89.88000440597534
KBDC,-2.0,VWAP,13.699999809265137,-27.399999618530273
SYM,0.0,VWAP,40.86000061035156,0.0
RGTI,2.0,VWAP,18.31999969482422,36.63999938964844
AUR,18.0,VWAP,6.849999904632568,123.29999828338623
HAYW,1.0,VWAP,15.390000343322754,15.390000343322754
PL,0.0,VWAP,23.760000228881836,0.0
DOCN,0.0,VWAP,133.0,0.0
COIN,0.0,VWAP,149.0399932861328,0.0
GROY,38.0,VWAP,3.140000104904175,119.32000398635864
JANX,0.0,VWAP,16.739999771118164,0.0
ALHC,5.0,VWAP,13.59000015258789,67.95000076293945
LUNR,4.0,VWAP,14.289999961853027,57.15999984741211
CLYM,0.0,VWAP,14.579999923706055,0.0
DV,10.0,VWAP,13.350000381469727,133.50000381469727
OGN,11.0,VWAP,13.710000038146973,150.8100004196167
DRS,0.0,VWAP,44.959999084472656,0.0
STGW,0.0,VWAP,9.350000381469727,0.0
MRVL,0.0,VWAP,217.67999267578125,0.0
MLYS,-2.0,VWAP,27.1299991607666,-54.2599983215332
PRVA,1.0,VWAP,21.670000076293945,21.670000076293945
JBI,11.0,VWAP,4.940000057220459,54.34000062942505
ZETA,0.0,VWAP,28.700000762939453,0.0
PAY,0.0,VWAP,40.790000915527344,0.0
VSXY,0.0,VWAP,93.87000274658203,0.0
OKLO,0.0,VWAP,44.91999816894531,0.0
SLDP,53.0,VWAP,2.3399999141693115,124.01999545097351
DTM,0.0,VWAP,135.60000610351562,0.0
GPOR,0.0,VWAP,166.97000122070312,0.0
MQ,0.0,VWAP,15.829999923706055,0.0
WBD,3.0,VWAP,27.760000228881836,83.28000068664551
LFST,4.0,VWAP,12.109999656677246,48.439998626708984
CNM,0.0,VWAP,46.38999938964844,0.0
DJT,10.0,VWAP,8.300000190734863,83.00000190734863
DNUT,59.0,VWAP,3.309999942779541,195.28999662399292
YOU,0.0,VWAP,46.34000015258789,0.0
FA,0.0,VWAP,21.219999313354492,0.0
RYAN,0.0,VWAP,43.220001220703125,0.0
AVBP,0.0,VWAP,30.729999542236328,0.0
ABSI,7.0,VWAP,9.579999923706055,67.05999946594238
PECO,0.0,VWAP,40.22999954223633,0.0
CDRE,0.0,VWAP,33.619998931884766,0.0
PRME,20.0,VWAP,3.2300000190734863,64.60000038146973
CRWV,0.0,VWAP,107.13999938964844,0.0
TSAT,0.0,VWAP,57.349998474121094,0.0
GLXY,3.0,VWAP,21.020000457763672,63.060001373291016
DC,8.0,VWAP,6.150000095367432,49.20000076293945
SLVM,0.0,VWAP,38.959999084472656,0.0
WULF,4.0,VWAP,16.940000534057617,67.76000213623047
BROS,0.0,VWAP,51.41999816894531,0.0
RELY,0.0,VWAP,24.3799991607666,0.0
AMPL,0.0,VWAP,12.399999618530273,0.0
FWRG,0.0,VWAP,12.859999656677246,0.0
LTH,0.0,VWAP,44.47999954223633,0.0
ARIS,0.0,VWAP,17.360000610351562,0.0
RPC,0.0,VWAP,8.930000305175781,0.0
COCO,0.0,VWAP,66.95999908447266,0.0
FLNC,3.0,VWAP,12.970000267028809,38.910000801086426
ARHS,-1.0,VWAP,9.819999694824219,-9.819999694824219
XERS,2.0,VWAP,8.59000015258789,17.18000030517578
KD,5.0,VWAP,13.220000267028809,66.10000133514404
IE,3.0,VWAP,10.609999656677246,31.82999897003174
FBRT,1.0,VWAP,8.119999885559082,8.119999885559082
BTSG,0.0,VWAP,59.79999923706055,0.0
DKNG,1.0,VWAP,25.440000534057617,25.440000534057617
DINO,0.0,VWAP,87.5,0.0
SATL,8.0,VWAP,5.880000114440918,47.040000915527344
CBL,0.0,VWAP,57.650001525878906,0.0
GEV,0.0,VWAP,1043.5,0.0
ACDC,3.0,VWAP,5.579999923706055,16.739999771118164
SLDE,0.0,VWAP,21.360000610351562,0.0
BRBR,2.0,VWAP,10.9399995803833,21.8799991607666
ANGX,17.0,VWAP,3.7300000190734863,63.41000032424927
CRGY,5.0,VWAP,11.90999984741211,59.54999923706055
ASPI,16.0,VWAP,4.289999961853027,68.63999938964844
TPG,0.0,VWAP,51.16999816894531,0.0
FCFS,0.0,VWAP,214.14999389648438,0.0
NCNO,2.0,VWAP,19.209999084472656,38.41999816894531
EE,-1.0,VWAP,35.70000076293945,-35.70000076293945
CEG,0.0,VWAP,279.80999755859375,0.0
BLCO,-1.0,VWAP,16.719999313354492,-16.719999313354492
SEPN,-2.0,VWAP,47.83000183105469,-95.66000366210938
BBUC,0.0,VWAP,28.959999084472656,0.0
RDDT,0.0,VWAP,154.50999450683594,0.0
RXO,1.0,VWAP,23.399999618530273,23.399999618530273
ADTN,11.0,VWAP,8.069999694824219,88.7699966430664
CR,0.0,VWAP,221.63999938964844,0.0
CRBG,0.0,VWAP,33.91999816894531,0.0
SOUN,23.0,VWAP,7.320000171661377,168.36000394821167
FIP,9.0,VWAP,4.519999980926514,40.67999982833862
CXT,0.0,VWAP,52.099998474121094,0.0
QDEL,-1.0,VWAP,14.829999923706055,-14.829999923706055
NN,0.0,VWAP,19.360000610351562,0.0
SOLV,0.0,VWAP,85.72000122070312,0.0
QBTS,1.0,VWAP,20.489999771118164,20.489999771118164
MSGE,0.0,VWAP,87.69999694824219,0.0
J,0.0,VWAP,146.0,0.0
ASST,4.0,VWAP,12.395000457763672,49.58000183105469
AMPX,5.0,VWAP,12.220000267028809,61.10000133514404
VLTO,0.0,VWAP,97.11000061035156,0.0
BHRB,0.0,VWAP,73.94999694824219,0.0
MBLY,36.0,VWAP,8.75,315.0
ZYME,-2.0,VWAP,25.270000457763672,-50.540000915527344
NATL,0.0,VWAP,46.040000915527344,0.0
BAM,0.0,VWAP,54.86000061035156,0.0
ATMU,0.0,VWAP,50.2400016784668,0.0
UHAL.B,-1.0,VWAP,65.41000366210938,-65.41000366210938
VTS,-3.0,VWAP,16.030000686645508,-48.09000205993652
MBC,4.0,VWAP,9.350000381469727,37.400001525878906
GEHC,0.0,VWAP,72.91999816894531,0.0
FG,0.0,VWAP,27.0,0.0
TEAM,0.0,VWAP,155.55999755859375,0.0
KVUE,6.0,VWAP,19.020000457763672,114.12000274658203
HSAI,0.0,VWAP,18.959999084472656,0.0
SVV,-3.0,VWAP,10.720000267028809,-32.160000801086426
PHIN,0.0,VWAP,74.55000305175781,0.0
NNE,1.0,VWAP,19.610000610351562,19.610000610351562
RAPP,0.0,VWAP,48.40999984741211,0.0
KGS,0.0,VWAP,62.189998626708984,0.0
TKO,0.0,VWAP,196.13999938964844,0.0
CLB,0.0,VWAP,12.270000457763672,0.0
SBGI,-3.0,VWAP,13.890000343322754,-41.67000102996826
TIC,4.0,VWAP,10.270000457763672,41.08000183105469
TLN,0.0,VWAP,365.489990234375,0.0
FTRE,0.0,VWAP,18.520000457763672,0.0
APGE,0.0,VWAP,134.58999633789062,0.0
BGC,5.0,VWAP,10.859999656677246,54.29999828338623
BATRK,-1.0,VWAP,53.5,-53.5
USAR,3.0,VWAP,18.25,54.75
FWONA,0.0,VWAP,95.0,0.0
FWONK,0.0,VWAP,103.98999786376953,0.0
HHH,0.0,VWAP,67.18000030517578,0.0
DBD,0.0,VWAP,72.55999755859375,0.0
ZBIO,0.0,VWAP,30.389999389648438,0.0
AAUC,1.0,VWAP,22.31999969482422,22.31999969482422
ALMS,0.0,VWAP,25.59000015258789,0.0
AESI,4.0,VWAP,11.699999809265137,46.79999923706055
LAC,81.0,VWAP,3.359999895095825,272.15999150276184
GRDN,-1.0,VWAP,39.08000183105469,-39.08000183105469
WS,0.0,VWAP,38.529998779296875,0.0
WAY,1.0,VWAP,24.520000457763672,24.520000457763672
CURB,0.0,VWAP,30.329999923706055,0.0
FUN,0.0,VWAP,16.899999618530273,0.0
TBN,0.0,VWAP,36.18000030517578,0.0
SBET,15.0,VWAP,6.179999828338623,92.69999742507935
SIRI,1.0,VWAP,28.56999969482422,28.56999969482422
TE,30.0,VWAP,4.900000095367432,147.00000286102295
NBBK,0.0,VWAP,22.969999313354492,0.0
CORZ,1.0,VWAP,20.610000610351562,20.610000610351562
AHR,0.0,VWAP,53.16999816894531,0.0
PACS,-1.0,VWAP,45.959999084472656,-45.959999084472656
CTRI,0.0,VWAP,23.899999618530273,0.0
ECG,0.0,VWAP,137.05999755859375,0.0
LOAR,0.0,VWAP,73.8499984741211,0.0
UMAC,1.0,VWAP,27.100000381469727,27.100000381469727
BOW,-1.0,VWAP,33.59000015258789,-33.59000015258789
LH,0.0,VWAP,325.0,0.0
INBX,0.0,VWAP,99.94999694824219,0.0
TEM,0.0,VWAP,54.66999816894531,0.0
LB,-1.0,VWAP,75.5,-75.5
SOBO,0.0,VWAP,36.38999938964844,0.0
GRAL,-1.0,VWAP,68.94000244140625,-68.94000244140625
CON,-1.0,VWAP,35.0,-35.0
FIGR,0.0,VWAP,32.130001068115234,0.0
LINE,0.0,VWAP,41.459999084472656,0.0
FERG,0.0,VWAP,246.1699981689453,0.0
CLMT,-1.0,VWAP,46.560001373291016,-46.560001373291016
AMTM,0.0,VWAP,22.65999984741211,0.0
AVR,2.0,VWAP,8.850000381469727,17.700000762939453
BLK,0.0,VWAP,1165.77001953125,0.0
INGM,-1.0,VWAP,28.1299991607666,-28.1299991607666
PRMB,3.0,VWAP,24.68000030517578,74.04000091552734
PRM,0.0,VWAP,34.34000015258789,0.0
SNDK,0.0,VWAP,1339.8299560546875,0.0
FLOC,-3.0,VWAP,23.190000534057617,-69.57000160217285
VG,6.0,VWAP,13.319999694824219,79.91999816894531
BEPC,0.0,VWAP,34.880001068115234,0.0
BIPC,-1.0,VWAP,40.2599983215332,-40.2599983215332
RHLD,0.0,VWAP,130.22999572753906,0.0
SFD,0.0,VWAP,22.600000381469727,0.0
MRP,-1.0,VWAP,29.93000030517578,-29.93000030517578
SAIL,3.0,VWAP,19.010000228881836,57.03000068664551
KRMN,0.0,VWAP,61.11000061035156,0.0
MNTN,-1.0,VWAP,11.930000305175781,-11.930000305175781
NMAX,2.0,VWAP,8.890000343322754,17.780000686645508
SMA,0.0,VWAP,33.869998931884766,0.0
CRCL,0.0,VWAP,70.11000061035156,0.0
LION,4.0,VWAP,11.819999694824219,47.279998779296875
VOYG,-1.0,VWAP,42.9900016784668,-42.9900016784668
RAL,0.0,VWAP,72.77999877929688,0.0
JCAP,-1.0,VWAP,21.290000915527344,-21.290000915527344
RKLB,0.0,VWAP,78.5,0.0
PSKY,11.0,VWAP,9.5,104.5
MH,3.0,VWAP,12.449999809265137,37.34999942779541
VNOM,0.0,VWAP,41.47999954223633,0.0
GEMI,8.0,VWAP,4.159999847412109,33.279998779296875
LGN,0.0,VWAP,66.31999969482422,0.0
EMA,0.0,VWAP,51.099998474121094,0.0
BMNR,2.0,VWAP,17.875,35.75
CBC,0.0,VWAP,33.65999984741211,0.0
BTQ,13.0,VWAP,4.375,56.875
BGSI,0.0,VWAP,105.25,0.0
ALH,0.0,VWAP,27.959999084472656,0.0
BETA,0.0,VWAP,23.770000457763672,0.0
WLTH,3.0,VWAP,9.369999885559082,28.109999656677246
NTSK,4.0,VWAP,15.050000190734863,60.20000076293945
NAVN,1.0,VWAP,28.829999923706055,28.829999923706055
BLLN,0.0,VWAP,97.45999908447266,0.0
STUB,11.0,VWAP,7.050000190734863,77.5500020980835
XZO,0.0,VWAP,15.479999542236328,0.0
KDK,8.0,VWAP,4.210000038146973,33.68000030517578
MPLT,3.0,VWAP,11.920000076293945,35.760000228881836
IMSR,10.0,VWAP,5.889999866485596,58.89999866485596
XXI,10.0,VWAP,4.690000057220459,46.90000057220459
Q,0.0,VWAP,143.8699951171875,0.0
PTRN,2.0,VWAP,22.360000610351562,44.720001220703125
WBI,-2.0,VWAP,31.110000610351562,-62.220001220703125
NP,0.0,VWAP,31.15999984741211,0.0
FRMI,15.0,VWAP,7.099999904632568,106.49999856948853
SOLS,0.0,VWAP,62.209999084472656,0.0
ANDG,0.0,VWAP,45.369998931884766,0.0
WOLF,0.0,VWAP,31.149999618530273,0.0
VSNT,0.0,VWAP,37.880001068115234,0.0
PURR,8.0,VWAP,6.78000020980835,54.2400016784668
MDLN,0.0,VWAP,35.540000915527344,0.0
SUNC,0.0,VWAP,75.48999786376953,0.0
DEC,-1.0,VWAP,14.270000457763672,-14.270000457763672
LMRI,-1.0,VWAP,11.789999961853027,-11.789999961853027
CDNL,0.0,VWAP,36.18000030517578,0.0
LLYVA,0.0,VWAP,102.70999908447266,0.0
LLYVK,0.0,VWAP,106.80999755859375,0.0
ATAI,29.0,VWAP,7.21999979019165,209.37999391555786
PNFP,0.0,VWAP,107.38999938964844,0.0
AKTS,0.0,VWAP,24.3700008392334,0.0
SCZM,-1.0,VWAP,8.529999732971191,-8.529999732971191
EQPT,0.0,VWAP,20.889999389648438,0.0
BTGO,8.0,VWAP,4.670000076293945,37.36000061035156
INDV,0.0,VWAP,39.119998931884766,0.0
LIFE,-1.0,VWAP,33.84000015258789,-33.84000015258789
YSS,2.0,VWAP,10.869999885559082,21.739999771118164
BOBS,3.0,VWAP,18.540000915527344,55.62000274658203
MANE,0.0,VWAP,108.75,0.0
FPS,0.0,VWAP,38.0,0.0
OFRM,-1.0,VWAP,17.530000686645508,-17.530000686645508
EIKN,-4.0,VWAP,10.4399995803833,-41.7599983215332
MWH,1.0,VWAP,31.790000915527344,31.790000915527344
SHAZ,0.0,VWAP,68.45999908447266,0.0
INFQ,2.0,VWAP,11.949999809265137,23.899999618530273
APC,-1.0,VWAP,18.979999542236328,-18.979999542236328
GENB,-1.0,VWAP,15.199999809265137,-15.199999809265137
RNA,-2.0,VWAP,12.210000038146973,-24.420000076293945
MDA,0.0,VWAP,35.900001525878906,0.0
MMED,0.0,VWAP,20.649999618530273,0.0
SUNB,0.0,VWAP,80.25,0.0
JAN,0.0,VWAP,29.479999542236328,0.0
XNDU,0.0,VWAP,10.529999732971191,0.0
OGC,0.0,VWAP,28.280000686645508,0.0
TRAX,-1.0,VWAP,46.150001525878906,-46.150001525878906
KEEL,45.0,VWAP,3.4649999141693115,155.92499613761902
RMIX,0.0,VWAP,19.170000076293945,0.0
AYA,-1.0,VWAP,27.239999771118164,-27.239999771118164
AVLN,-1.0,VWAP,37.47999954223633,-37.47999954223633
XE,0.0,VWAP,23.100000381469727,0.0
HAWK,1.0,VWAP,24.200000762939453,24.200000762939453
ALMR,-1.0,VWAP,33.22999954223633,-33.22999954223633
YSWY,-3.0,VWAP,23.760000228881836,-71.28000068664551
ODTX,-2.0,VWAP,21.670000076293945,-43.34000015258789
SPTX,0.0,VWAP,24.239999771118164,0.0
PS,-1.0,VWAP,37.15999984741211,-37.15999984741211
KLRA,0.0,VWAP,18.6200008392334,0.0
MAIR,1.0,VWAP,32.0,32.0
AVEX,0.0,VWAP,21.59000015258789,0.0
ARXS,0.0,VWAP,58.099998474121094,0.0
COAG,0.0,VWAP,54.7400016784668,0.0
NHP,-1.0,VWAP,16.149999618530273,-16.149999618530273
BOT,0.0,VWAP,31.600000381469727,0.0
NVRI,-1.0,VWAP,20.68000030517578,-20.68000030517578
FAC,1.0,VWAP,5.849999904632568,5.849999904632568
EROC,2.0,VWAP,14.90999984741211,29.81999969482422
ITG,0.0,VWAP,13.550000190734863,0.0
TRLV,0.0,VWAP,9.149999618530273,0.0
LFTO,-2.0,VWAP,23.84000015258789,-47.68000030517578
LIME,-2.0,VWAP,37.560001373291016,-75.12000274658203
PBLS,-1.0,VWAP,37.66999816894531,-37.66999816894531
IQMX,1.0,VWAP,9.34000015258789,9.34000015258789
FRVO,1.0,VWAP,20.709999084472656,20.709999084472656
KARD,-1.0,VWAP,22.030000686645508,-22.030000686645508
FDXF,0.0,VWAP,142.02000427246094,0.0
HONA,0.0,VWAP,166.8000030517578,0.0
BXDC,0.0,VWAP,20.450000762939453,0.0
GMRS,-2.0,VWAP,12.890000343322754,-25.780000686645508
LCLN,-3.0,VWAP,24.920000076293945,-74.76000022888184
FRBT,-3.0,VWAP,19.709999084472656,-59.12999725341797
SPCX,0.0,VWAP,143.75,0.0
SSMR,-5.0,VWAP,16.56999969482422,-82.8499984741211
QNT,0.0,VWAP,69.66000366210938,0.0
XOM,0.0,VWAP,158.02999877929688,0.0
SECZ,3.0,VWAP,5.849999904632568,17.549999713897705
MFP,0.0,VWAP,44.040000915527344,0.0
BRUN,0.0,VWAP,22.420000076293945,0.0
AADX,0.0,VWAP,19.149999618530273,0.0
MBGL,1.0,VWAP,19.75,19.75
TGLS,-1.0,VWAP,42.5099983215332,-42.5099983215332
CBRS,0.0,VWAP,220.0,0.0
STDN,3.0,VWAP,11.329999923706055,33.989999771118164
GFUZ,1.0,VWAP,8.359999656677246,8.359999656677246
CSQR,1.0,VWAP,23.040000915527344,23.040000915527344
CLBK,10.0,VWAP,11.555000305175781,115.55000305175781
FRNM,6.0,VWAP,11.729999542236328,70.37999725341797
JMKE,1.0,VWAP,22.829999923706055,22.829999923706055
IOND,0.0,VWAP,63.119998931884766,0.0
